set_num,name,year,theme_id,num_parts
001-1,Gears,1965,1,43
0011-2,Town Mini-Figures,1979,67,12
0011-3,Castle 2 for 1 Bonus Offer,1987,199,0
0012-1,Space Mini-Figures,1979,143,12
0013-1,Space Mini-Figures,1979,143,12
0014-1,Space Mini-Figures,1979,143,12
0015-1,Space Mini-Figures,1979,143,18
0016-1,Castle Mini Figures,1979,189,15
002-1,4.5V Samsonite Gears Motor Set,1965,1,3
002253963-1,Legend of Chima: Corbeaux et Gorilles,2013,497,4
003-1,Master Mechanic Set,1966,366,403
005-1,Basic Building Set in Cardboard,1965,366,35
005-2,Discovery Set,1967,366,0
00-6,Special Offer,1985,67,0
010-1,Basic Building Set in Cardboard,1965,366,57
010-3,Basic Building Set,1968,366,77
011-1,Basic Building Set,1968,366,145
021-1,Wheel Set,1966,366,183
022-1,Basic Building Set,1968,366,110
0241187567-1,Ninjago: Build Your Own Adventure,2015,497,74
0241357594-1,Star Wars: Build Your Own Adventure: Galactic Missions,2019,497,70
028-1,Nursery Furniture,1979,652,7
030-2,Building Set,1973,505,29
03093-1,The Race to Build It Board Game,1999,674,77
032-1,Living Room,1979,652,14
033-1,Farm Animals,1979,632,21
033-2,Basic Building Set,1968,366,177
041-1,Pre-School Beginners Set,1964,440,24
041-2,Playhouse,1979,652,1
042-1,Jumbo Brick Pull Toy,1966,440,9
044-1,Basic Building Set,1968,366,225
044-2,Jumbo Bricks,1969,440,30
045-1,Farm,1979,632,66
045-2,Assorted Clear Bricks & Plates,1969,371,37
050-2,Lighting Device Pack,1969,371,4
051-1,Assorted Basic Bricks - Red,1966,371,50
052-1,Assorted Basic Bricks - White,1966,371,50
053-1,Assorted Basic Bricks - Blue,1966,371,50
054-1,Assorted Basic Bricks - Yellow,1966,371,50
055-1,Trees & Bushes,1966,371,25
055-2,Basic Building Set,1968,366,256
057-1,Large Wheels,1966,371,17
058-1,Small Wheels,1966,371,26
060-1,Assorted White Plates,1966,371,15
060-3,Jumbo Brick School Set,1968,440,60
061-1,Five Large Base Plates - Green,1966,371,5
062-1,Five Large Base Plates - White,1966,371,5
063-1,Five Large Base Plates - Blue,1966,371,5
063-2,Ducks,1978,505,18
065-1,Two Garage Door Kits,1969,371,6
066-1,Basic Building Set,1968,366,407
071-1,Block Box,1979,505,24
074-1,Pre-School Set,1976,505,20
075-1,Pre-School Set,1975,505,17
0751359483-1,The Ultimate LEGO Book,1999,497,0
0756668530-1,Atlantis: Brickmaster,2010,497,157
0756672805-1,Pirates: Brickmaster,2009,497,162
0756682762-1,Ninjago: Brickmaster,2011,497,154
0756692571-1,Harry Potter: Characters of the Magical World,2012,497,4
077-1,Pre-School Set,1975,505,21
078-1,Roadway Base Plate,1970,371,1
080-1,Basic Building Set with Train,1967,366,712
080-3,Police Station,1976,505,25
082-1,Legoville,1976,505,63
086-1,Tub Boat,1978,632,3
088-1,Super Set,1969,469,615
10000-1,Guarded Inn,2001,199,256
10000549412-1,Jurassic World - PC DVD,2015,501,0
1000-1,Mosaic Set,1985,516,203
10001-1,Metroliner,2001,233,787
10002-1,Railroad Club Car,2001,233,293
1000229927-1,Harry Potter: Years 5-7 - PS Vita,2012,501,0
10003-1,1 x 2 Sand Red Bricks,2001,254,100
1000368666-1,Batman the Videogame - PSP,2008,501,0
10004-1,2 x 2 Sand Red Bricks,2001,254,100
1000430096-8,Marvel Super Heroes - PS4,2013,501,0
10005-1,2 x 4 Sand Red Bricks,2001,254,50
1000565140-1,Jurassic World - Xbox One,2015,501,0
1000565190-1,Jurassic World - PS Vita鈥?2015,501,0,https://cdn.rebrickable.com/media/sets/1000565190-1.jpg
1000565740-1,Marvel Avengers - Xbox One,2016,501,0
1000565742-1,Marvel Avengers - PS4,2016,501,0
1000565765-1,Marvel Avengers - PS Vita鈥?2016,501,0,https://cdn.rebrickable.com/media/sets/1000565765-1.jpg
1000565897-5,Marvel Super Heroes - Xbox One,2013,501,0
1000577871-1,Marvel Avengers - PC,2016,501,0
1000591519-1,Star Wars: The Force Awakens - 3DS,2016,501,0
1000591524-1,Star Wars: The Force Awakens - PS Vita,2016,501,0
1000598000-1,Star Wars: The Force Awakens Deluxe Edition - PS3,2016,501,0
1000600263-1,Star Wars: The Force Awakens - PS3,2016,501,0
10006-1,1 x 6 Sand Red Bricks,2001,254,50
1000629598-1,Harry Potter Collection - PS4,2016,501,0
1000643461-1,Marvel Super Heroes 2 - Xbox One,2017,501,0
1000648795-1,Marvel Super Heroes 2 - PS4,2017,501,0
1000692713-1,Marvel Super Heroes 2 - Nintendo Switch,2017,501,0
1000704831-2,The Incredibles - Nintendo Switch,2019,501,0
1000704832-13,The Incredibles - PS4,2019,501,0
1000709804-1,DC Super-Villains - Nintendo Switch,2018,501,0
1000709806-1,DC Super-Villains - PS4,2018,501,0
1000709807-1,The Incredibles - Xbox One,2019,501,0
10007-1,2 x 4 Sand Red Ridge Roof Tiles Steep Slope,2001,254,25
1000724950-1,Harry Potter Collection - Xbox One,2016,501,0
1000724951-1,Harry Potter Collection - Nintendo Switch,2016,501,0
1000739974-1,The LEGO Movie 2 Videogame - Nintendo Switch,2019,501,0
1000739975-1,The LEGO Movie 2 Videogame - PS4,2019,501,0
1000739976-1,The LEGO Movie 2 Videogame - Xbox One,2019,501,0
1000746530-1,Jurassic World - Nintendo Switch,2015,501,0
10008-1,2 x 4 Roof Tile Sand Red,2001,254,50
10009-1,Assorted Blue Bricks,2001,254,62
100-1,4.5V Motor with Wheels (Small Version),1966,235,16
10010-1,Assorted Yellow Bricks,2003,254,63
10011-1,Assorted Blue Plates,2001,254,42
10012-1,Assorted Yellow Plates,2001,254,42
10013-1,Open Freight Wagon,2001,236,121
10014-1,Caboose,2001,236,170
10015-1,Passenger Wagon,2001,236,194
10016-1,Tanker,2001,236,128
10017-1,Hopper Wagon,2001,236,228
10018-1,Darth Maul,2001,171,1868
10019-1,Rebel Blockade Runner,2001,171,1748
100-2,4.5V Motor with Wheels (Large Version),1966,235,27
10020-1,Santa Fe Super Chief,2002,236,435
10020-2,Santa Fe Super Chief - Limited Edition,2002,236,441
10021-1,U.S.S. Constellation,2003,404,975
10022-1,"Santa Fe Cars - Set II (dining, observation, or sleeping car)",2002,236,411
10023-1,Master Builder Set,2002,324,111
10024-1,Red Baron,2002,673,670
10025-1,Santa Fe Cars - Set I (mail or baggage car),2002,236,326
10026-1,Naboo Starfighter,2002,171,188
10027-1,Train Engine Shed,2003,105,670
10029-1,Lunar Lander,2003,387,469
10030-1,Imperial Star Destroyer,2002,171,3116
10036-1,Pizza To Go,2002,50,151
10037-1,Breezeway Cafe,2002,50,195
10039-1,Black Falcon's Fortress,2002,187,430
10040-1,Black Seas Barracuda,2002,148,916
10041-1,Main Street,2003,50,640
10042-1,American Flag,2003,206,35
10043-1,2x2 Electrical Plate,2002,254,1
10044-1,Windows and Doors,2002,254,44
10045-1,Pillars and Beams,2002,254,13
10046-1,Brown Tiles,2002,254,100
10047-1,Light Gray Arches,2002,254,36
10048-1,Small Wheels and Axles,2002,254,61
10049-1,Large Wheels and Axles,2002,254,31
10050-1,Gray Fences,2002,254,34
10051-1,Transparent Bricks,2002,254,50
10052-1,Intelligent Locomotive (Explore),2003,634,7
10053-1,Black Slopes 33,2003,254,44
10054-1,Black Slopes 33 3 x 2 and 3 x 4,2003,254,68
10055-1,Black Slopes 33 3 x 1 and 3 x 3,2003,254,50
10056-1,White Plates 2 x n,2002,254,56
10057-1,Black Plates 2 x n,2002,254,56
10058-1,Red Plates 2 x n,2002,254,56
10059-1,Dark Green Plates 2 x n,2002,254,56
10060-1,Light Gray Plates 2 x n,2002,254,56
10061-1,Black Plates 1 x n,2002,254,84
10062-1,Red Plates 1 x n,2002,254,84
10063-1,Dark Green Plates 1 x n,2002,254,84
10064-1,Light Gray Plates 1 x n,2002,254,84
10065-1,White Plates 1 x n,2002,254,84
10066-1,Castle Accessories,2002,255,41
10067-1,Mini-Fig Headgear,2002,254,53
10068-1,Santa Claus,2002,227,39
10069-1,Christmas Tree,2002,227,33
10070-1,Reindeer,2002,227,26
10071-1,Mr. Bunny,2003,229,25
10072-1,TECHNIC Beams,2003,256,56
10073-1,Bushes,2003,256,130
10074-1,Cross Axles,2003,256,68
10075-1,Spider-Man Action Pack,2002,706,25
10076-1,TECHNIC Gear Wheels,2002,256,40
10077-1,TECHNIC Motor,2003,256,55
10078-1,Train Connection Wire,2003,257,1
10079-1,Snowman,2003,227,42
10080-1,Angel,2003,227,33
10081-1,Birthday Pack Heart,2004,500,70
10082-1,Birthday Pack Daisy,2004,500,70
10083-1,Birthday Pack Star,2004,500,70
10090-1,Turkey,2003,231,54
100STORES-1,100 LEGO Stores North America,2019,408,5
10106-1,Snowflake,2006,227,107
101-1,4.5V Battery Case,1969,235,1
1011-1,Number/Symbol Blocks,1976,516,100
10111-1,Foliferous Tree,2001,254,10
10112-1,Bush,2001,254,25
10113-1,Cypress Trees,2001,254,5
10114-1,2 x 2 Sand Red Roof Tiles,2001,254,100
10115-1,Jumper Bricks,2001,254,80
10116-1,Accessories Heart,2004,500,50
10117-1,Accessories Daisy,2004,500,50
10118-1,Accessories Star,2004,500,50
101-2,Imagination Set 1,1971,366,298
10121-1,NBA Basketball Teams,2003,459,20
10123-1,Cloud City,2003,171,707
10124-1,Wright Flyer,2003,673,663
10127-1,NHL Action Set with Stickers,2003,461,59
10128-1,Train Level Crossing,2003,105,327
10129-1,Rebel Snowspeeder,2003,171,1457
101-3,4.5V Battery Case,1966,235,1
1013-1,Numbers (6 Symbols),1985,516,0
10131-1,TIE Fighter Collection,2004,171,685
10132-1,Motorized Hogwarts Express,2004,246,713
10133-1,Burlington Northern Santa Fe Locomotive,2004,236,409
10134-1,Y-wing Attack Starfighter,2004,171,1490
10135-1,Holiday Decoration Kit,2004,500,282
1014-1,Universal Joints,1982,453,16
1014-2,Mosaic Set - Domestic Animals,1985,516,80
10143-1,Death Star II,2005,171,3461
10144-1,Sandcrawler,2005,171,1682
10145-1,Assorted Light Gray Bricks,2004,254,124
10146-1,Assorted Dark Gray Bricks,2004,254,62
10147-1,Assorted Brown Bricks,2004,254,62
10148-1,Assorted Light Gray Plates,2004,254,84
10149-1,Assorted Dark Gray Plates,2004,254,42
10150-1,Assorted Brown Plates,2004,254,42
1015-1,Letters Large,1982,516,192
10151-1,Hot Rod,2004,278,422
10152-1,Maersk Sealand Container Ship 2004 Edition,2004,673,988
10152-2,Maersk Sealand Container Ship 2005 Edition,2005,673,988
10152-3,Maersk Line Container Ship 2006 Edition,2006,673,988
10153-1,Electric Train Motor 9V (My Own Train),2002,236,3
10155-1,Maersk Line Container Ship 2010 Edition,2010,673,990
10156-1,LEGO Truck,2004,50,105
10157-1,High Speed Train Locomotive,2004,105,143
10158-1,High Speed Train Car,2004,105,161
10159-1,City Airport,2004,53,914
10159-2,City Airport (Full Size Image Box),2004,50,914
10160-1,Black Ridge Roof Tiles,2004,254,48
10161-1,Black Roof Tiles,2004,254,76
10162-1,Red Ridge Tiles,2004,254,48
10163-1,Red Roof Tiles,2004,254,76
10165-1,Elf Boy,2004,227,27
10166-1,Elf Girl,2004,227,31
10167-1,Brickmaster Welcome Kit,2004,301,182
10168-1,Mrs. Bunny,2005,229,64
10169-1,Chicken & Chicks,2005,229,61
10170-1,TTX Intermodal Double-Stack Car,2005,236,366
1017-1,Letter Bricks for Wall Board,1976,516,150
10173-1,Holiday Train,2006,673,969
10174-1,Imperial AT-ST,2006,171,1069
10175-1,Vader's TIE Advanced,2006,171,1212
10176-1,Royal King's Castle,2006,197,877
10177-1,Boeing 787 Dreamliner,2006,673,1197
10178-1,Motorized Walking AT-AT,2007,171,1137
10179-1,Millennium Falcon,2007,171,5197
10181-1,Eiffel Tower 1:300,2007,673,3428
10182-1,Cafe Corner,2007,155,2058
10183-1,Hobby Train,2007,397,1080
10184-1,Town Plan,2008,104,2017
10185-1,Green Grocer,2008,155,2358
10186-1,General Grievous,2008,171,1085
10187-1,Volkswagen Beetle,2008,673,1626
10188-1,Death Star,2008,171,3809
10189-1,Taj Mahal,2008,673,5922
10190-1,Market Street,2007,155,1250
1019-1,Mosaic Set - Lion,1986,516,18
10191-1,Star Justice,2008,397,893
10192-1,Space Skulls,2008,397,957
10193-1,Medieval Market Village,2009,193,1619
10194-1,Emerald Night,2009,673,1089
10195-1,Republic Dropship with AT-OT,2009,171,1758
10196-1,Grand Carousel,2009,673,3261
10197-1,Fire Brigade,2009,155,2236
10198-1,Tantive IV,2009,171,1408
10199-1,Winter Toy Shop,2009,227,815
10月2日,Universal Building Set,1976,469,129
10200-1,Custom Car Garage,2008,397,894
1020-1,Basic Bricks,1985,516,86
10201-1,Takutanuva,2003,324,1
10202-1,Ultimate Dume (Limited Edition with Exclusive Mask Of Power),2004,324,3
10202-2,Ultimate Dume,2004,324,0
10203-1,Voporak,2005,324,0
10204-1,Vezon & Kardas,2006,324,0
10205-1,Locomotive,2002,236,234
102-1,4.5V Motor Set,1968,235,24
10210-1,Imperial Flagship,2010,153,1668
1021-1,Basic Vehicles,1985,516,93
10211-1,Grand Emporium,2010,155,2187
10212-1,Imperial Shuttle,2010,171,2503
10213-1,Shuttle Adventure,2010,673,1204
10213sup-1,Supplemental Pack for Shuttle Adventure Set 10213,2010,443,29
10214-1,Tower Bridge,2010,673,4295
10215-1,Obi-Wan's Jedi Starfighter,2010,171,676
10216-1,Winter Village Bakery,2010,227,687
10217-1,Diagon Alley,2011,246,2032
10218-1,Pet Shop,2011,155,2034
10219-1,Maersk Container Train,2011,673,1233
102-2,Imagination Basic Set 2,1971,366,0
10220-1,Volkswagen T1 Camper Van,2011,673,1332
1022-1,Mini Basic Bricks,1985,516,30
10221-1,Super Star Destroyer,2011,171,3152
10222-1,Winter Village Post Office,2011,227,822
10223-1,Kingdoms Joust,2012,196,1575
10224-1,Town Hall,2012,155,2772
10225-1,R2-D2,2012,171,2127
10226-1,Sopwith Camel,2012,673,879
10227-1,B-wing Starfighter,2012,171,1487
10228-1,Haunted House,2012,558,2064
10229-1,Winter Village Cottage,2012,227,1492
102-3,Super Value Set,1969,411,102
10230-1,Mini Modulars,2012,156,1356
1023-1,Red Baseplate,1985,516,1
10231-1,Shuttle Expedition,2011,673,1230
10232-1,Palace Cinema,2013,155,2194
10233-1,Horizon Express,2013,673,1351
10234-1,Sydney Opera House,2013,673,2989
10235-1,Winter Village Market,2013,228,1261
10236-1,Ewok Village,2013,171,1990
10237-1,The Tower of Orthanc,2013,566,2362
10240-1,Red Five X-Wing Starfighter,2013,171,1558
1024-1,Animals,1985,516,32
10241-1,Maersk Line Triple-E,2014,673,1518
10242-1,MINI Cooper,2014,673,1077
10242-2,MINI Cooper (Late 2015 Re-Issue),2015,673,1077
10243-1,Parisian Restaurant,2014,155,2470
10244-1,Fairground Mixer,2014,673,1745
10245-1,Santa鈥檚 Workshop,2014,228,884
1024601-1,Adventurers Value Pack,2001,297,1
10246-1,Detective鈥檚 Office,2015,155,2262
10247-1,Ferris Wheel,2015,673,2464
10248-1,Ferrari F40,2015,673,1158
10249-1,Winter Toy Shop,2015,228,898
10250-1,Year Of The Snake,2013,206,243
1025-1,Figures and Furniture,1985,516,35
10251-1,Brick Bank,2016,155,2384
10252-1,Volkswagen Beetle,2016,673,1167
10253-1,Big Ben,2016,673,4167
10254-1,Winter Holiday Train,2016,228,735
10255-1,Assembly Square,2017,155,4002
10256-1,Taj Mahal,2017,673,5923
10257-1,Carousel,2017,673,2670
10258-1,London Bus,2017,673,1686
10259-1,Winter Village Station,2017,228,902
10260-1,Downtown Diner,2018,155,2480
1026-1,Playhouse Boxes,1985,516,2
10261-1,Roller Coaster,2018,673,4080
10262-1,James Bond Aston Martin DB5,2018,673,1297
10263-1,Winter Village Fire Station,2018,228,1166
10264-1,Corner Garage,2019,155,2569
10265-1,Ford Mustang,2019,673,1471
10266-1,NASA Apollo 11 Lunar Lander,2019,673,1087
10267-1,Gingerbread House,2019,228,1477
10268-1,Vestas Wind Turbine,2018,673,834
10269-1,Harley-Davidson Fat Boy,2019,673,1023
10270-1,Bookshop,2020,155,2504
1027-1,Vehicles,1985,516,32
10271-1,Fiat 500,2020,673,960
10272-1,Old Trafford - Manchester United,2020,673,3898
10273-1,Haunted House,2020,721,3232
10274-1,ECTO-1,2020,721,2352
10275-1,Elf Club House,2020,227,1197
10276-1,Colosseum,2020,721,9036
10277-1,Crocodile Locomotive,2020,721,1279
10278-1,Police Station,2021,155,2924
10279-1,Volkswagen T2 Camper Van,2021,721,2207
10280-1,Flower Bouquet,2021,721,756
1028-1,6 x 12 Base Bricks,1985,516,6
10281-1,Bonsai,2021,721,878
10282-1,adidas Originals Superstar,2021,721,731
10282-2,Footshop x Adidas Originals Superstar 'Blueprinting' Bundle,2021,721,0
10283-1,NASA Space Shuttle Discovery,2021,721,2355
10284-1,Camp Nou - FC Barcelona,2021,721,5509
10285-1,Compass Sensor for Mindstorms NXT,2011,259,1
10287-1,Intelligent NXT Brick (Black),2009,259,1
10289-1,Bird of Paradise,2021,721,1173
10290-1,Pickup Truck,2021,721,1678
1029-1,Milk Delivery Truck - Tine,1999,50,91
10291-1,Queer Eye: The Fab 5 Loft,2021,721,974
10292-1,Friends - The Apartments,2021,721,2048
10293-1,Santa's Visit,2021,227,1445
10294-1,Titanic,2021,721,9092
10295-1,Porsche 911 Turbo & 911 Targa,2021,721,1458
10297-1,Boutique Hotel,2022,155,3068
10298-1,Vespa 125,2022,721,1107
10299-1,Real Madrid 鈥?Santiago Bernab茅u Stadium,2022,721,5876
102A-1,Front-End Loader,1970,416,64
102A-2,Front-End Loader,1970,416,56
10月3日,Locomotive Wheels,1977,456,8
10300-1,Back to the Future Time Machine,2022,721,1872
1030-1,TECHNIC I: Simple Machines Set,1985,1,211
10302-1,Optimus Prime,2022,721,1508
10303-1,Loop Coaster,2022,721,3756
10304-1,Chevrolet Camaro Z/28 1969,2022,721,1456
10305-1,Lion Knight's Castle,2022,721,4515
10306-1,Atari 2600,2022,721,2529
10309-1,Succulents,2022,721,771
103-1,4.5V Motor Set with Rubber Tracks,1969,473,24
1031-1,Building Cards - 1030,1983,532,20
10311-1,Orchid,2022,721,608
103-2,Imagination Set 3,1971,366,568
1032-1,TECHNIC II Set {4.5v},1985,507,280
1033-1,Building Cards - 1032,1985,532,20
1034-1,Teachers Resource Set,1985,532,1534
1038-1,ERBIE the Robo-Car,1985,1,120
1039-1,Manual Control Set 1,1986,1,39
1040-1,Farm (with Picture Book),1991,516,88
10401-1,Rainbow Fun,2018,621,85
1040-2,Farm Set,1986,516,88
10402-1,Fun Future,2018,621,186
1040-3,Universal Building Set,1976,504,126
10403-1,World Fun,2018,621,295
10404-1,Ocean's Bottom,2018,621,579
10405-1,Mission to Mars,2018,621,871
104-1,Replacement 4.5V Motor,1970,235,1
1041-1,Harbor,1986,516,77
1041-2,Universal Building Set,1980,516,126
1042-1,Community People,1986,516,12
1043-1,Farm Animals (and Fences),1986,516,30
1044-1,Community Vehicles,1986,516,35
1045-1,Industrial Elements,1986,516,20
1045-2,Educational LEGO Building Set,1976,511,683
1046-1,Train Set,1985,516,65
1047-1,Extra Track,1986,516,12
1048-1,Bridge and Crossing Tracks,1986,516,15
1049-1,Ships - 247 elements and 1 poster,1985,510,238
10497-1,Galaxy Explorer,2022,721,1254
10500-1,Horse Stable,2013,632,44
1050-1,Basic Pack,1986,534,381
10501-1,Zoo friends,2013,632,5
10502-1,Zoo Bus,2013,632,19
10503-1,Circus Show,2013,632,25
10504-1,My First Circus,2013,632,62
10505-1,Play House,2013,652,83
10506-1,Train Accessory Set,2013,634,24
10507-1,My First Train Set,2013,634,52
10508-1,Deluxe Train Set,2013,634,134
10509-1,Dusty and Chug,2013,627,16
105-1,Canada Post Truck,1984,67,65
10510-1,Ripslinger's Air Race,2013,627,40
10511-1,Skipper's Flight School,2013,627,53
10512-1,Jake's Treasure Hunt,2013,638,22
10513-1,Never Land Hideout,2013,638,37
10514-1,Jake's Pirate Ship Bucky,2013,638,56
10515-1,Ariel's Undersea Castle,2013,640,39
10516-1,Ariel's Magical Boat Ride,2012,640,30
10517-1,My First Garden,2013,632,38
10518-1,My First Construction Site,2013,632,43
10519-1,Garbage Truck,2013,632,16
105-2,Building Set,1973,469,150
10520-1,Big Front Loader,2013,632,12
10521-1,Baby Calf,2014,632,9
10522-1,Farm Animals,2014,632,12
10524-1,Farm Tractor,2014,632,29
10525-1,Big Farm,2014,632,120
10526-1,Peter Pan's Visit,2014,638,39
10527-1,Ambulance,2014,632,14
10528-1,School Bus,2014,632,26
10529-1,Truck,2014,632,16
1053-1,Community Buildings,1984,533,899
10531-1,Mickey Mouse and Friends,2012,641,65
10532-1,My First Police Set,2014,632,39
10538-1,Fire and Rescue Team,2014,627,30
10539-1,Beach Racing,2014,638,37
1054-1,Stena Line Ferry,1999,471,212
10542-1,Sleeping Beauty's Fairy Tale,2014,640,55
10543-1,Superman Rescue,2014,653,19
10544-1,The Joker Challenge,2014,653,40
10545-1,Batcave Adventure,2014,653,59
10546-1,My First Shop,2014,632,39
10550-1,Circus Transport,2013,632,9
10552-1,Creative Cars,2013,632,41
10553-1,Toddler Build and Play Cubes,2013,505,17
10554-1,Toddler Build and Pull Along,2013,505,15
10555-1,Creative Bucket,2013,505,65
10556-1,Creative Chest,2013,505,106
10557-1,Giant Tower,2013,505,200
10558-1,Number Train,2013,504,31
10559-1,A Fairy Tale,2013,505,16
10560-1,Peekaboo Jungle,2013,505,14
1056-1,Basic School Pack - 773 elements with teacher's manual,1985,534,785
10561-1,Toddler Starter Building Set,2013,505,37
10565-1,Creative Suitcase,2014,505,135
10566-1,Creative Picnic,2014,504,53
10567-1,Toddler Build and Boat Fun,2014,504,18
10568-1,Knight Tournament,2014,647,16
10569-1,Treasure Attack,2014,647,46
10570-1,All-in-One-Gift-Set,2014,505,30
10571-1,All-in-One-Pink-Box-of-Fun,2014,505,65
10572-1,All-in-One-Box-of-Fun,2014,505,65
10573-1,Creative Animals,2014,504,25
10574-1,Creative Ice Cream,2014,504,24
10575-1,Creative Building Cube,2014,505,75
10576-1,Zoo Care,2014,632,9
10577-1,Big Royal Castle,2014,647,135
10579-1,Clubhouse Caf茅,2014,641,17
10580-1,Deluxe Box of Fun,2014,505,95
10581-1,Forest: Ducks,2015,504,13
10582-1,Forest: Animals,2015,504,39
10583-1,Forest: Fishing Trip,2015,504,32
10584-1,Forest: Park,2015,504,105
10585-1,Mom and Baby,2015,632,13
10586-1,Ice Cream Truck,2015,632,11
10587-1,Caf茅,2015,632,52
10589-1,Rally Car,2015,632,13
10590-1,Airport,2015,632,29
10591-1,Fire Boat,2015,632,19
10592-1,Fire Truck,2015,632,26
10593-1,Fire Station,2015,632,105
10594-1,Sofia鈥檚 Royal Stable,2015,639,38
10595-1,Sofia鈥檚 Royal Castle,2015,639,87
10596-1,Disney Princess Collection,2015,640,63
10597-1,Birthday Parade,2015,641,24
10599-1,Batman Adventure,2015,653,47
10600-1,Classic Race,2015,506,29
1060-1,Road Plates and Signs,1981,533,30
10601-1,Delivery Vehicle,2015,632,19
10602-1,Camping,2015,632,38
10603-1,My First Bus,2015,632,17
10604-1,Treasure Island,2015,638,25
10605-1,Rosie the Ambulance,2015,648,16
10606-1,Backyard Clinic,2015,648,39
10607-1,Spider-Man Web-Bike Workshop,2015,630,13
10608-1,Spider-Man Spider Truck Adventure,2015,630,28
106-1,UNICEF Van,1985,67,59
1061-1,Single Disk Pack,2000,20,0
10615-1,My First Tractor,2015,632,12
10616-1,My First Playhouse,2015,652,25
10617-1,My First Farm,2015,632,26
10618-1,Creative Building Box,2015,505,70
1062-1,Town Vehicles,1980,533,179
10622-1,Large Creative Box,2015,505,193
10623-1,Basic Bricks Large,2015,505,60
1063-1,Community Workers,1985,533,169
1064-1,Dacta Buildings,1981,533,419
1065-1,House Accessories - 182 elements,1985,534,196
10654-1,XL Creative Brick Box,2016,621,1600
10655-1,Monster Trucks,2013,35,197
10656-1,My First LEGO Princess,2013,35,88
10657-1,My First LEGO Set,2013,35,148
10659-1,Blue Suitcase,2013,35,152
10659-2,Red Suitcase,2014,591,152
10660-1,Pink Suitcase,2013,591,157
1066-1,36 Little People + Accessories,1982,533,174
10661-1,My First LEGO Fire Station,2013,35,90
10662-1,Creative Bucket,2013,35,607
10663-1,Creative Chest,2013,35,608
10664-1,Creative Tower,2013,35,1600
10665-1,Spider-Man: Spider-Car Pursuit,2014,596,55
10666-1,Digger,2014,591,75
10667-1,Construction,2014,591,160
10668-1,Princess Play Castle,2014,591,150
10669-1,Turtle Lair,2014,591,107
1067-1,Community Vehicles,1985,507,257
10671-1,Fire Emergency,2014,591,123
10672-1,Batman: Defend the Batcave,2014,592,150
10673-1,Race Car Rally,2014,591,350
10674-1,Pony Farm,2014,591,306
10675-1,Police 鈥?The Big Escape,2014,591,146
10676-1,Knights鈥?Castle,2014,591,480
10677-1,Beach Trip,2015,591,74
10679-1,Pirate Treasure Hunt,2015,591,57
10680-1,Garbage Truck,2015,591,99
1068-1,Air Patrol,1999,87,20
10681-1,Creative Building Cube,2014,35,600
10682-1,Creative Suitcase,2014,35,1017
10683-1,Road Work Truck,2015,591,132
10684-1,Supermarket Suitcase,2015,591,140
10685-1,Fire Suitcase,2015,591,114
10686-1,Family House,2015,591,226
10687-1,Spider-Man Hideout,2015,596,137
1069-1,Speedboat,1999,92,22
10692-1,Creative Bricks,2015,621,221
10693-1,Creative Supplement,2015,621,303
10694-1,Creative Supplement Bright,2015,621,303
10695-1,Creative Building Box,2015,621,580
10696-1,Medium Creative Brick Box,2015,621,484
10697-1,XXXL Box,2015,621,1500
10698-1,Large Creative Brick Box,2015,621,790
10699-1,Sand Baseplate,2015,621,1
10700-1,Green Baseplate,2015,621,1
1070-1,Stunt Flyer,1999,87,20
10701-1,Gray Baseplate,2015,621,1
10702-1,Creative Building Set,2016,621,583
10703-1,Creative Builder Box,2017,621,502
10704-1,Creative Box,2017,621,900
10705-1,Creative Building Basket,2016,621,1000
10706-1,Blue Creative Box,2017,621,78
10707-1,Red Creative Box,2017,621,55
10708-1,Green Creative Box,2017,621,66
10709-1,Orange Creative Box,2017,621,60
107-1,4.5V Motor Set,1976,473,31
1071-1,Bricks 2 x 2 and 2 x 4,1986,516,56
10712-1,Bricks and Gears,2018,621,244
10713-1,Creative Suitcase,2018,621,218
10714-1,Blue Baseplate,2018,621,1
10715-1,Bricks on a Roll,2018,621,442
10717-1,Bricks Bricks Bricks,2018,621,1500
107-2,Canada Post Mail Truck,1985,67,138
10720-1,Police Helicopter Chase,2016,591,63
10721-1,Iron Man vs. Loki,2016,596,66
10722-1,Snake Showdown,2016,597,92
10723-1,Ariel's Dolphin Carriage,2016,593,70
10724-1,Batman & Superman vs. Lex Luthor,2016,592,164
10725-1,Lost Temple,2016,597,172
10726-1,Stephanie's Horse Carriage,2016,595,58
10727-1,Emma's Ice Cream Truck,2016,595,136
10728-1,Mia's Vet Clinic,2016,595,182
10729-1,Cinderella's Carriage,2016,593,116
107-3,4.5V Reversible Power Unit,1971,371,24
10730-1,Lightning McQueen Speed Launcher,2017,615,47
10731-1,Cruz Ramirez Race Simulator,2017,615,59
10732-1,Guido and Luigi's Pit Stop,2017,615,75
10733-1,Mater's Junkyard,2017,615,62
10734-1,Demolition Site,2017,591,175
10735-1,Police Truck Chase,2017,591,90
10736-1,Anna & Elsa's Frozen Playground,2017,591,94
10737-1,Batman vs. Mr. Freeze,2017,592,64
10738-1,Snow White's Forest Cottage,2017,593,67
10739-1,Shark Attack,2017,597,108
10740-1,Fire Patrol Suitcase,2017,591,116
10742-1,Willy's Butte Speed Training,2017,615,95
10743-1,Smokey's Garage,2017,615,124
10744-1,Thunder Hollow Crazy 8 Race,2017,615,191
10745-1,Florida 500 Race Final,2017,615,266
10746-1,Mia's Farm Suitcase,2017,595,106
10747-1,Andrea and Stephanie's Beach Holiday,2017,595,144
10748-1,Emma's Pet Party,2018,595,67
10749-1,Mia's Organic Food Market,2018,595,115
10750-1,Road Repair Truck,2018,591,73
1075-1,LEGO People Supplementary Set,1980,511,256
10751-1,Mountain Police Chase,2018,591,115
10753-1,The Joker Batcave Attack,2018,592,151
10754-1,Spider-Man vs. Scorpion Street Showdown,2018,596,125
10755-1,Zane's Ninja Boat Pursuit,2018,597,132
10756-1,Pteranodon Escape,2018,620,84
10757-1,Raptor Rescue Truck,2018,620,85
10758-1,T. Rex Breakout,2018,620,150
10759-1,Elastigirl's Rooftop Pursuit,2018,591,95
10760-1,Underminer Bank Heist,2018,591,149
1076-1,Advent Calendar 1999,1999,207,229
10761-1,The Great Home Escape,2018,591,178
10762-1,Belle's Story Time,2018,593,87
10763-1,Stephanie's Lakeside House,2018,595,215
10764-1,City Central Airport,2018,591,376
10765-1,Ariel's Underwater Concert,2018,593,92
10766-1,Woody & RC,2019,275,69
10767-1,Duke Caboom's Stunt Show,2019,275,120
10768-1,Buzz and Bo Peep's Playground Adventure,2019,275,139
10769-1,Toy Story 4 RV Vacation,2019,275,178
10770-1,Buzz & Woody's Carnival Mania!,2019,275,230
1077-1,Supplementary Set,1976,528,172
10771-1,Carnival Thrill Coaster,2019,275,98
10772-1,Mickey Mouse's Propeller Plane,2021,608,59
10773-1,Minnie Mouse's Ice Cream Shop,2021,608,100
10774-1,Mickey Mouse & Minnie Mouse's Space Rocket,2021,608,88
10775-1,Mickey Mouse & Donald Duck's Farm,2021,608,118
10776-1,Mickey & Friends Fire Truck & Station,2021,608,144
10777-1,Mickey and Minnie's Camping Trip,2022,608,103
10778-1,"Mickey, Minnie and Goofy's Fairground Fun",2022,608,184
10780-1,Mickey and Friends Castle Defenders,2022,608,216
1078-1,Animal Mosaic Puzzle,1987,516,80
10781-1,Spider-Man鈥檚 Techno Trike,2022,706,59
10782-1,Hulk vs. Rhino Truck Showdown,2022,706,110
10783-1,Spider-Man at Doc Ock鈥檚 Lab,2022,706,131
10784-1,Spider-Man Webquarters Hangout,2022,706,155
1079-1,Animal Mosaic Puzzle,1987,516,80
10801-1,Baby Animals,2016,504,13
10802-1,Savanna,2016,632,18
10803-1,Arctic,2016,504,40
10804-1,Jungle,2016,632,86
10805-1,Around the World,2016,504,163
10806-1,Horses,2016,632,20
10807-1,Horse Trailer,2016,632,15
10808-1,Little Plane,2016,632,13
10809-1,Police Patrol,2016,632,15
108-1,Battery Box,1976,235,1
10810-1,Push Train,2016,634,45
10811-1,Backhoe Loader,2016,632,19
10812-1,Truck & Tracked Excavator,2016,632,26
10813-1,Big Construction Site,2016,632,67
10814-1,Tow Truck,2016,632,28
10815-1,My First Rocket,2016,504,21
10816-1,My First Cars and Trucks,2016,504,39
10817-1,Creative Chest,2016,505,73
10818-1,My First Truck,2016,632,29
10819-1,My First Garden,2016,632,25
10820-1,Creative Building Basket,2016,505,110
10822-1,Sofia鈥檚 Magical Carriage,2016,639,30
10823-1,Batwing Adventure,2017,653,28
10824-1,Miles' Space Adventures,2016,629,23
10825-1,Miles' Exo-Flex Suit,2016,629,37
10826-1,Miles' Stellosphere Hangar,2016,629,44
10827-1,Mickey & Friends Beach House,2016,641,48
10828-1,Doc's Pet Vet Care,2016,648,30
10829-1,Mickey's Workshop,2016,641,18
10830-1,Minnie's Cafe,2016,641,27
1083-1,Supplementary Pack,1986,534,106
10831-1,My First Caterpillar,2016,504,22
10832-1,Birthday Picnic,2017,636,19
10833-1,Preschool,2017,636,39
10834-1,Pizzeria,2017,636,57
10835-1,Family House,2017,636,69
10836-1,Neighborhood (Town Square),2017,636,98
10837-1,Santa's Winter Holiday,2017,504,45
10838-1,Family Pets,2017,636,15
10839-1,Shooting Gallery,2017,504,32
10840-1,Big Fair,2017,504,106
10841-1,Fun Family Fair,2017,504,61
10842-1,Batcave Challenge,2017,653,73
10843-1,Mickey Racer,2017,641,15
10844-1,Minnie Mouse Bow-tique,2017,641,70
10845-1,My First Carousel,2017,504,24
10846-1,Flo's Caf茅,2017,506,28
10847-1,My First Number Train,2017,504,23
10848-1,My First Bricks,2017,505,83
10849-1,My First Plane,2017,504,10
10850-1,My First Cakes,2017,504,8
10851-1,My First Bus,2017,504,6
10852-1,My First Bird,2017,504,7
10853-1,Creative Builder Box,2017,505,78
10854-1,Creative Box,2017,505,120
10855-1,Cinderella's Magical Castle,2017,640,56
10856-1,Mater's Shed,2017,506,23
10857-1,Piston Cup Race,2017,506,31
10858-1,My First Puzzle Pets,2018,504,18
10859-1,My First Ladybug,2018,504,6
10860-1,My First Race Car,2018,504,6
1086-1,Bulk Bucket,2000,505,48
10861-1,My First Emotions,2018,504,28
10862-1,My First Celebration,2018,504,41
10863-1,My First Animal Brick Box,2018,504,34
10864-1,Large Playground Brick Box,2018,504,71
10865-1,Fun Creations,2018,505,70
10867-1,Farmers' Market,2018,632,26
10868-1,Farm Pony Stable,2018,632,59
10869-1,Farm Adventures,2018,632,104
10870-1,Farm Animals,2018,632,16
10871-1,Airport,2018,632,29
10872-1,Train Bridge and Tracks,2018,634,26
10873-1,Minnie's Birthday Party,2018,641,21
10874-1,Steam Train,2018,634,59
10875-1,Cargo Train,2018,634,105
10876-1,Spider-Man & Hulk Adventures,2018,630,38
10877-1,Belle's Tea Party,2018,640,19
10878-1,Rapunzel's Tower,2018,640,37
10879-1,Gentle Giants Petting Zoo,2018,722,24
10880-1,T. rex Tower,2018,722,22
1088-1,Road Burner,1999,87,25
10881-1,Mickey's Boat,2018,641,28
10882-1,Train Tracks,2018,634,23
10883-1,My First Tow Truck,2019,504,11
10884-1,My First Balancing Animals,2019,504,15
10885-1,My First Fun Puzzle,2019,504,15
10886-1,My First Car Creations,2019,504,34
10887-1,Creative Fun,2019,505,120
10889-1,Mickey's Vacation House,2019,641,57
1089-1,Basic Figures,1985,534,24
10893-1,Spider-Man vs. Electro,2019,630,29
10894-1,Toy Story Train,2019,633,21
10895-1,Emmet and Lucy's Visitors from the DUPLO Planet,2019,504,53
10897-1,My First Minnie Build,2019,641,10
10898-1,My First Mickey Build,2019,641,9
10899-1,Frozen Ice Castle,2019,640,59
10900-1,Police Bike,2019,632,8
1090-1,TECHNIC Control I,1986,507,397
10901-1,Fire Truck,2019,632,21
10902-1,Police Station,2019,632,38
10903-1,Fire Station,2019,632,76
10904-1,Baby Animals,2019,504,9
10906-1,Tropical Island,2019,504,73
10907-1,World Animals,2019,504,121
10908-1,Plane,2019,632,12
10909-1,Heart Box,2020,505,80
10910-1,Submarine Adventure,2019,504,24
10913-1,Brick Box,2020,505,65
10914-1,Deluxe Brick Box,2020,505,85
10915-1,Alphabet Truck,2020,504,36
10917-1,Fire Truck,2020,504,6
10918-1,Tow Truck,2020,504,7
10919-1,Batcave,2020,653,33
10920-1,Elsa & Olaf's Tea Party,2020,640,17
1092-1,TECHNIC Control II,1986,507,467
10921-1,Super Heroes Lab,2020,630,30
10922-1,Ariel's Undersea Castle,2020,640,35
10924-1,Lightning McQueen's Race Day,2020,506,42
10925-1,Playroom,2020,652,17
10926-1,Bedroom,2020,652,16
10927-1,Pizza Stand,2020,632,18
10928-1,Bakery,2020,632,46
10929-1,Modular Playhouse,2020,652,133
10930-1,Bulldozer,2020,632,10
10931-1,Truck & Tracked Excavator,2020,632,20
10932-1,Wrecking Ball Demolition,2020,632,56
10933-1,Tower Crane & Construction,2020,632,123
10934-1,Creative Animals,2020,505,175
10937-1,Batman: Arkham Asylum Breakout,2012,697,1621
10938-1,Dinosaur Nursery,2022,722,27
10939-1,T. rex and Triceratops Dinosaur Breakout,2021,722,36
10940-1,Spider-Man Headquarters,2021,630,36
1094-1,Johnny Thunder,1999,297,13
10941-1,Mickey & Minnie Birthday Train,2021,641,22
10942-1,Minnie's House and Caf茅,2021,641,91
10943-1,Happy Childhood Moments,2021,504,231
10944-1,Space Shuttle Mission,2021,504,23
10945-1,Garbage Truck and Recycling,2021,632,19
10946-1,Family Camping Van Adventure,2021,632,30
10947-1,Race Cars,2021,632,44
10948-1,Parking Garage and Car Wash,2021,632,112
10949-1,Farm Animal Care,2021,632,11
10950-1,Farm Tractor & Animal Care,2021,632,27
1095-1,Super Sub,1999,312,24
10951-1,Horse Stable and Pony Care,2021,632,65
10952-1,"Barn, Tractor & Farm Animal Care",2021,632,97
10953-1,Unicorn,2021,504,8
10954-1,Number Train - Learn To Count,2021,504,23
10955-1,Animal Train,2021,504,15
10956-1,Amusement Park,2021,632,95
10957-1,Fire Helicopter & Police Car,2021,504,16
10958-1,Creative Birthday Party,2021,504,200
10959-1,Police Station & Helicopter,2022,632,40
10960-1,Belle's Ballroom,2022,640,23
1096-1,Race Buggy,1999,87,23
10961-1,Airplane & Airport,2021,632,28
10962-1,Buzz Lightyear鈥檚 Planetary Mission,2022,633,37
10963-1,Spider-Man & Friends: Funfair Adventure,2022,630,41
10964-1,Bath Time Fun: Floating Red Panda,2022,504,5
10965-1,Bath Time Fun: Floating Animal Train,2022,504,14
10966-1,Bath Time Fun: Floating Animal Island,2022,504,21
10967-1,Police Motorcycle,2022,632,5
10968-1,Doctor Visit,2022,632,34
10969-1,Fire Truck,2022,632,21
10970-1,Fire Station & Helicopter,2022,632,116
1097-1,Res-Q Runner,1999,92,18
10971-1,Wild Animals of Africa,2022,504,10
10972-1,Wild Animals of the Ocean,2022,504,32
10973-1,Wild Animals of South America,2022,504,71
10974-1,Wild Animals of Asia,2022,504,98
10975-1,Wild Animals of the World,2022,504,142
10976-1,Santa's Gingerbread House,2022,504,50
10977-1,My First Puppy & Kitten With Sounds,2022,504,22
10978-1,Creative Building Time,2022,504,120
10979-1,Wild Animals Of Europe,2022,504,85
10980-1,Green Building Plate,2022,505,1
1098-1,Hang Glider,1998,87,19
1099-1,Ninja Blaster,1999,434,24
1月1日,Bulldozer Chain Links,1982,453,50
1月10日,Mini-Wheel Model Maker No. 1,1971,423,87
1100-1,Sky Pirates,2001,50,110
11001-1,Bricks and Ideas,2019,621,123
11002-1,Basic Brick Set,2019,621,300
11003-1,Bricks and Eyes,2019,621,451
11004-1,Windows of Creativity,2019,621,450
11005-1,Creative Fun,2019,621,900
11006-1,Creative Blue Bricks,2020,621,52
11007-1,Creative Green Bricks,2020,621,60
11008-1,Bricks and Houses,2020,621,270
11009-1,Bricks and Lights,2020,621,441
110-1,Universal Building Set,1977,469,129
11010-1,White Baseplate,2020,621,1
1101-1,Replacement 4.5V Motor,1977,443,1
11011-1,Bricks and Animals,2020,621,1500
11012-1,Creative White Bricks,2021,621,60
11013-1,Creative Transparent Bricks,2021,621,500
11014-1,Bricks and Wheels,2021,621,653
11015-1,Around The World,2021,621,950
11016-1,Creative Building Bricks,2021,621,1201
11017-1,Creative Monsters,2022,621,140
11018-1,Creative Ocean Fun,2022,621,333
11019-1,Bricks and Functions,2022,621,500
11020-1,Build Together,2022,621,1601
1102-1,Motor Bushes,1977,456,4
11021-1,90 Years of Play,2022,621,1100
11022-1,Space Mission,2022,621,1700
11023-1,Green Baseplate,2022,621,1
11024-1,Gray Baseplate,2022,621,1
11025-1,Blue Baseplate,2022,621,1
11026-1,White Baseplate,2022,621,1
1103-1,Battery Box,1977,443,1
1103-2,DNA Student Set,2008,517,522
1104-1,Battery Cables (75cm),1977,443,2
1105-1,Crawler Tracks,1977,443,2
1106-1,Battery Tender,1977,456,2
1106-2,Basic Building Set,1999,470,431
1107-1,Signal and Direction-Change Switch,1977,456,4
1108-1,Magnetic Couplings,1977,456,4
1109-1,Magnetic Couplings for Railway Car,1977,456,4
1月11日,Basic Souvenir Box,1981,469,36
1110-1,Train Wheels,1977,456,8
111-1,Universal Building Set,1977,469,174
1111-1,Rubber Rims for Locomotive Wheels,1977,456,8
111-2,Starter Train Set without Motor,1966,235,118
1112-1,Train Sliding Wheel Blocks,1977,456,2
1113-1,Motor Frame and Couplers,1977,443,5
11138-1,Bionicle Barraki Wallet,2008,501,0
1114-1,Motor Frame,1977,443,1
1115-1,4.5V Lighting Brick (2 x 2),1977,443,1
1116-1,"Chain Links, Small",1977,443,25
1118-1,"Boat Weight, Red",1977,443,1
111901-1,Garmadon,2019,435,10
111902-1,Wu,2019,435,6
111903-1,Kai vs. Wyplash,2019,435,13
111904-1,Jay vs. Lasha,2019,435,12
1119-1,Locomotive Piston Assemblies,1977,456,6
1月12日,Small Basic Set,1977,433,94
11月2日,Small Pre-School Basic Set,1973,433,31
112005-1,Cole vs. Nindroid,2020,435,20
112006-1,Lloyd vs. Stone Warrior,2020,435,12
112007-1,Wu vs. Skulkin,2020,435,13
112008-1,Kai vs. Lasha,2020,435,12
1120-1,Tires (42 mm),1977,443,2
112-1,Universal Building Set,1977,469,200
112109-1,Wu vs. Garmadon,2021,435,13
1121-1,"Propellers, Wheels and Rotor Unit",1977,443,15
112110-1,Cole vs. Lasha,2021,435,14
112111-1,Lloyd vs. Soul Archer,2021,435,10
112112-1,Jay vs. Eyezor,2021,435,10
112113-1,Kai vs. Nindroid,2021,435,10
112114-1,Zane vs. Wyplash,2021,435,14
112-2,Locomotive with Motor,1966,235,74
1122-1,Hinges,1977,443,3
112215-1,Cole vs. Ronin,2021,435,10
112216-1,Zane vs. Nindroid,2022,435,16
112217-1,Kai vs. Boa Destructor,2022,435,13
112218-1,Lloyd vs. Overlord,2022,435,12
112219-1,Jay Vs. Nindroid,2022,435,11
112-3,2 40 x 40 Baseplates,1971,371,2
1123-1,"Ball and Socket Couplings, Articulated Joint",1977,443,8
1124-1,Digger Bucket,1977,443,3
1125-1,Crane Grab,1977,443,3
1126-1,"Jack Complete Assembly, Blue",1984,443,1
1127-1,Santa,1999,227,39
1128-1,Santa on Skis,1999,227,21
1129-1,Storage Cloth,1980,473,1
1129-2,Santa on Reindeer,1999,227,34
1129-3,LEGO MANIA T-Shirt,1996,501,0
11月3日,Locomotive Traction Tires,1977,456,8
1130-1,Storage Folder for Building Instructions (16 Internal Pockets),1980,443,1
113-1,Universal Building Set,1977,469,293
1131-1,Tires (42 mm) and Hubs,1981,453,4
113-2,Motorized Train Set,1966,235,344
1132-1,Hinges,1981,443,8
113-2-DUMMY-1,Dummy set for Various 3009 prints For Set 113-2,1966,301,13
1133-1,Brick Hinges,1981,443,8
1134-1,Battery Wagon,1981,456,2
1135-1,"Battery Cable Kit: 12 Connectors, 3m Cable",1981,443,13
1135-2,"Battery Cable Kit: 16 Connectors, 3m Cable",1981,443,17
1135-3,"Battery Cable Kit: 20 Connectors, 3m Cable",1981,443,21
1136-1,"Buffers, Magnetic Couplers",1981,456,6
1137-1,Train Couplings,1981,456,4
1138-1,Replacement Rubber Wheel Treads for Trains,1981,456,8
1139-1,Motor-Mount Plate with Magnetic Couplers,1981,456,5
1140-1,12V Light Bricks,1981,443,2
114-1,Universal Building Set,1977,469,390
1141-1,Wheel Bricks with Small Red Train Wheels,1981,456,2
114-2,Small Train Set,1966,235,88
1142-1,Wheel Bricks with Small Black Train-Wheels,1981,456,2
1143-1,Wheel Bricks with Large Red Train Wheels,1981,456,2
1144-1,Train Baseplate,1981,456,1
1145-1,Bogie Plate,1981,456,1
1146-1,"Pushrods, Cylinder Housings",1981,456,6
1147-1,"Light Prisms & Holder, Red/Yellow Light Covers",1981,456,7
1148-1,Differential,1981,453,5
1149-1,Air Police,2002,94,24
1149-2,Bulldozer Chainlinks,1982,453,52
1150-1,Replacement Motor 12V,1977,443,1
115-1,Building Set,1973,469,190
1151-1,Train Power Pick-Up Blocks,1977,456,2
115-2,Starter Train Set with Motor,1966,235,132
1152-1,Electric Wire,1977,456,2
115349-1,Mario Key Chain,2021,503,0
115349-2,Mario Key Chain (Gold),2021,503,0
1154-1,Battery Control Unit,1986,453,1
1160-1,"TECHNIC Pneumatic Tubing, 40cm +100cm",1985,453,2
116-1,Starter Train Set with Motor,1967,235,362
1161-1,TECHNIC Pneumatic Pump Cylinder 48mm,1985,453,1
116-2,Deluxe Motorized Train Set,1968,235,364
1162-1,TECHNIC Pneumatic Piston Cylinder 48mm,1985,453,1
1163-1,TECHNIC Pneumatic Piston Cylinder 60mm,1985,453,1
1164-1,TECHNIC Pneumatic 2 Way Valve and Nonreturn Valve,1985,453,2
1168-1,Battery Box,1986,443,1
1169-1,Bogie Plates,1986,456,2
1170-1,Replacement Train Battery Tender,1986,456,2
117-1,Locomotive without Motor,1967,235,99
1171-1,Lighting Brick with Red and Blue Globes,1986,443,5
11717-1,Bricks Bricks Plates,2020,621,1504
1172-1,Colored Globes,1986,443,5
1174-1,Motorhome for Basic Motor 4.5V/Train Motor 12V,1986,443,2
1175-1,4.5v TECHNIC Motor,1982,453,1
1176-1,Gear Racks and Turntables,1978,453,6
1177-1,Santa In Truck with Polar Bear,2000,227,27
1178-1,"Siren, Black",1986,443,1
1179-1,Replacement Space Siren,1986,443,1
1180-1,Space Port Moon Buggy,1999,93,25
118-1,Electronic Train,1968,235,103
1181-1,Space Port Spacecraft,1999,93,23
118-2,Small Train Set,1968,235,117
1182-1,Adventurers Raft,1999,297,18
118-3,Motorized Freight or Passenger Train (Sears Exclusive),1969,235,419
1183-1,Mummy and Cart,1999,297,17
1184-1,Cart,1999,434,24
1185-1,Raft,1999,434,25
1186-1,Cart,1999,434,25
1187-1,Glider,1999,434,23
1188-1,Fire Formula,1999,87,38
1189-1,Rocket Boat,1999,87,30
1190-1,Retro Buggy,1999,87,45
11903-1,Ninjago: Brickmaster: Fight The Power Of The Snakes,2012,497,156
119-1,Super Train Set,1968,235,401
11910-1,Micro-Scale Space Cruiser,2015,126,102
1191-1,Try Bird,1999,87,34
11926-1,Parts for Wooden Minifigure,2019,683,29
1193-1,Water Park Tub,1999,632,43
11938-1,Robot,2020,22,45
11939-1,Octopus,2020,22,63
11940-1,Fortress,2020,22,52
1194-1,Classic Building Table,1999,470,408
11941-1,Frog,2020,22,56
11942-1,Lunar Lander,2020,22,45
11943-1,Fire Ant,2020,22,25
11944-1,Skull,2021,22,39
11945-1,Steam Locomotive,2021,22,38
11946-1,Penguin,2021,22,48
11947-1,Time Machine,2021,22,39
11948-1,Carnivorous Plant,2021,22,43
11949-1,Parrot,2021,22,44
11950-1,Racing Car,2021,22,34
1195-1,Alien Encounter,2001,135,42
11951-1,Orangutan,2021,22,51
11952-1,Wind Energy,2021,22,38
11953-1,Gecko,2021,22,36
11954-1,Spaceship,2021,22,40
11955-1,Lion,2021,22,47
1196-1,Biker with Bicycle,2000,458,8
11961-1,Helicopter,2022,22,40
11962-1,Robot,2022,22,41
11963-1,Dinosaur,2022,22,51
11964-1,Submarine,2022,22,31
119645111436-1,Classic Space Astronaut Plush (Red),2021,501,0
119645111504-1,Classic Space Astronaut Plush (Blue),2021,501,0
119645111740-1,Classic Space Astronaut Plush (White),2021,501,0
119645111818-1,Classic Space Astronaut Plush (Pink),2021,501,0
119645111986-1,Santa Plush,2021,501,0
119645112044-1,Gingerbread Man Plush,2021,501,0
11965-1,Excavator,2022,22,48
11966-1,Pirate Ship,2022,22,33
1197-1,Telekom Race Cyclist and Television Motorbike,2000,458,31
1197-2,Crown Gears,1981,453,2
1198-1,Service Team - 2 Bikers with Service Tools,2000,458,82
1199-1,Winning Team,2000,458,111
11995-1,Hero Recon Team,2011,400,1
1200-1,"LEGO Town Plan Board, Large Plastic",1955,372,1
1200-2,"LEGO Town Plan Board, Small Plastic",1956,372,1
1200M-1,LEGO Town Plan Wooden Board,1957,372,1
120-1,Complete Freight Train Set with Tipper Trucks,1969,235,163
1201-2,Chicken Run,2002,505,6
120-2,Small Basic Set,1966,366,121
1202-1,Racer,2001,112,1
1203-1,"Turntables (4 x 4), Turntables (2 x 2)",1985,443,8
1204-1,"Fences, Red and Black",1984,443,10
120438-1,Basic Building Set,1985,467,176
1205-1,Keys for Wind-Up Motor,1982,443,2
1206-1,"Round Bricks (2 x 2), White",1982,443,10
1207-1,"Turntables (4 x 4), Red",1982,443,2
1208-1,"Inverted Slope Bricks, Assorted, Red",1982,443,16
1209-1,Fences and Gates,1982,443,10
12月1日,Blue Space Elements,1981,443,8
1210-1,Winch Block and Hook Assembly,1982,443,3
1210-2,Small Store Set,1955,372,30
121-1,Roadster,1979,390,23
1211-1,Space Stands and Brackets,1982,443,8
1211-2,Small House Set,1955,372,19
1212-1,"Rocket Tops, Black",1982,443,6
1212-2,Small House - Left Set,1955,372,21
1213-1,Space Radar Disks,1982,443,5
1213-2,Small House - Right Set,1955,372,23
12138-1,Bionicle Mahri Wallet,2008,501,0
1214-1,Upper Part of Motorhome for 4.5V/12V Trainmotor,1984,456,1
1214-2,Windows and Doors,1955,371,6
12142020-1,The LEGO Ninjago Movie Official Annual 2018,2018,497,7
12148079-1,Ninjago: Sky Pirates Attack!,2016,497,7
1215-1,Train Motor 4.5V Type II Lower Housing,1981,456,1
1215-2,2 x 8 & 2 x 10 Bricks,1955,371,5
1216-1,Semaphores with Feet,1982,456,8
1216-2,4 x 4 Corner Bricks,1955,371,5
1217-1,Yellow Girder Beams & Plates,1982,453,20
1217-2,2 x 4 Bricks,1955,371,13
121801-1,Baby Raptor and Nest,2018,602,23
121802-1,Owen and Lookout Tower,2018,602,39
1218-1,Blue Girder Beams & Plates,1982,453,20
1218-2,2 x 3 Bricks,1955,371,15
121903-1,Raptor Ambush,2019,602,33
121904-1,Owen with Baby Raptor,2019,602,7
1219-1,TECHNIC Beams & Plates [Red],1982,453,20
1219-2,2 x 2 Bricks,1955,371,20
12月2日,Medium Pre-School Set,1973,433,71
122005-1,Tyrannosaurus Rex,2020,602,65
122006-1,Triceratops,2020,602,65
122007-1,Owen with Canoe,2020,602,17
122008-1,Dino Lab,2020,602,28
122009-1,Vic Hoskins with Buggy,2020,602,35
1220-1,Black Girder Beams & Plates,1982,453,20
122010-1,Baby Dino Transport,2020,602,26
12201420-1,The LEGO Ninjago Movie: Garmageddon in Ninjago City!,2017,497,8
1220-2,1 x 2 Bricks,1955,371,26
12202014-1,Ninjago: Spinning Power,2011,497,8
122-1,Loco and Tender,1969,235,96
1221-1,TECHNIC beams - yellow,1982,453,8
122111-1,Stegosaurus,2020,602,64
122112-1,Dr. Wu's Laboratory,2021,602,15
122113-1,Owen with Helicopter,2021,602,31
122114-1,Owen Grady and Red Motorbike,2021,602,14
122115-1,Dilophosaurus,2021,602,67
122116-1,Sinjin Prescott with Buggy,2021,602,30
1221-2,1 x 1 Bricks,1955,371,40
1222-1,TECHNIC beams - blue,1982,453,8
122217-1,Raptor and Hideout,2021,602,23
122218-1,Tyrannosaurus Rex,2022,602,57
122219-1,Raptor with Breeding Station,2022,602,37
1222-2,1 x 1 Round Bricks,1955,371,40
122220-1,Owen with Airboat,2022,602,31
122221-1,Raptor and Nest,2022,602,23
122222-1,Dino-Trap,2022,602,28
122223-1,Owen and Quad,2022,602,37
1223-1,TECHNIC beams - black,1982,453,8
1223-2,2 x 2 & 2 x 4 Curved Bricks,1955,371,14
1223-3,2 x 2 Curved Bricks,1957,371,20
1224-1,TECHNIC Beams [Red],1982,453,8
1224.1-1,8 Danish Named Beams,1955,371,8
1224-2,8 Named Beams,1955,371,8
1224-2-DUMMY-1,Dummy set for Various 3009 prints For Set 1224-2,1955,371,9
1224A-1,1 x 6 and 1 x 8 Bricks,1955,371,9
1225-1,Assortment of Axles,1982,453,32
1225-2,Mixed Plates Parts Pack,1955,371,6
1226-1,Tractor Tires & Hubs,1982,453,12
1226-2,6 x 8 & 2 x 8 Plates,1956,371,4
1227-1,Gear Wheel Assortment,1982,453,15
1227-2,4 x 8 & 2 x 8 Plates,1956,371,5
1228-1,Differential Gear Housing,1982,453,28
1228-2,4 x 8 Curved & 2 x 8 Plates,1956,371,5
1229-1,TECHNIC Chainlinks,1982,453,70
12月3日,Wheel Bearings for Locomotives,1977,456,2
1230-1,TECHNIC Bulldozer Chainlinks,1982,453,54
1230-2,Windows and Door without Glass,1955,371,6
123-1,Passenger Coach,1969,235,98
1231-1,X-Large Tires & Hubs,1982,453,4
1231-2,"Windows and Door with Glass, Red",1956,371,10
1231-3,"Windows and Door with Glass, White",1956,371,10
1232-1,Toggle Joints & Connectors,1982,453,46
1233-1,Axle Assortment,1984,453,34
1233-2,Light Masts,1958,371,4
1234-1,Gear Wheel Assortment,1984,453,21
1234-3,"Replacement Gearbox for Electric, Motor 4.5V/12V Type II 12 x 4 x 3 1/3",1983,443,1
1235-1,Differential Gear Housing,1984,453,19
1235-2,Garage Plate and Door,1955,371,3
1236-1,TECHNIC wheels with hubs,1984,453,4
1236-2,Garage,1955,372,59
1236-3,12V Technic Motor,1979,453,1
1237-1,Honda Promotional Set,2001,1,56
1239-1,Subzero,2001,112,4
1239-2,Remote Control for Electric Points,1985,456,8
1240-1,"Hinges and Tilted Bearings, Light Gray",1986,443,16
1240-2,8 Road Signs,1955,371,8
124-1,Goods Wagon,1969,235,56
1241-1,Digger Bucket Assembly,1985,443,4
1241-2,8 Road Signs,1955,371,8
1242-1,Crane Grab and Winch,1986,443,4
1242-2,International Flags,1957,371,5
1242D-1,5 Danish Flags,1957,371,5
1243-1,Hinges and Couplings,1986,443,9
1244-1,Runway Plates,1986,443,2
1245-1,T- and Intersection Plates,1986,443,2
1245-2,Lighting Device Pack,1957,371,3
1246-1,Helicopter,1999,50,26
1247-1,Patrol Car,1999,50,33
1247-2,Esso Pumps/Sign,1955,371,2
1248-1,Fire Boat,1999,50,24
1248-2,Painted Trees and Bushes,1955,371,6
1249-1,Tri-motorbike,1999,50,22
1250-1,Dragster,1999,50,25
1250-2,1:87 Esso Bedford Tanker,1955,368,1
125-1,Tipping Wagon,1969,235,20
1251-1,Go-Cart,1999,50,26
1251-2,1:87 Esso Bedford Truck,1955,368,1
125-2,Building Set,1974,469,234
1252-1,Shell Tanker,1999,94,107
1252-2,1:87 Esso Bedford Trailer,1955,368,1
1253-1,Shell Car Transporter,1999,50,102
1253-2,1:87 Bedford Flatbed Truck,1955,368,1
1254-1,Shell Select Shop,1999,94,165
1254-2,1:87 Bedford Flatbed Trailer,1955,368,1
1255-1,Shell Car Wash,1999,94,137
1255-2,1:87 Bedford Fire Engine,1955,368,1
1256-1,Shell Petrol Pump,1999,94,157
1256-2,1:87 Bedford Tow Truck,1955,368,1
1257-1,Trike Buggy,1999,1,30
1257-2,1:87 Bedford Delivery Truck,1955,368,1
1258-1,Propellor Buggy,1999,1,29
1259-1,Motorbike,1999,1,28
1260-1,Car,1999,1,26
1260-2,1:87 Twenty Four Models,1957,368,24
126-1,Steam Locomotive (Push),1970,235,60
1261-1,Tea with Bumblebee,2000,660,13
1261-2,1:87 VW Beetle,1958,368,4
1263-1,Easter Bunny,2000,229,29
1264-1,Easter Chicks,2000,229,30
1265-1,Moon Buggy,1999,93,25
1266-1,Space Probe,1999,93,23
1267-1,Shock Absorbers,1985,453,4
1268-1,Bike Blaster,1999,1,28
1269-1,White Ninja,1999,434,23
1270-2,Trial Size Bag - Chromika,2005,22,16
127-1,Train Set,1969,235,365
1271-1,Jungle Surprise,1999,299,33
1271-2,Traffic Police Set,1956,372,6
1272-1,Blue Racer,2000,91,23
1273-1,Red Four Wheel Driver,2000,91,20
1274-1,Light Hover,2000,442,25
1275-1,Chainsaw Bulldozer,2000,442,22
1276-1,Helicopter Transport,2000,442,22
1277-1,Drill Craft,2000,442,27
1278-1,Johnny Thunder and Baby T,2000,298,23
1279-1,Aeroplane,2000,298,21
1280-1,Microcopter,2000,298,28
128-1,Taxi Station,1979,390,37
1281-1,Aeroplane,2000,298,25
128-2,Mobile Crane (Train Base),1972,235,23
1282-1,Blue Racer,2000,91,23
128-3,Mobile Crane (Plate Base),1971,235,38
1283-1,Red Four Wheel Driver,2000,91,20
1284-1,Green Buggy,2000,91,23
1285-1,Yellow Tiger,2001,91,24
1286-1,King Leo's Cart,2000,197,22
1287-1,Crossbows,2000,197,16
1288-1,Fire Cart,2000,197,24
1289-1,Catapult,2000,197,23
1290-1,Kabaya Promotional Set: Red (Volcano Climber) RoboRider,2000,16,35
1291-1,Power Bike,2000,16,32
1292-1,Kabaya Promotional Set: White (Ice Explorer) RoboRider,2000,16,33
1293-1,Kabaya Promotional Set: Yellow/Green (Swamp Craft) RoboRider,2000,16,25
1294-1,Fire Helicopter,2000,598,31
1295-1,Water Rider,2000,598,30
1296-1,Land Scooper,2000,598,31
1297-1,Speed Patroller,2000,598,34
1298-1,Classic Basic Advent Calendar 1998,1998,212,220
1月3日,Velveeta Set No. 1,1967,366,74
1300-1,Lego Mosaik Set (Small),1955,365,47
130-1,Wagon with Double Tippers,1972,235,20
1305-1,Wheels and Strings,1983,524,94
1306-1,VW Garage,1957,372,45
1307-1,VW Auto Showroom,1957,372,51
1307-1-DUMMY-1,Dummy Set for 1307-1,1957,301,3
13078-1,"Sports Bag, Pink",2008,501,0
1308-1,Fire Station,1957,372,109
1308-1-DUMMY-1,Dummy Set for 1308-1,1957,301,2
1309-1,Church,1957,372,150
13098-1,"Pencil Case, Pink (Horses)",2008,501,0
1月13日,Gray Space Elements,1981,443,10
1310-1,ESSO Filling Station,1956,372,96
131-1,Passenger Coach,1972,235,67
1314-1,Stop bush / Small pulley,1987,525,210
13148-1,"Wheeled Carry-on Luggage, Pink (Horses)",2008,501,0
1315-1,Piston Rod,1987,525,50
1316-1,Connector Peg,1987,525,150
1317-1,Technic Chainlinks,1987,525,350
1318-1,Gears Small,1987,525,68
1319-1,Gears Large,1987,525,22
2月13日,Large Pre-School Basic Set,1973,433,92
1320-1,Differential and Bevel Gears,1987,525,32
132-1,Cottage,1979,390,116
1321-1,Worm Gear and Racks,1987,525,22
132-2,Port Crane and Flat Waggon,1972,235,58
1322-1,"Pulleys, Tires, and Steering Wheels",1987,525,32
1323-1,Hubs and Tyres,1985,524,24
1324-1,Rubber Bands and String,1985,525,101
1325-1,Assorted Spare Axles,1987,525,68
1326-1,"Spare Axles, 12L",1987,525,28
1327-1,Red/Black Plates,1985,524,48
1328-1,Red/Black Plates,1985,524,32
1329-1,Red/Black Plates,1985,525,28
3月13日,Train Motor Plate with Buffers,1977,456,5
1330-1,Red/Black Plates,1985,525,20
133-1,Locomotive (Push),1975,235,82
1331-1,Red/Blue Bricks,1985,525,88
1332-1,Red/Blue Beams,1985,525,18
1333-1,Red/Blue Beams,1985,525,20
1334-1,Motors (4.5V),1985,525,2
1335-1,Battery Boxes (4.5v),1985,525,2
1336-1,Pole Reverser Switches for Battery Box,1985,525,2
1337-1,Connecting Leads,1985,525,18
1338-1,Angles Swivels Turntables,1985,524,72
1338112120-1,The Batman Movie: Chaos in Gotham City,2017,497,6
1339-1,Technic Parts,1987,525,20
1340-1,Weight Bricks,1987,524,18
134-1,Mobile Crane and Wagon,1975,235,55
1341-1,Building Plates Green,1985,524,3
134-2,Service Station,1979,390,86
1342-1,Electric Switches and Tiles,1986,525,7
1343-1,Optosensors (4.5V) and Discs,1986,525,4
1344-1,Light Bricks (4.5V),1986,524,12
1345-1,"Pinions, Connectors, and Axles",1986,525,52
1346-1,Touch Sensors,1987,525,2
1347-1,Leads (4.5V) Spirals,1987,524,42
1348-1,Base Plates Grey,1987,524,3
1349-1,Steven Spielberg Moviemaker Set,2000,273,450
135-1,Building Set,1973,469,338
1351-1,Movie Backdrop Studio,2001,273,211
1352-1,Explosion Studio,2000,273,244
1353-1,Car Stunt Studio,2001,273,168
1354-1,Dino Head Attack,2000,273,95
1355-1,Temple of Gloom,2000,273,58
1356-1,Stuntman Catapult,2001,273,29
1357-1,Cameraman,2001,273,21
1360-1,Director's Copter,2001,273,22
136-1,Tanker Waggon (Shell),1975,235,82
1361-1,Camera Car,2001,273,20
1362-1,Air Boat,2001,273,24
1363-1,Stunt Go-Cart,2001,273,25
1370-1,Raptor Attack Studio,2001,274,157
137-1,Hospital,1979,390,111
1371-1,Spinosaurus Attack Studio,2001,274,186
137-2,Passenger Sleeping Car,1975,235,82
1374-1,Green Goblin,2002,706,58
1375-1,Wrestling Scene,2002,273,127
1376-1,Spider-Man Action Studio,2002,706,249
1380-1,Werewolf Ambush,2002,273,114
138-1,Electronic Train,1969,235,107
1381-1,Vampire's Crypt,2002,273,171
1382-1,Scary Laboratory,2002,273,503
1383-1,Curse of the Pharaoh,2002,273,51
1384-1,Bird (Pre-School Building Toy) (Explore),2002,505,6
1385-1,Bracelet Sample Set,2003,500,13
1386-1,Bracelet Sample Set,2004,500,13
1388-1,Huki [McDonald's Promo Set #1],2001,324,8
1389-1,Onepu [McDonald's Promo Set #2],2001,324,8
1390-1,Maku [McDonald's Promo Set #3],2001,324,8
139-1,Electronic Control Unit (Forward/Backward - Stop),1969,235,9
1391-1,Jala [McDonald's Promo Set #4],2001,324,8
1392-1,Kongu [McDonald's Promo Set #5],2001,324,8
1393-1,Matoro [McDonald's Promo Set #6],2001,324,8
139A-1,Electronic Control Unit (Forward - Stop),1969,235,13
1400-1,Basic Box,1986,467,173
140-1,Town Hall,1979,390,139
140-2,Bricks'n Motor Set,1969,469,141
1403-1,Racing Leopard,2001,632,3
1404-1,Racing Tiger,2001,632,3
1405-1,Racing Lion,2001,632,3
1405356235-1,City: Brickmaster,2011,497,146
1406-1,Nursing the Baby,2001,652,6
1407-1,Cooking with Mummy (Mommy),2001,652,7
1408-1,Walking the Dog with Daddy,2001,652,5
1月14日,Space Mini Figures,1982,443,24
1411-1,Pirate's Treasure Hunt (Quaker Oats promo),2001,273,35
14122020-1,Ninjago: Official Guide,2012,497,5
14127980-1,Ninjago: The Way Of The Ghost,2015,497,6
14128079-1,Legends of Chima: The Battle for Chima,2015,497,11
1413-1,Rover,2001,135,29
14138-1,Catwalk Wallet,2008,501,0
1414-1,Double Hover (Kabaya Promotional),2001,135,21
1415-1,Jet Scooter,2001,135,24
1416-1,Worker Robot,2001,135,30
1417-1,Vakama (Kabaya version),2001,324,26
1417-2,Vakama (Polybag version),2003,324,26
1418-1,Matau,2001,324,25
1419-1,Nokama (Kabaya Promotional),2001,324,27
1420-1,Nuju,2001,324,29
14201220-1,Ninjago: The Chosen Four,2011,497,5
14201420-1,Friends: Party Time,2016,497,24
14202012-1,Ninjago: The Hour of Ghosts,2015,497,6
1421-1,Director's Copter (Kabaya Promotional),2001,273,22
1422-1,Camera Cart (Kabaya Promotional),2001,273,20
1423-1,Air Boat (Kabaya Promotional),2001,273,24
1424-1,Stunt Go-Kart (Kabaya Promotional),2001,273,25
14249-1,Batman Costume,2018,501,0
1425-1,Dash Jet Sub,2002,305,23
14251-1,Minifigure Costume,2018,501,0
1426-1,Cam Wing Diver,2002,305,21
1427-1,Ogel Marine Slizer,2002,305,21
14271-1,Minifigure Mask with Hands,2018,501,0
1428-1,Small Soccer Set 1 (Kabaya Box),2002,462,24
1428-2,Small Soccer Set 1 (Polybag),2002,462,20
1429-1,Small Soccer Set 2 (Kabaya Box),2002,462,23
1429-2,Small Soccer Set 2 (Polybag),2002,462,23
3月14日,Small House Set,1973,433,0
1430-1,Small Soccer Set 3 (Kabaya Box),2002,462,16
1430-2,Small Soccer Set 3 (Polybag),2002,462,17
1431-1,Tahnok Va (Kabaya Promotional),2002,324,27
1432-1,Nuhvok Va (Kabaya Promotional),2002,324,26
1433-1,Gahlok Va (Kabaya Promotional),2002,324,26
1434-1,Lehvak Va (Kabaya Promotional),2002,324,25
1435-1,Super Glider (Kabaya Promotional),2002,280,7
1436-1,Ultralight Flyer (Kabaya Promotional),2002,280,16
1437-1,Turbo Chopper (Kabaya Promotional),2002,280,13
4月14日,Train Motor Plate with Coupler,1977,456,1
1441-1,Fikou (Tree-Spider),2003,324,13
144110-1,Monkie Kid Promotional Brick,2020,693,1
1450-1,Small Bucket,2000,505,50
145-1,Building Set,1974,469,412
14554-1,Bionicle: Matoran Adventures - Game Boy Advance,2002,501,0
14555-1,Creator: Harry Potter and the Chamber of Secrets - PC CD-ROM,2002,501,0
14556-1,Island Xtreme Stunts - PC CD-ROM,2002,501,0
14557-1,Island Xtreme Stunts - PS2,2002,501,0
14558-1,Island Xtreme Stunts - Game Boy Advance,2002,501,0
14559-1,Drome Racers - PC CD-ROM,2002,501,0
14560-1,Drome Racers - PS2,2002,501,0
14561-1,Galidor: Defenders of the Outer Dimension - Game Boy Advance,2002,501,0
14562-1,Galidor: Defenders of the Outer Dimension - PC CD-ROM,2002,501,0
146-1,Level Crossing,1976,235,69
1461-1,Turbo Force,1992,67,31
1462-1,Galactic Scout,1992,129,23
1463-1,Treasure Cart,1992,199,24
1464-1,Pirate Lookout,1992,148,17
14642-1,Drome Racers - Game Boy Advance,2003,501,0
14643-1,Drome Racers - Gamecube,2003,501,0
1467-1,Shell Race Car,1987,67,46
14680-1,Bionicle: The Game - PS2,2003,501,0
1468-1,Shell Tanker,1987,67,40
14681-1,Bionicle: The Game - Xbox,2003,501,0
14682-1,Bionicle: The Game - Gamecube,2003,501,0
14683-1,Bionicle: The Game - PC CD-ROM,2003,501,0
14684-1,Bionicle: The Game - Game Boy Advance,2003,501,0
1469-1,Helicopter,1987,465,40
1470-1,Shell Station,1987,67,32
147-1,Refrigerated Car with Forklift,1976,235,113
1472-1,Holiday Home,1987,67,363
1474-1,Basic Building Set with Gift Item,1991,467,69
1475-1,Airport Security Squad,1991,67,128
1476-1,Five Set Bonus Pack,1991,559,0
1477-1,Red Race Car Number 3,1991,67,39
1478-1,Mobile Satellite Up-Link,1991,136,31
1479-1,2-Pilot Craft,1991,129,34
1480-1,King's Catapult,1991,199,33
14807412-1,City: Emergency Rescue,2011,497,9
148-1,Central Station,1975,235,293
1481-1,Desert Island,1991,148,24
1482-1,Panda and Friends,1990,505,26
1483-1,Sailor and Parrot,1991,505,19
1484-1,Town Houses,1987,67,215
1489-1,Mobile Car Crane,1989,67,175
1490-1,Town Bank,1988,67,196
149-1,Fuel Refinery,1976,235,340
1491-1,Dual Defender,1992,188,48
1492-1,Battle Cove,1992,148,27
1495-1,Basic Building Set Trial Size,1988,467,26
1496-1,Rally Car,1987,67,52
1497-1,Rally and Pitcrew Team,1987,67,122
1498-1,Spy-Bot,1987,130,63
1499-1,Twin Starfire,1987,130,89
1500-1,Oval Bricks,1988,505,2
150-1,Straight Track,1966,235,25
1501-1,Yellow Bucket,1987,505,73
1502-2,Basic Set and Duffel Bag,1986,504,0
1503-1,Car Building Set,1986,505,7
1504-1,Family Bucket,1993,467,243
1504-2,House Building Set,1986,505,14
1505-1,House and Car Building Sets,1986,505,0
1506-1,Town Value Pack,1986,67,0
1507-1,Space Value Pack,1986,130,0
1509-1,Town Value Pack,1987,67,0
1月15日,Castle Mini Figures,1984,443,38
1510-1,Space Value Pack,1987,130,0
151-1,Curved Track,1966,235,25
1511-1,Basic Building Set,1986,467,67
1512-1,Denken mit Lego (Thinking with Lego 250pcs),1972,517,250
1512-2,Basic Set with Storage Case,1985,467,103
1513-1,Denken mit Lego (Thinking with Lego 900pcs),1972,517,901
1513-2,Basic Building Set Gift Item,1989,467,71
1514-1,Basic Building Set Trial Size,1988,467,46
1515-1,Town Value Pack,1989,67,0
1515-2,Classic Pen,2000,501,39
1516-1,Theater with Play-Scenes,1987,390,27
1516-2,Decoder Pen,2000,501,3
1517-1,Race Car,1989,67,32
1517-2,Hieroglyph Pen,2000,501,3
1518-1,Race Car Repair,1989,67,82
1518-2,Race Pen,2000,501,14
1519-2,Sport Pen,2000,501,14
2月15日,Large House Set,1973,433,157
1520-1,Basic Set with Storage Case,1985,467,215
1520-2,Town 2 for 1 Bonus Offer,1990,67,0
1520-3,Adventure Pen,1999,501,13
152-1,Two Train Wagons,1966,235,22
1521-1,Basic Building Set Trial Size,1989,467,24
1522-1,Basic Building Set Trial Size,1989,467,44
1523-1,Basic Set Trial Size,1986,467,27
1523-2,Arctic Pen,2000,501,14
1524-1,Basic Set Trial Size,1986,467,38
1524-2,Dino Island Pen,2000,501,14
1525-1,Container Lorry,1986,67,154
1525-2,World Pen,2000,501,0
1526-1,Space Radar Buggy,1986,130,105
1528-1,Dragster,1986,67,29
1528-2,Baseball Pen,2001,501,14
1529-2,Basketball Pen,2001,501,14
1530-1,Football Pen,2001,501,14
1530-2,Space 2 for 1 Value Pack,1988,559,0
153-1,Large Train Wagon,1966,235,15
1532-1,Aquazone Pen,2001,501,16
1533-1,Minifigure Faces Pen,2001,501,20
1534-1,LEGOLAND Pen,2001,501,17
1535-1,Knights' Kingdom Pen,2001,501,14
1537-1,Dream Star Pen,2001,501,2
1538-1,Safari Pen,2001,501,14
1539-2,Classic II Pen,2001,501,14
1540-1,Betsy's Bedroom,1993,652,38
154-1,Switch Track - 1 Right and 1 Left,1967,235,4
1542-1,Jack Stone Pen,2002,501,16
1543-2,Pen Belville,2002,501,15
1544-1,Medium Bucket,1988,505,57
1545-1,Build-A-Rabbit,1992,229,29
1546-1,Airplane,1985,728,31
1546-2,Racers Pen,2002,501,17
1547-1,Black Knights Boat,1993,188,58
1548-1,Stena Line Ferry,1992,471,174
1548-2,Helicopter,1985,728,33
1549-1,Santa and Chimney,1992,227,62
1550-1,Sterling Super Caravelle,1972,412,50
155-1,"2 Cross Rails, 8 Straight Tracks, 4 Base Plates",1967,235,14
1551-1,Chick,1985,229,6
1551-2,Sterling Luggage Carrier,1972,412,49
1552-1,Maersk Line Container Truck,1985,67,442
1552-2,STERLING Boeing 727,1974,412,46
1554-1,Silja Line Ferry,1986,471,172
1555-1,Santa Claus,1986,227,19
1555-2,Sterling Airways Biplane,1978,412,45
1556-1,Christmas Hearts,1986,227,10
1557-1,Scooter,1986,130,26
1558-1,Mobile Command Trailer,1986,130,68
1559-1,Clown Car,1990,632,4
1560-1,Glory Glider,1990,67,26
1560-2,Lufthansa Boeing 727,1976,729,45
1560-3,Crest Basic Building Set,1985,467,27
156-1,2 Signals with Automatic Stop / Go Attachment,1968,235,6
1561-1,Stunt Chopper,1990,67,30
1561-2,Lufthansa Flight Crew,1976,364,61
156-2,Straight Track,1976,235,25
1562-1,Wave Jumper,1990,67,25
1562-2,Basic Building Set,1985,467,36
1562-3,Lufthansa Double-Decker,1976,412,51
1563-1,Track Blaster,1990,67,30
1570-1,Fabuland Promotion,1986,390,3
1570541574-1,Crazy Action Contraptions: A LEGO Inventions Book,1998,498,64
157-1,Curved Track,1976,235,25
157-2,Automatic Direction Changer,1969,235,7
1572-1,Super Tow Truck,1986,67,80
157-3,Four Car Auto Transport,1970,423,65
1575-1,Finnjet Ferry,1977,471,508
1575-2,Basic Set with Board Game,1987,467,240
1576-1,Happy Face Carry Case,1994,505,31
1577-1,Medium Bucket,1988,467,217
1579-1,Animal Fun,1993,505,30
1580-1,Lunar Scout,1986,130,70
1580-2,Silja Line Ferry,1977,471,414
158-1,Railroad Crossing Gate,1969,235,7
1581-1,Silja Line Ferry,1981,471,183
1581-2,Delivery Truck,1990,67,123
1584-1,Knights Challenge,1988,199,168
1588-1,Basic Set,1987,467,27
1589-1,Town Square,1978,67,443
1589-2,Breakdown Assistance (TCS Version),1986,67,259
1590-2,Breakdown Assistance (ANWB Version),1982,67,263
159-1,"Crossover, Straight Rails",1976,235,25
1591-1,Danone Truck,1980,67,40
1591-2,Bucket,1991,505,35
1592-1,Town Square - Castle Scene,1980,67,496
1592-2,Town Square - Castle Scene (Dutch Version),1983,67,496
1593-1,Super Model,1983,130,314
1593270542-1,The Unofficial LEGO Builder's Guide,2005,497,0
1593276109-1,"The LEGO Adventure Book, Vol. 3: Robots, Planes, Cities & More!",2015,497,0
1594-1,Rabbit and Bear Friend,1992,505,13
1595-1,Girl with Cat,1993,505,17
1596-1,Ghostly Hideout,1993,203,37
1597-1,Castle 3-Pack,1993,186,0
1598-1,Basic Set,1987,467,38
1599-1,Britannia Airways,1987,729,104
160-1,Magnetic Couplings,1968,235,6
1601-1,Conveyance,1976,416,200
1602-1,Giraffe,1987,467,16
1603-1,Trial Size Imagination,1987,467,13
1604-1,Lion,1987,467,17
1605-1,Snail,1987,467,14
1606-1,Car,1987,467,23
1607-1,Helicopter,1987,467,26
1608-1,Aeroplane,1987,465,24
1609-1,Ship,1987,467,31
1月16日,Transparent Bricks,1988,443,32
1610-1,Police Car,1991,67,23
1610-2,Martinair Cessna,1978,412,83
161-1,Battery Wagon with Signal and Direction - Changing,1972,235,8
1611-1,Dune Buggy,1991,67,21
1611-2,Martinair DC-9,1978,412,64
1612-1,Victory Racer,1988,67,30
1613-1,Basic Set in Bucket,1987,467,375
1614-1,Build-a-Farm,1993,632,28
1615-1,Basic Set,1987,467,376
1616-1,Space Combi-Pack,1989,132,0
1617-1,Small Bucket,1988,467,155
1619-1,Storage Bucket,1986,467,260
1620-1,Astro Dart,1990,132,30
1620-2,Factory,1978,67,234
162-1,Locomotive without Motor,1977,235,210
1621-1,Lunar MPV Vehicle,1990,132,96
1624-1,King's Archer,1993,188,22
1625-1,Snowman,1989,227,40
1626-1,Angel,1989,227,33
1627-1,Santa,1989,227,36
1628-1,Santa on Sleigh with Reindeer,1989,227,63
1630-1,Helicopter,1990,67,27
163-1,Cargo Wagon,1977,235,128
1631-1,Black Racer,1990,67,23
1632-1,Motor Boat,1990,67,28
1633-1,Loader Tractor,1990,67,24
1635-1,Fire Dispatch,1991,632,19
1636-1,Small Bucket,1990,467,186
1637-1,Large Bucket,1990,467,493
1638-1,Blue Bucket,1990,467,466
1639-1,Large Bucket,1990,467,675
1640-1,Tuttle the Turtle,1989,505,6
164-1,Passenger Wagon,1978,235,158
1641-1,Crocodile,1989,505,6
1642-1,"Lego Motion 3B, Sea Eagle",1989,728,15
1642-2,"Lego Motion 3B, Sea Eagle - International version",1994,728,15
1643-1,"Lego Motion 2B, Lightning Striker",1989,728,16
1644-1,"Lego Motion 4A, Wind Whirler",1989,728,17
1644-2,"Lego Motion 4A, Wind Whirler - International version",1994,728,17
1645-1,"Lego Motion 1A, Gyro Bird",1989,728,19
1646-1,"Lego Motion 3A, Land Laser",1989,728,17
1646-2,"Lego Motion 3A, Land Laser - International version",1994,728,17
1647-1,"Lego Motion 1B, Turbo Force",1989,728,14
1648-1,"Lego Motion 2A, Swamp Stinger",1989,728,16
1649-1,"Lego Motion 4B, Sea Skimmer",1989,728,17
1649-2,"Lego Motion 4B, Sea Skimmer - International version",1994,728,17
1650-1,Maersk Line Container Ship,1974,363,220
165-1,Cargo Station,1978,235,265
1651-1,Basic Building Set Trial Size,1993,467,30
1651-2,Maersk Line Container Truck,1980,67,306
1652-1,Basic Set,1994,467,44
1655-1,Viking Line Ferry,1985,471,176
1656-1,Evacuation Team,1991,67,244
1656-2,Viking Line Ferry,1982,471,178
1657-1,Bird,1990,505,6
1658-1,Viking Line Ferry,1982,471,203
1660-1,Kronprins Frederik Ferry,1996,471,165
166-1,Flat Wagon,1978,235,51
1661-2,Basic Building Set in Bucket,1989,467,418
1662-1,Basic Building Set in Bucket,1989,467,632
1663-1,Basic Building Set in Bucket,1989,467,451
1664-1,Bird,1992,505,2
1665-1,Dual FX Racers,1990,67,108
1666-1,Brick Vac,1991,467,140
1668-1,Basic Building Set Trial Size,1992,467,30
1670-1,Basic Building Set Trial Size,1992,467,28
167-1,Loading Ramp and Car Transport Wagon,1978,235,100
1672-1,Circus,1990,632,18
1673-1,Zoo Train,1992,632,8
1675-1,LEGOLAND Triple Pack,1990,559,0
1676-1,Basic Building Set,1990,467,22
1677-1,Rabbit,1990,229,25
1678-1,Basic Building Set Trial Size,1991,467,49
1679-1,Basic Building Set,1990,467,43
1680-1,Hay Cart with Smugglers,1990,194,67
1681-1,Oval Rattle,1989,663,1
1682-1,Space Shuttle,1990,67,420
1685-1,Pre-School Building Set,1987,505,69
1687-1,Midnight Transport,1993,67,275
1688-1,Large Bucket for Her,1993,467,216
1690-1,Helicopter,1990,67,27
1692-1,Tractor Loader,1990,50,24
1693-1,Turbo Force,1992,67,26
1694-1,Galactic Scout,1992,129,23
1695-1,Treasure Chest,1992,199,24
1696-1,Pirate Lookout,1992,148,17
1698-1,Basic Building Set Trial Size,1991,467,26
1699-1,Small Bucket,1993,467,179
1月7日,Basic Set,1973,469,107
170-1,Push Along Play Train,1972,235,87
1701-1,Basic Building Set Trial Size,1994,467,26
1701-2,Bionicle Gali Pen,2001,501,16
1702-1,Fire Fighter 4 x 4,1994,67,59
1702-2,Bionicle Kopaka Pen,2001,501,16
1703-1,Dalmatian Station Building Set,1994,467,181
1703-2,Bionicle Lewa Pen,2001,501,17
1704-1,Ice Planet Satellite Plough,1994,133,47
1704-2,Bionicle Onua Pen,2001,501,16
1705-1,Large Dinosaur Bucket,1994,467,327
1705-2,Bionicle Pohatu Pen,2001,501,16
1706-1,Bionicle Tahu Pen,2001,501,16
1708-1,Large Bucket,1994,467,665
1708-2,Bionicle Limited Edition Pen,2001,501,8
1709-1,Darth Vader Pen,2002,501,17
1月17日,Hinges,1985,443,3
1710-1,Snowmobile,1994,67,24
17101-1,Creative Toolbox,2017,301,847
1710-2,R2-D2 Pen,2002,501,14
171-1,Complete Train Set Without Motor,1972,235,147
1711-1,Ice Planet Scooter,1994,133,19
1711-2,C-3PO Pen,2002,501,15
1712-1,Crossbow Cart,1994,190,23
1712-2,Anakin Skywalker Pen,2002,501,17
1713-1,Shipwrecked Pirate,1994,148,23
1713-2,Jango Fett Pen,2002,501,16
1714-1,Surveillance Scooter,1995,142,23
1714-2,Clone Trooper Pen,2002,501,15
1715-1,Special Value,1995,467,400
1715-3,Bionicle Gahlok Pen,2002,501,14
1716-1,Starter Set with Building Plates,1994,467,201
1716-2,Bionicle Kohrak Pen,2002,501,16
1717-1,Bionicle Lehvak Pen,2002,501,16
1718-1,Bionicle Nuhvok Pen,2002,501,16
1719-1,Freestyle Bricks and Plates,1995,399,199
1719-2,Bionicle Pahrak Pen,2002,501,16
1720-1,Cactus Canyon Value Pack,1994,67,0
1720-2,Bionicle Tahnok Pen,2002,501,16
1721-1,Sandypoint Marina Value Pack,1994,67,0
1722-1,Rescue / Ice Planet Combi Pack,1994,559,0
1723-1,Castle / Pirates Combi Pack,1994,559,0
1724-1,Bird,1994,465,9
1725-1,Dinosaur,1994,465,11
1726-1,Girl,1994,465,7
1727-1,Horse,1994,465,10
1727-2,Chewbacca Pen,2002,501,15
1728-1,Crystal Crawler,1996,308,97
1728-2,Darth Maul Pen,2002,501,13
1729-1,Barnacle Bay Value Pack,1994,148,0
1729-2,Luke Skywalker Pen,2003,501,14
1730-1,Snow Scooter,1994,67,24
1730-2,Paploo Pen,2003,501,15
1731-1,Ice Planet Scooter,1994,133,19
1731-2,Stormtrooper Pen,2003,501,15
1732-1,Crossbow Cart,1994,190,23
1732-2,Obi-Wan Kenobi Pen,2003,501,16
1733-1,Shipwrecked Pirate,1994,148,23
1733-2,Tusken Raider Pen,2003,501,15
1734-1,Yoda Pen,2003,501,14
1735-1,Knights Kingdom: Rascus & Jayko Pen,2005,501,15
1736-1,Wizard's Cart,1995,190,18
1737-1,Scorpion Detector,1996,131,198
1739-1,Penguin,1997,505,8
1740-1,Kayak,1994,67,16
1741-1,Car,1994,67,36
1742-1,Van,1994,67,81
1743-1,"Box of Standard Bricks, 5+",1995,467,400
1744-1,Medium Bucket,1995,505,51
1745-1,"Box of Standard Bricks, 3+",1995,467,404
1746-1,Wiz the Wizard,1995,190,18
1747-1,Treasure Surprise,1996,148,25
1749-1,Paravane,1996,308,16
1750-1,Renault Formula 1 Racer,1992,67,33
1751-1,Bucket,1996,505,27
1752-1,Boat with Armour,1996,201,21
1754-1,Bionicle: The Quest Game,2006,501,0
1756-1,{Basic Promotional Set},1995,465,8
1758-1,{Basic Promotional Set},1995,465,7
1759-1,Parrot,1995,505,7
1760-1,Go-Cart,1995,67,21
1761-1,Paradisa Speedboat,1995,90,21
1762-1,Go-Cart,1995,67,21
1764-1,Birthday Building Set,1995,505,100
1766-1,Small Freestyle Bucket,1995,399,109
1767-1,{Basic Promotional Set},1995,465,6
1768-1,{Basic Promotional Set},1995,465,9
1769-1,Aircraft,1992,729,23
1772-1,Airport Container Truck,1992,67,80
1773-1,Airline Maintenance Vehicle with Trailer,1992,729,109
1774-1,Aircraft,1992,67,139
1775-1,Jet,1994,67,165
1776-1,Large Bulk Bucket,1996,467,950
1777-1,Sabah Promotional Set: Plane,1996,465,10
1778-1,Boat,1995,465,9
1779-1,Helicopter,1995,465,10
1781-1,Dino Babies,1997,658,90
1782-1,Discovery Station,1997,86,328
1784-1,Animals Bulk Box,1996,505,21
1785-1,Introducing Crater Critters,1995,126,146
1786-1,Jailbreak Joe,1995,67,190
1787-1,Crater Cruiser,1995,145,183
1788-1,Treasure Chest,1995,148,167
1789-1,Star Hawk II,1995,145,293
1790-1,Shark Fisherman,1994,67,20
1791-1,Windsurfer & Van,1994,67,70
1792-1,Pleasure Cruiser,1994,67,66
1793-1,Space Station Zenon,1995,145,352
1794-1,Dragon Master Chariot,1994,190,36
1795-1,Imperial Cannon,1994,148,37
1796-1,Freestyle Large Monster Bucket,1996,399,653
1797-1,Bonus Bucket,1996,505,90
1798-1,Building Table,1995,473,3
1月8日,Little House Set,1970,433,67
1800-1,Turtle,1998,505,6
180-1,Train with 5 Wagons and Circle of Track,1972,235,221
1802-1,Tidy Treasure,1996,148,25
1802-2,Clikits Heart Pen,2004,501,0
1804-1,Crossbow Boat,1996,201,21
1805-1,Small Bucket,1995,505,32
1806-1,Underwater Scooter,1996,308,16
1807-1,Santa Claus and Sleigh,1995,227,17
1808-1,Light Aircraft and Ground Support,1996,67,127
1809-1,Condor Promotional Airplane,1996,729,29
1月18日,Tree and Signs,1985,443,7
181-1,"Complete Train Set with Motor, Signals and Switch",1972,235,145
1811-1,Safari,1995,632,27
1814-1,Starter Set,1995,664,23
1815-1,Paradisa Lifeguard,1996,90,38
1817-1,Sea Plane with Hut and Boat,1996,67,135
1818-1,Aircraft and Ground Support Equipment and Vehicle,1996,67,204
1819-1,Large Bucket,1995,467,950
182-1,Train Set with Signal,1975,235,373
1821-1,Rally Racers,1996,67,196
1822-1,Sea Claw 7,1995,308,189
1823-1,Yacht,1995,465,10
1824-1,Flying Duck,1997,465,17
18247-1,Vampire Costume,2017,501,0
1825-1,Racing Car,1997,465,19
1826-1,Bird? Boat? Plane?,1997,465,21
1827-1,Helicopter,1997,465,20
1828-1,{Basic Promotional Set},1995,465,7
183-1,Complete Train Set with Motor and Signal,1976,235,187
1831-1,Maersk Line Container Lorry,1995,67,205
1831-2,Maersk Sealand Container Lorry,1995,67,207
1836-1,Freestyle Cat,1995,399,9
1837-1,Freestyle Duck,1995,399,11
1838-1,Freestyle Bird,1995,399,18
1839-1,Freestyle Fish,1995,399,21
1840-1,Freestyle Set,1995,399,24
1841-1,Plane,1999,470,15
1843-1,Space/Castle Value Pack,1996,126,0
1843-2,Spyrius Fold-Wing Spacecraft,1996,142,59
1843-3,Royal Knight's Catapult,1996,201,46
1845-1,20th Anniversary Jackpot Bucket,1993,467,719
1846-1,Freestyle Set,1996,399,25
18461-1,Construction Worker Costume,2017,501,0
18464-1,Fire Fighter Costume,2017,501,0
1847-1,Freestyle Set,1996,399,33
1850-1,Freestyle Set,1995,399,27
1852-1,Crocodile Bucket,1995,505,44
1853-1,Navigator,1996,464,158
1854-1,House with Roof-Windows,1996,67,153
1856-1,Water Park Tub,1996,505,71
1857-1,Basic Bricks,1996,467,950
1858-1,Droid Scout,1996,131,23
1859-1,Aeroplane,1995,465,10
1860-1,Freestyle Set,1995,399,32
1861-1,Box of Bricks,1996,505,49
18629-1,Iconic Black Hands,2017,501,0
1863-1,Freestyle Trial Set,1995,399,11
18636-1,Bionicle Trading Card Booster Pack,2001,501,0
1865-1,Airliner,1994,729,29
1867-1,Medium Bulk Bucket,1997,467,400
1868-1,Freestyle Box,1996,399,220
1869-1,South African Flag,1996,465,81
1870-1,Freestyle Set,1995,399,43
1871-1,Pirates Cannon,1994,148,17
1872-1,Imperial Guard Camp,1994,148,28
1873-1,Pirate Treasure,1994,148,49
1874-1,Polly Pick-Up,1993,467,141
1875-1,Meteor Monitor,1990,128,32
1876-1,Soil Scooper,1990,67,73
1877-1,Crusader's Cart,1990,194,60
1878-1,Small Bucket,1991,467,405
1879-1,Large Bucket,1992,467,441
1880-1,XL Bucket,1992,467,576
1881-1,Small Bucket,1991,467,288
1882-1,Large Bucket,1991,467,455
1883-1,Rabbit Rattle,1990,663,1
1884-1,Small Bucket,1992,467,193
1885-1,XL Bucket,1992,467,465
1886411565-1,Jin Sato's LEGO Mindstorms: The Master's Technique,2002,497,0
1887-1,Scout Patrol Ship,1992,129,30
1888-1,Black Knights Guardshack,1992,188,49
1889-1,Pirate's Treasure Hold,1992,148,38
1890-1,Octan Racer,1992,67,47
1891-1,Four Set Value Pack,1992,559,0
1895-1,Sky Patrol,1992,67,89
1896-1,Trauma Team,1992,67,296
1898-1,Weetabix Dragster,1989,67,27
1899-1,Race Car Number 1,1989,67,24
19001-1,L枚wenstein Castle,2019,719,2017
19002-1,Antique Fire Engine,2019,719,1279
19003-1,Skyline Express,2019,719,1366
19004-1,Wild West Saloon,2019,719,1497
19005-1,Isle of Peril,2019,719,1302
19006-1,Eight Studs,2019,719,1394
19007-1,Science Tower,2019,719,1205
19008-1,The LEGO Story,2019,719,1443
19009-1,Imagine It! Build It!,2019,719,925
190-1,Farm Set,1975,364,526
19010-1,Hot Shot Carnival,2019,719,592
19011-1,Vintage Roadster,2019,719,475
Feb-01,Mini Basic Set,1984,469,36
19012-1,Bikes!,2019,719,520
19013-1,Steampunk Mini Chess,2019,719,372
Jan-05,Mini Basic Set,1982,469,36
Jan-06,Majisto's Tower,1994,190,196
Jan-07,Crecer Feliz Giftbox,1990,504,2
1月19日,Farm Family,1986,443,4
Jan-10,Promo Basic Set,1982,469,88
Jan-11,Basic Set,1983,469,34
Jan-12,Building Set A: Car,1983,728,20
Jan-13,Building Set B: Boat,1983,728,27
Jan-14,Building Set C: Helicopter,1983,728,20
Jan-15,Building Set D: Aircraft,1983,728,20
Jan-16,Starion Patrol,1993,140,23
Feb-16,McDonald's Happy Meal - Animal,1983,505,6
Jan-17,King's Catapult,1993,188,22
Feb-17,McDonald's Happy Meal - Animal,1983,505,5
Jan-18,McDonald's Happy Meal - Bird,1983,505,5
191908686325-1,Snow Character Building Kit,2021,501,0
191908686356-1,Snow & Sand Building Kit,2021,501,0
Jan-19,McDonald's Happy Meal - Promotional Set,1983,505,5
19197480-1,Ninjago: Ninja vs. Constrictai,2012,497,6
19198074-1,Ninjago: The Tournament of Elements,2015,497,11
2月19日,Locomotive Piston Assemblies,1977,456,6
Jan-20,Promo Basic Set,1982,469,119
192-1,Policemen,1977,364,85
Jan-22,Bucket,1994,505,50
Feb-22,Basic Building Set,1983,469,60
Jan-23,Viking Line Ferry,1989,471,185
Jan-24,Motorcycle,1983,1,103
Feb-24,Viking Line Ferry,1992,471,244
Jan-29,Guardsman,1988,598,13
Jan-32,Basic Building Set + Storage Case,1984,469,82
193229-1,Super Mario Carry Case,2021,501,0
194-1,Family,1976,364,94
Jan-44,Basic Set with Storage Case,1983,469,142
Jan-45,Basic Set,1994,505,18
Jan-50,Basic Set,1990,467,17
195-1,Airplane,1975,364,89
Jan-52,Dairy Tanker,1989,67,129
Jan-53,Mouse,1989,465,14
Jan-54,Surveillance Scooter,1995,142,23
Feb-54,Basic Set with Storage Case,1984,469,145
Jan-55,Color Line Ferry,1993,471,245
Feb-55,Plush Red Bunny / Rabbit Storage Bag,1984,501,0
Jan-57,Building Set with Storage Bunny,1985,505,29
Jan-58,Windsurfer,1993,67,21
Feb-58,Car Building Set,1985,504,5
Jan-59,Ultra-Light,1993,67,30
Feb-59,House Building Set,1985,504,8
Feb-60,Special Value 96 pieces (Canadian Set),1985,467,104
196-1,Antique Car,1975,364,115
Jan-62,Basic Building Set,1985,467,219
Jan-63,Basic Set with Storage Case,1986,467,221
Jan-64,Basic Building Set,1985,467,27
Jan-65,Basic Building Set,1985,467,38
Jan-66,Car Repair Shop,1985,67,302
Jan-67,System Bonus Pack,1993,559,0
Feb-67,Town Value Pack,1985,67,0
Jan-68,Space Express,1985,130,183
Jan-69,Mini Robot,1993,140,38
Feb-69,Space Value Pack,1985,130,0
Jan-70,Pirate's Gun Cart,1993,148,31
197-1,Farm Vehicle and Animals,1976,364,120
19710-1,Sears Tower (Brickstructures Version),2008,252,68
Jan-71,Black Knight's Battering Ram,1993,188,36
19720-1,John Hancock Center (Brickstructures Version),2008,252,69
Jan-72,Go-Cart,1985,1,98
Jan-73,Emirates Airliner,1989,729,139
Jan-74,Legoland Triple Pack,1989,559,0
19741980-1,Ninjago: Ninja vs. Fangpyre,2012,497,5
Feb-74,Flyercracker USA,1989,67,74
Mar-74,Smuggler's Hayride,1989,194,50
Apr-74,Star Quest,1989,132,37
Jan-75,Car and House Building Sets,1985,504,0
Jan-76,Town 3-Pack,1984,67,0
Jan-77,Space Value Pack,1983,130,0
Feb-77,Pre-School Building Set (XL),1991,505,100
Jan-78,Build-A-Santa,1991,227,39
Feb-78,Town Value Pack,1983,67,0
Jan-79,Snowman,1991,227,42
Feb-79,Town Value Pack,1984,67,0
Jan-80,Santa's Elves,1991,227,30
19801974-1,Ninjago: Ninja vs. Venomari,2012,497,5
198-1,Cowboys,1977,364,39
Jan-81,Rattle,1987,663,1
Jan-83,Space Value Pack,1984,130,0
Jan-90,F1 Race Car,1993,67,35
199-1,Scooter,1977,364,41
Jan-91,Racing Pickup,1993,67,81
Jan-92,Dragsters,1993,67,104
Jan-93,Race Value Pack,1993,67,0
Jan-94,Turtle Bucket with Motor,1992,467,192
Jan-95,Racer,1999,470,15
Jan-97,Town Value Pack,1985,67,0
Jan-98,Silja Line Ferry,1991,471,376
Jan-99,Space Value Pack,1985,130,0
Jan-00,Sally Starfish,1998,440,1
20001-1,BrickMaster,2007,22,103
20002-1,4x4 Fire Truck,2008,58,56
2000210-1,Workshop Kit 1-2,2015,507,55
2000211-1,Sample Set Snake,2015,507,15
20003-1,Dinosaur,2008,22,102
2000409-1,Window Exploration Bag,2010,507,5200
20004-1,Jungle Cruiser,2008,264,83
2000413-1,Connections Kit,2010,507,2045
2000414-1,Starter Kit,2012,507,239
2000415-1,Identity and Landscape Kit,2010,507,1536
2000416-1,Duck,2008,507,6
2000418-1,Workshop Kit for Simple Machines,2012,507,43
2000421-1,FLL Trophy Small,2013,398,233
2000422-1,FLL Trophy Medium,2013,398,280
2000423-1,FLL Trophy Large,2013,398,437
2000424-1,StoryStarter Workshop Kit,2014,507,96
2000425-1,Mindstorms EV3 Workshop Kit,2013,518,117
2000430-1,Identity and Landscape Kit,2013,507,2854
2000430-2,Identity and Landscape Kit,2022,507,2810
2000431-1,Connections Kit,2013,507,2448
2000442-1,Workshop Kit Spinning Top,2015,516,10
2000443-1,Workshop Kit Freewheeler,2015,529,91
2000444-1,Workshop Kit Back-to-Back,2015,516,10
2000445-1,Crossing the River,2016,516,16
2000446-1,"Building My SG - Reflect, Celebrate, Inspire",2015,507,244
2000446-2,"Building My SG - Reflect, Celebrate, Inspire (Special Commemorative Edition)",2015,507,244
2000447-1,WeDo Mascot Mini Milo,2016,521,31
2000448-1,Max and Mia,2016,507,9
2000451-1,The Panama Canal,2016,507,1184
2000453-1,STEAM Workshop Kit,2017,516,15
2000455-1,FIRST Competitions Medal,2019,398,18
2000456-1,SPIKE Prime Marketing Kit,2019,507,150
2000457-1,SPIKE Prime Elements Set,2020,528,374
2000458-1,SPIKE Essential Introductory Set,2021,507,112
2000460-1,BOOMTOWN BUILD  Discover More,2019,398,12
2000461-1,Discover More,2020,398,12
2000470-1,BricQ Motion Prime Personal Learning Kit,2021,507,78
2000471-1,BricQ Motion Essential Personal Learning Kit,2021,507,62
20005-1,Winged Rahi (Klakk),2008,324,38
2000524-1,E-Learning: Getting Started with StoryStarter,2015,517,0
2000556-1,Six Bricks,2021,516,12
20006-1,Clone Turbo Tank,2008,158,64
2000700-1,Mindstorms EV3 Replacement Pack 1,2015,518,70
2000701-1,Mindstorms EV3 Replacement Pack 2,2015,518,32
2000702-1,Mindstorms EV3 Replacement Pack 3,2015,518,4
2000703-1,Mindstorms EV3 Replacement Pack 4,2015,518,32
2000704-1,Mindstorms EV3 Replacement Pack 5,2015,518,24
2000705-1,Mindstorms EV3 Replacement Pack 6,2015,518,30
2000706-1,Mindstorms EV3 Replacement Pack 7,2015,518,8
2000707-1,Rubber Band Replacement Pack,2015,524,8
2000708-1,Machines & Mechanisms Replacement Pack 1,2015,525,60
2000709-1,Machines & Mechanisms Replacement Pack 2,2015,525,42
20007-1,Republic Attack Cruiser,2009,158,84
2000710-1,WeDo Replacement Pack 1,2015,524,32
2000711-1,WeDo Replacement Pack 2,2015,524,34
2000713-1,Tech Machines Screwdriver Replacement Pack,2013,516,1
2000714-1,Trash Trek Replacement Pack,2015,398,104
2000715-1,WeDo 2.0 Replacement Pack,2016,521,109
2000716-1,Animal Allies Replacement Pack,2016,398,87
2000719-1,SPIKE Prime Replacement Pack,2020,507,108
2000720-1,SPIKE Prime Workshop Kit,2020,507,53
2000722-1,SPIKE Essential Replacement Pack 1,2021,507,97
2000723-1,SPIKE Essential Replacement Pack 2,2021,507,16
2000727-1,SPIKE Essential Minifigures,2022,507,20
20008-1,Tow Truck,2009,22,79
20009-1,AT-TE Walker,2009,158,94
200-1,Family,1974,364,78
20010-1,Republic Gunship,2009,158,94
20011-1,Garbage Truck,2009,22,74
20012-1,Click,2009,324,33
20013-1,Mini Neptune Carrier,2010,315,63
20014-1,4 x 4 Dynamo,2010,22,69
20015-1,Crocodile,2010,22,89
20016-1,Imperial Shuttle,2010,158,70
20017-1,Dagger Trap,2010,271,52
20018-1,AT-AT Walker,2010,158,83
20019-1,Slave I,2011,158,76
200-2,Building Ideas Book,1985,497,2
20020-1,Mini Turbo Shredder,2011,435,83
20021-1,Bounty Hunter Assault Gunship,2011,158,81
200-3,"LEGO Town Plan Board, Plastic",1957,372,1
Jan-03,Jumbo Building Bag,1998,440,78
200-4,"LEGO Town Plan Board, Continental European Cardboard Version",1959,372,1
Jan-04,Jumbo Building Tub,1996,440,50
200-5,"LEGO Town Plan Board, UK / Australian Cardboard Version",1962,372,1
2005544-1,Mindstorms EV3 Design Engineering Projects,2016,518,0
Jan-08,Heart 2008,2008,599,92
Jan-09,Large Bulk Box,1997,440,25
Feb-09,Heart 2009,2009,599,92
200A-1,LEGO Town Plan Wooden Board,1957,372,1
200M-1,LEGO Town Plan Wooden Board,1957,372,1
1月20日,Universal Building Set,1976,469,218
Jan-10,Happy Holidays - The Christmas Game,2010,599,139
Feb-11,LEGO Duck,2011,599,91
20122014-1,Ninjago: Sons of Garmadon,2018,497,14
Jan-14,Oval Rattle,1986,663,1
Jan-15,Oval Rattle,1983,663,1
201908-mmb,Owl,2019,409,32
2月20日,Farm Animals,1986,443,4
20200-1,"Level One - Kit 1, Space Designer",2011,432,179
Jan-20,Duck Rattle / Teether,1987,663,1
20201-1,"Level One - Kit 2, Microbuild Designer",2011,432,222
20201214-1,Ninjago: Official Annual 2017,2017,497,26
20201412-1,Ninjago: Official Annual 2016,2016,497,14
20202030-1,Elves: Dragon Adventures,2016,497,17
20202-1,"Level One - Kit 3, Robot Designer",2011,432,155
20203-1,"Level Two - Kit 4, Flight Designer",2011,432,150
20204-1,"Level Two - Kit 5, Creature Designer",2012,432,232
20205-1,"Level Two - Kit 6, Auto Designer",2012,432,188
20206-1,"Level Three - Kit 7, The Lost Village",2012,432,229
20207-1,"Level Three - Kit 8, The Forbidden Bridge",2012,432,220
20208-1,"Level Three - Kit 9, The Dark Lair",2012,432,183
20209-1,"Level Four - Kit 10, Time Machine",2012,432,209
20210-1,"Level Four - Kit 11, World Architecture",2012,432,258
20211-1,"Level Four - Kit 12, Inventor's Lab",2012,432,208
20212-1,Level One - Kits 1-3,2012,432,383
20214-1,Adventure Designer (Kits 7 - 9 Redesign),2013,432,0
20215-1,Invention Designer (Kits 10 - 12),2013,432,675
20216-1,Robot & Micro Designer (Kits 2 - 3 Redesign),2013,432,0
20217-1,Action Designer (Kits 4 - 6 Redesign),2013,432,0
Jan-23,Square Rattle,1983,663,1
Jan-24,Duck Rattle,1983,663,1
Jan-25,Boat,1999,470,12
Jan-27,Alpha Pen Pack,2000,501,0
Jan-28,Classic Pen Pack,2000,501,38
Jan-29,Dream Star Pen Pack,2000,501,39
Jan-30,Safari Pen Pack,2000,501,27
Jan-32,Helicopter,1999,470,18
Feb-32,Space Port Pen Pack,2001,501,29
Jan-33,Clown Shape Sorter,1985,504,8
Feb-33,Life On Mars Pen Pack,2001,501,29
Jan-35,Sport Pen Pack,2002,501,27
Jan-37,Spin-A-Coaster,1983,663,2
Jan-38,Bath Activity Set,1983,663,2
Jan-39,Paddleboat,1999,440,2
Jan-40,Rock 'n' Roller,1989,663,3
Jan-45,Car,1999,470,17
2045100-1,StoryStarter Curriculum Pack and StoryVisualizer Software,2013,507,0
2045101-1,StoryStarter Fairy Tale Curriculum Pack,2015,507,0
2045102-1,StoryStarter Space Curriculum Pack,2015,507,0
2045103-1,StoryStarter Community Curriculum Pack,2015,507,0
2045210-1,MoreToMath 1-2 Curriculum Pack and MathBuilder Software,2015,507,0
2045300-1,WeDo 2.0 Curriculum Pack,2016,521,0
Jan-46,Fishing Fun,1999,440,5
Jan-47,Plane,1999,470,13
Jan-50,Squirrel,1987,663,2
20502-1,Electronic Deluxe Sword,2005,501,0
Jan-51,Spin-A-Coaster,1986,504,2
205-2,Universal Figure Set,1978,364,118
Jan-52,Clown Shape Sorter,1987,505,8
Jan-53,Rock 'n' Roll Pull-Toy,1980,504,5
Jan-54,Squirrel,1984,663,2
Jan-55,Rocking Horse,1984,663,3
Jan-56,Rock 'n' Rattle Pull-Toy,1980,504,8
Jan-57,Rocking Horse Push-Along,1986,663,3
Jan-59,Activity and Bath Toy,1986,663,2
Jan-63,Stormer 2.0,2011,401,31
Jan-64,Air Ambulance,2007,60,116
Feb-64,SpongeBob Pen,2008,501,0
Jan-65,Furno 2.0,2011,401,30
Jan-66,Bath-Tub Buddies,1989,663,2
Jan-67,Evo 2.0,2011,401,31
Jan-68,Nex 2.0,2011,401,31
Jan-69,Boat,1999,470,15
Jan-70,Ring Me Rabbit,1987,663,3
Jan-72,Touch and Learn Cot Toy,1987,663,9
Jan-73,Baby Gift Pack,1989,663,5
Jan-74,Rattle and Activity Gift Set,1989,663,10
Jan-75,Prop Plane,1999,470,14
208-1,Mother with Baby Carriage,1978,364,46
Jan-84,Large Stack 'n' Learn,1995,440,15
2月1日,Extra Large Tires & Hubs,1982,453,4
2月10日,Mini-Wheel Model Maker No. 2,1971,423,72
21000-1,Sears Tower,2008,252,69
21000-2,Willis Tower,2011,252,69
21001-1,John Hancock Center,2008,252,69
21002-1,Empire State Building,2009,252,77
21003-1,Seattle Space Needle,2009,252,57
21004-1,Solomon R. Guggenheim Museum,2009,252,208
21005-1,Fallingwater,2009,252,811
21006-1,The White House,2010,252,561
21007-1,Rockefeller Center,2010,252,240
21008-1,Burj Khalifa,2011,252,208
21009-1,Farnsworth House,2011,252,546
210-1,Cowboys,1976,364,39
21010-1,Robie House,2011,252,2276
21011-1,Brandenburg Gate,2011,252,362
21012-1,Sydney Opera House,2012,252,270
21013-1,Big Ben,2012,252,346
21014-1,Villa Savoye,2012,252,660
21015-1,The Leaning Tower of Pisa,2013,252,345
21016-1,Sungnyemun,2012,252,325
21017-1,Imperial Hotel,2013,252,1188
21018-1,United Nations Headquarters,2013,252,597
21019-1,The Eiffel Tower,2014,252,320
210-2,Small Store Set,1958,372,30
21020-1,Trevi Fountain,2014,252,731
21021-1,Marina Bay Sands,2014,252,602
21022-1,Lincoln Memorial,2015,252,274
21023-1,Flatiron Building,2015,252,471
21024-1,Louvre,2015,252,695
21026-1,Venice,2016,253,212
21027-1,Berlin,2016,253,289
21028-1,New York City,2016,253,598
21029-1,Buckingham Palace,2016,252,780
210-2-DUMMY-1,Dummy Set for 210-2,1958,301,8
21030-1,United States Capitol Building,2016,252,1032
21031-1,Burj Khalifa,2016,252,333
21032-1,Sydney,2017,253,361
21033-1,Chicago,2017,253,444
21034-1,London,2016,253,468
21035-1,Solomon R. Guggenheim Museum,2017,252,744
21036-1,Arc de Triomphe,2017,252,386
21037-1,LEGO House,2017,252,774
21038-1,Las Vegas,2017,253,487
21039-1,Shanghai,2018,253,597
21041-1,Great Wall of China,2018,252,550
21042-1,Statue of Liberty,2018,252,1685
21043-1,San Francisco,2019,253,565
21044-1,Paris,2019,253,649
21045-1,Trafalgar Square,2019,252,1197
21046-1,Empire State Building,2019,252,1767
21047-1,Las Vegas,2018,253,501
21050-1,Architecture Studio,2013,252,1211
21051-1,Tokyo,2020,253,547
21052-1,Dubai,2020,253,740
21054-1,The White House,2020,252,1483
21055-1,Burj Khalifa,2019,252,333
21056-1,Taj Mahal,2021,252,2024
21057-1,Singapore,2022,253,836
21058-1,Great Pyramid of Giza,2022,252,1476
Jan-08,Perky Paddler,1999,440,4
21083-1,Star Wars: The Video Game - PS2,2005,501,0
2月11日,Medium Basic Set,1976,433,130
1月21日,Horses & Corral,1986,443,10
21100-1,Shinkai 6500 Submarine,2011,576,413
21101-1,Hayabusa,2012,576,369
21102-1,Micro World,2012,576,479
21103-1,The DeLorean Time Machine,2013,576,401
21104-1,NASA Mars Science Laboratory Curiosity Rover,2014,576,295
21105-1,Micro World - The Village,2013,577,466
21106-1,Micro World - The Nether,2013,577,470
21107-1,Micro World - The End,2014,577,440
21108-1,Ghostbusters Ecto-1,2014,576,508
21109-1,Exo-Suit,2014,576,321
211-1,Mother and Baby with Dog,1976,364,44
21110-1,Research Institute,2014,576,164
Jan-11,Kai,2011,435,19
21113-1,The Cave,2014,577,249
21114-1,The Farm,2014,577,262
21115-1,The First Night,2014,577,408
21116-1,Crafting Box,2014,577,518
21117-1,The Ender Dragon,2014,577,636
21118-1,The Mine,2014,577,922
21119-1,The Dungeon,2015,577,219
211-2,Small House Set,1958,372,20
21120-1,The Snow Hideout,2015,577,327
Jan-12,Cole,2011,435,19
21121-1,The Desert Outpost,2015,577,519
21122-1,The Nether Fortress,2015,577,571
21123-1,The Iron Golem,2016,577,208
21124-1,The End Portal,2016,577,559
21125-1,The Jungle Tree House,2016,577,707
21126-1,The Wither,2016,577,318
21127-1,The Fortress,2016,577,984
21128-1,The Village,2016,577,1600
21129-1,The Mushroom Island,2017,577,247
21130-1,The Nether Railway,2017,577,387
Jan-13,Zane,2011,435,19
21131-1,The Ice Spikes,2017,577,454
21132-1,The Jungle Temple,2017,577,598
21133-1,The Witch Hut,2017,577,502
21134-1,The Waterfall Base,2017,577,729
21135-1,The Crafting Box 2.0,2017,577,717
21136-1,The Ocean Monument,2017,577,1122
21137-1,The Mountain Cave,2017,577,2863
21138-1,The Melon Farm,2018,577,69
21139-1,The Nether Fight,2018,577,85
21140-1,The Chicken Coop,2018,577,198
Jan-14,Chopov,2011,435,20
21141-1,The Zombie Cave,2018,577,241
21142-1,The Polar Igloo,2018,577,278
21143-1,The Nether Portal,2018,577,470
21144-1,The Farm Cottage,2018,577,549
21145-1,The Skull Arena,2018,577,198
21146-1,The Skeleton Attack,2018,577,457
21147-1,The Bedrock Adventures,2018,577,644
21148-1,Minecraft Steve BigFig with Parrot,2019,577,159
21149-1,Minecraft Alex BigFig with Chicken,2019,577,160
21150-1,Minecraft Skeleton BigFig with Magma Cube,2019,577,142
Jan-15,Bonezai,2011,435,21
21151-1,The End Battle,2019,577,222
21152-1,The Pirate Ship Adventure,2019,577,386
21153-1,The Wool Farm,2019,577,260
21154-1,The Blaze Bridge,2019,577,372
21155-1,The Creeper Mine,2019,577,834
21156-1,BigFig Creeper and Ocelot,2020,577,184
21157-1,BigFig Pig with Baby Zombie,2020,577,159
21158-1,The Panda Nursery,2020,577,204
21159-1,The Pillager Outpost,2020,577,303
21160-1,The Illager Raid,2020,577,561
Jan-16,Krazi,2011,435,22
21161-1,The Crafting Box 3.0,2020,577,564
21162-1,The Taiga Adventure,2020,577,74
21163-1,The Redstone Battle,2020,577,511
21164-1,The Coral Reef,2021,577,92
21165-1,The Bee Farm,2020,577,238
21166-1,"The ""Abandoned"" Mine",2020,577,248
21167-1,The Trading Post,2020,577,201
21168-1,The Warped Forest,2021,577,287
21169-1,The First Adventure,2021,577,542
21170-1,The Pig House,2021,577,490
211701-1,Batman,2017,708,8
211702-1,The Joker,2017,708,7
21171-1,The Horse Stable,2021,577,241
21172-1,The Ruined Portal,2021,577,316
21173-1,The Sky Tower,2021,577,565
21174-1,The Modern Treehouse,2021,577,909
21176-1,The Jungle Abomination,2021,577,496
21177-1,The Creeper Ambush,2022,577,72
21178-1,The Fox Lodge,2022,577,193
21179-1,The Mushroom House,2022,577,272
21180-1,The Guardian Battle,2022,577,255
211803-1,Batman,2018,708,9
211804-1,Harley Quinn,2018,708,6
21181-1,The Rabbit Ranch,2022,577,340
21183-1,The Training Grounds,2022,577,534
21184-1,The Bakery,2022,577,154
21185-1,The Nether Bastion,2022,577,300
21186-1,The Ice Castle,2022,577,499
21187-1,The Red Barn,2022,577,799
21188-1,The Llama Village,2022,577,1252
21189-1,The Skeleton Dungeon,2022,577,364
21190-1,The Abandoned Village,2022,577,422
211901-1,Batman,2019,697,7
211902-1,Robin,2019,697,7
211903-1,Superman and Kryptonite,2019,701,10
211904-1,The Flash,2019,697,6
211905-1,The Joker,2019,697,9
211906-1,Armored Batman,2019,697,7
2月21日,Truck,1971,433,33
21200-1,Life of George,2011,598,146
212007-1,Mr. Freeze,2020,697,17
212008-1,Batman,2020,697,13
212009-1,The Riddler,2020,697,10
212010-1,Batman - Mechanical Arms Backpack,2020,697,14
21201-1,Life of George II,2012,598,145
212011-1,The Joker & Catapult,2020,697,17
212012-1,Shazam!,2020,695,8
21204-1,Town Master,2014,590,256
21205-1,Battle Towers,2014,590,212
21206-1,Create and Race,2014,590,223
21208-1,Resort Designer,2014,590,262
212-1,Small House - Left Set,1958,372,21
Jan-21,Jack in the Box Promotional Set: Stomper,1997,465,11
212113-1,Batman,2021,697,19
212114-1,Robin,2021,697,10
212115-1,Batgirl,2021,697,15
212116-1,The Joker,2021,697,30
212117-1,The Penguin,2021,697,15
212118-1,Batman,2021,697,7
212-2,Scooter,1976,364,41
Jan-22,Jack in the Box Promotional Set: Bob,1997,465,14
212219-1,Batmobile,2022,697,38
212220-1,Batman,2022,697,22
212221-1,Robin and Heli-Pack,2022,697,16
212222-1,Batcycle,2022,697,29
21226-1,Art Project - Create Together,2021,709,4138
Jan-23,Jack in the Box Promotional Set: Spinner,1997,465,12
Jan-24,Green Bucket,1997,505,40
Jan-25,Green Bucket,1997,505,70
Jan-26,Train Cars,1997,236,383
Jan-27,Jack in the Box Promotional Set: Nanas,1997,465,13
Jan-29,Blast-Off Dragster,1997,1,64
Jan-30,Duck,1995,465,7
21301-1,Birds,2015,576,580
21302-1,The Big Bang Theory,2015,576,498
21303-1,WALL鈥 [Original Version],2015,576,677
21303-2,WALL鈥 [Fixed Neck Version],2015,576,676
21304-1,Doctor Who,2015,576,623
21305-1,Maze,2016,576,769
21306-1,The Beatles Yellow Submarine,2016,576,553
21307-1,Caterham Seven 620R,2016,576,771
21308-1,Adventure Time,2016,576,496
21309-1,NASA Apollo Saturn V,2017,576,1969
213-1,Airplane Ride,1977,364,44
21310-1,Old Fishing Store,2017,576,2057
Jan-31,Hippo,1995,465,10
21311-1,Voltron,2018,576,2321
21312-1,Women of NASA,2017,576,231
21313-1,Ship in a Bottle,2018,576,962
21314-1,TRON: Legacy,2018,576,230
21315-1,Pop-Up Book,2018,576,859
21316-1,The Flintstones,2019,576,748
21317-1,Steamboat Willie,2019,576,751
21318-1,Tree House,2019,576,3037
21319-1,Central Perk,2019,576,1070
213-2,Small House - Right Set,1958,372,21
21320-1,Dinosaur Fossils,2019,576,911
Jan-32,Cow,1995,465,10
21321-1,International Space Station,2020,576,864
21322-1,Pirates of Barracuda Bay,2020,576,2546
21323-1,Grand Piano,2020,576,3662
21324-1,123 Sesame Street,2020,576,1367
21325-1,Medieval Blacksmith,2021,576,2164
21326-1,Winnie the Pooh,2021,576,1265
21327-1,Typewriter,2021,576,2080
21328-1,Seinfeld,2021,576,1326
21329-1,Fender Stratocaster,2021,576,1079
21330-1,Home Alone,2021,576,3955
Jan-33,Impala,1995,465,12
21331-1,Sonic the Hedgehog 鈥?Green Hill Zone,2022,576,1125
21332-1,The Globe,2022,576,2585
21333-1,The Starry Night,2022,576,2316
21334-1,Jazz Quartet,2022,576,1606
21335-1,Motorized Lighthouse,2022,576,2063
21336-1,The Office,2022,576,0
Jan-34,Bison,1995,465,10
Jan-35,Aircraft,1997,465,9
Jan-36,Airplane,1996,465,12
Jan-37,Swamp Boat,1997,465,8
Jan-38,Helicopter,1997,465,8
Jan-39,Steam Liner,1996,465,12
Jan-40,ANWB Roadside Assistance Crew,1996,67,264
214-1,Road Repair,1977,364,64
214.10-1,"1 x 2 x 4 Glass Door in Frame, Left",1961,371,13
214.1-1,1 x 6 x 3 Window with Frame,1961,371,6
Jan-41,Surge 2.0,2011,401,30
214-2,"Ten Windows and Doors, Red",1958,371,10
214.2-1,1 x 6 x 2 Triple-Pane Window in Frame,1961,371,8
Jan-42,Breez 2.0,2011,401,29
214-3,"Ten Windows and Doors, White",1958,371,10
214.3-1,1 x 6 x 2 Double-Pane Window in Frame w/Shutters,1961,371,8
Jan-43,Rocka 3.0,2011,401,30
214.4-1,1 x 4 x 2 Window in Frame,1961,371,9
Jan-44,Nex 3.0,2011,401,29
214.5-1,1 x 3 x 2 Window in Frame,1961,371,12
Jan-45,Stormer 3.0,2011,401,31
214.6-1,1 x 2 x 2 Window in Frame,1961,371,15
Jan-46,Freestyle with Storage Case,1996,399,819
214.7-1,1 x 1 x 2 Window Frame,1961,371,19
Jan-47,Dragon Fly,1997,67,183
Feb-47,Stormtrooper Pen,2009,501,12
214.8-1,1 x 2 x 1 Window Frame,1961,371,19
Jan-48,LEGO Truck,1997,67,105
Feb-48,LEGO Truck [Lego Toy Fair 1998 25th Anniversary Edition],1998,50,105
214.9-1,1 x 1 x 1 Window Frame,1961,371,20
Jan-49,Color Line Container Lorry,1997,67,185
Jan-50,Train Station,1996,236,610
215-1,Red Indians,1977,364,75
Jan-51,Robo Raider,1997,138,137
215-2,2 x 8 Bricks  (EUR/UK/AUS),1958,371,6
Jan-52,Robo Raptor,1997,138,222
215-2B,"2 x 8 Bricks, Blue (EUR/UK/AUS)",1958,371,6
215-2R,"2 x 8 Bricks, Red (EUR/UK/AUS)",1958,371,6
215-2W,"2 x 8 Bricks, White (EUR/UK/AUS)",1958,371,6
215-2Y,"2 x 8 Bricks, Yellow (EUR/UK/AUS)",1958,371,6
215-3,2 x 8 Bricks (USA/CAN),1961,371,9
Jan-53,Robo Stalker,1997,138,280
215-3B,"2 x 8 Bricks, Blue (USA/CAN)",1961,371,9
215-3Bk,"2 x 8 Bricks, Black (USA/CAN)",1962,371,9
215-3R,"2 x 8 Bricks, Red (USA/CAN)",1961,371,9
215-3W,"2 x 8 Bricks, White (USA/CAN)",1961,371,9
215-3Y,"2 x 8 Bricks, Yellow (USA/CAN)",1961,371,9
215-4,2 x 8 Mursten Bricks (EUR),1956,371,24
Jan-54,Robo Master,1997,138,363
Jan-55,Aircraft,2000,470,18
Feb-55,Darth Vader Pen,2006,501,16
Jan-56,Car,2000,470,17
Feb-56,Yoda Pen,2006,501,11
Jan-57,Boat,2000,470,16
Jan-58,Helicopter,2000,470,10
Feb-58,Chewbacca Pen,2006,501,12
Jan-59,9V Train Track Starter Collection,2006,236,24
Jan-60,Crystal Scavenger,1997,309,114
216-1,2 x 10 Bricks,1958,371,5
Jan-61,Aqua Dozer,1997,309,137
Jan-62,Hydro Reef Wrecker,1997,309,288
Jan-63,Sabah Promotional Set: Toucan,1997,465,9
Jan-64,Whale,1997,465,9
Jan-65,Rhinocerous,1998,465,10
Jan-66,Animal,1998,465,10
Jan-67,Penguin,1997,465,8
Jan-70,Cole DX,2011,435,21
217-1,Service Station,1977,364,211
Jan-71,Zane DX,2011,435,22
217-2,4 x 4 Corner Bricks,1958,371,5
Jan-72,Nya,2011,435,21
Jan-73,Nuckal,2011,435,26
Jan-74,Kruncha,2011,435,24
Jan-75,Wyplash,2011,435,23
21785-1,Batman the Videogame - PS2,2008,501,0
218-1,Firemen,1977,364,277
Jan-81,Infomaniac,1997,67,4
218158-1,Knights' Kingdom The Game,2006,198,40
218-2,2 x 4 Bricks,1958,371,13
Jan-82,Bulk 3.0,2011,401,30
Jan-83,Stringer 3.0,2011,401,30
Jan-84,XL Bulk Bucket,1997,467,1000
Jan-86,Seaplane,1997,399,77
Jan-87,Racer,1997,399,64
Jan-88,Speedboat,1997,399,58
Jan-89,Pony,1997,505,3
219-1,2 x 3 Bricks,1958,371,15
Jan-91,Furno 3.0,2011,401,28
2191722-1,Jurassic World with Dr. Wu Minifigure - PS4,2015,501,0
Jan-92,Drilldozer,2011,403,61
Jan-93,Jetbug,2011,403,63
Jan-94,Nitroblast,2011,403,57
Jan-98,3 Building Plates,1999,505,3
Jan-99,Large Bulk Bucket,1997,467,467
220-1,2 x 2 Bricks,1958,371,20
1月22日,Car,1971,433,47
221-1,Idea Book #1,1973,497,0
221-2,1 x 2 Bricks,1958,371,26
Jan-20,Build N' Play Fire Theme,1996,632,59
222-1,Building Ideas Book,1975,497,0
Jan-21,Build N' Play Circus Theme,1996,632,85
222-2,1 x 1 Bricks,1958,371,40
Jan-22,Tunnel Fun,1998,505,33
Jan-23,Spooky House,1998,505,41
Jan-24,Tubular Chest,1998,505,118
Jan-25,Heavy Loader,2000,505,66
Jan-26,Medium Bucket,1998,505,50
Jan-29,Bucketful of Fun,1998,470,201
Jan-30,Helicopter and Raft,2008,59,115
223-1,Adventure Set,1968,366,223
Jan-31,Waspix,2011,403,48
223-2,1 x 1 Round Bricks,1958,371,40
Jan-32,Raw-Jaw,2011,403,52
Jan-33,Fangz,2011,403,55
Jan-34,Police Chase,1998,94,157
Jan-35,Fire Lord,2011,403,125
Jan-36,Scorpio,2011,403,104
224-1,2 x 2 & 2 x 4 Curved Bricks,1956,371,14
Jan-41,Basic Set,1997,505,32
Jan-42,Extra Bricks (S),1997,505,52
Feb-42,Brick Starters (Explore),2002,505,52
224-3,2 x 2 Curved Bricks,1958,371,20
Jan-45,Farmhouse Bucket,1997,505,47
Jan-47,Extra Bricks (M),1997,505,99
Jan-50,Advent Calendar 2000,2000,207,241
225-1,1 x 6 and 1 x 8 Bricks,1958,371,9
Jan-51,Horse 'n' Home,1997,505,72
Jan-52,Basic Set,1997,505,37
Jan-53,Big Tubular Playtime,1999,505,90
Jan-54,Mountain Shrine,2011,435,169
Jan-55,Sensei Wu,2011,435,20
Jan-56,Lord Garmadon,2011,435,23
Jan-57,Spinjitzu Starter Set,2011,435,57
Jan-58,Ninja Ambush,2011,435,71
Jan-59,Skull Motorbike,2011,435,157
Jan-60,Ice Dragon Attack,2011,435,158
226-1,8 Named Beams,1958,371,8
Jan-61,Happy Gardener,1997,505,11
226-1-DUMMY-1,Dummy set for Various 3009 prints For Set 226-1,1958,371,44
226-2,Idea Book,1981,497,0
Jan-62,Basic Set,1997,505,20
Jan-63,Turbo Shredder,2011,435,298
Jan-64,Medium Bucket,1997,505,48
Jan-65,Large Puppy Clearpack,1997,505,69
Jan-66,Extra Large Value Bucket,1997,505,92
Jan-68,Katie Cat Bucket,1998,505,50
Jan-69,Build a Zoo,1998,505,90
Jan-70,Spotty Dog,1998,504,5
227-1,4 x 8 Curved & 2 x 8 Plates,1958,371,5
Jan-71,Boy with Barrow,1998,505,4
Jan-72,Medium Bucket,1998,505,50
Jan-75,Sarah's Flower Garden,1998,505,19
Jan-76,Train with Oval Case,1998,505,50
Jan-77,Boy with Cat,1998,505,8
Jan-78,Large Bucket,1998,505,91
Jan-79,Tubular Motion,1998,505,75
Jan-80,Circus Freeway,1999,505,30
228-1,4 x 8 & 2 x 8 Plates,1958,371,5
Jan-81,Deluxe Harbor Highway,1999,505,50
Jan-82,Rocka XL,2011,401,174
Jan-83,Witch Doctor,2011,403,337
Jan-84,Clown Go Round,1999,505,14
229-1,6 x 8 & 2 x 8 Plates,1958,371,4
229.1-1,2 x 8 Plates,1962,371,8
Jan-91,Animal,1985,504,6
Jan-94,Ladybug,1999,505,9
Jan-95,Clown,1999,505,7
Jan-97,Cute Animals,2000,505,11
Jan-99,Pingo,1999,505,11
Jan-00,Small Bucket,1999,505,48
230-1,Hairdressing Salon,1978,405,229
Jan-01,Building Plates 6 x 12,1985,504,2
230-2,Six Trees and Bushes,1958,371,6
Jan-02,Building Plate 24 x 24,1982,504,1
Jan-03,Building Plates,1991,505,2
Jan-04,Large Building Plate,1992,505,1
Jan-05,Building Plate 24 x 24,1984,504,1
Jan-06,Large Building Plate,1991,505,1
Jan-07,Supplementary Bricks,1984,505,18
Jan-09,Supplementary Bricks,1984,505,25
1月23日,Delivery Truck Set,1971,433,64
Jan-10,Supplementary Bricks,1987,505,33
231-1,Hospital,1978,405,402
Jan-11,Clown,1993,505,16
231-2,Esso Pumps/Sign,1956,371,2
Jan-12,Supplementary Bricks,1987,505,39
Jan-13,Basic Set,1991,505,29
Jan-14,Large Basic Set,1991,505,38
Jan-15,Duck,1985,505,6
Jan-17,Police Building Set,1994,505,12
Jan-18,Pullback Motor,1991,504,1
2月23日,Value pack Italy,1995,50,0
232-1,Bungalow,1978,405,474
2321066-1,City Undercover Limited Edition - Wii U,2013,501,0
Jan-21,Happy Birthday Building Set,1996,505,33
232-2,16 Road Signs,1958,371,16
Jan-24,Large Giraffe Bucket,1995,505,50
Jan-26,Green Elephant Bucket XL,1995,505,66
Jan-27,Supplementary Bricks,1994,505,20
Jan-30,Basic Set,1981,505,10
233-1,Light Masts,1958,371,4
Jan-31,"Barney, The Skateboard Bear",1991,505,8
Jan-32,XL Elephant Bucket,2000,505,90
Jan-33,Basic Set - Animal,1987,505,12
Jan-35,Basic Set (Animal),1984,505,9
Jan-37,Rover's Building Set,1994,505,32
Jan-38,Kitty Cat's Building Set,1995,505,36
Jan-39,Basic Box,1996,505,49
234-1,Letter Bricks,1958,371,53
Jan-41,Peter's Holiday Building Set,1991,505,17
Jan-44,Circus - Basic Set,1987,505,19
Jan-45,Basic Set (House),1984,505,17
Jan-46,Train Oval Suitcase,1996,634,53
Jan-47,Barnaby Bear's Building Set,1994,505,41
Jan-49,Basic Storage Unit (Green Suitcase),1996,505,42
Jan-50,Basic Building Set,1981,505,24
235-1,Garage Plate and Door (White Base and Door Frame),1958,371,3
235-2,Garage Plate and Door (Gray Base and Door Frame),1968,371,5
Jan-55,Basic Set (Vehicles),1984,505,27
Jan-56,Jumbo Tub (Zoo Tub),1996,505,109
236-1,Garage with Automatic Door (White base and door frame),1956,372,69
Jan-61,Matt and Mutt Building Set,1991,505,23
236-2,Garage and Van,1957,372,69
Jan-62,Large Circus Bucket,1995,505,57
236-3,Garage with Automatic Door (Gray base and door frame),1968,372,59
Jan-64,Circus Bucket Green,1995,505,42
Jan-65,Basic Set (Safari),1983,505,34
Jan-66,House and Car,1987,505,26
Jan-68,XL Basic Bucket,1995,505,72
237-1,Number Bricks,1960,371,50
Jan-71,Flying School,1991,505,39
Jan-72,Zoo Bucket,1993,505,38
Jan-76,Play Bucket,1991,505,36
Jan-77,Basic Set (Safari),1987,505,45
Jan-80,Panda's Building Bonanza,1994,505,80
238-1,Lego System Idea Book no. 1,1960,497,0
Jan-81,Bucket of Bricks,1991,505,65
238-2,Lego System Idea Book (by Samsonite),1961,497,0
Jan-82,Train Bucket,1993,505,44
238-3,Lego System Idea Book no. 1,1962,497,0
238-4,Lego System Ideas Book no. 2,1962,497,0
238-5,Lego System Ideas Book no. 2,1963,497,0
238-6,Lego System Idea Book,1963,497,0
Jan-86,Circus Bucket,1991,505,54
238-7,So Bauen Wir Mit LEGO,1963,497,0
Jan-87,Playtime Bucket,1992,505,56
238-8,System: Ideas Book No. 3,1964,497,0
Jan-88,Basic Set (Harbour),1987,505,48
238-9,System: Idea Book,1964,497,0
Jan-90,Maxi Building Bucket,1994,505,29
239-1,Wir bauen mit Lego Idea Book,1966,497,0
Jan-91,Farm in a Bucket,1991,505,63
239-2,Das gro脽e Lego-Buch Idea Book,1968,497,0
Jan-92,Farmyard,1991,632,63
Jan-93,Medium Bucket,1994,505,41
Jan-94,Farm Bucket,1994,505,52
Jan-96,Extra Large Bucket,1994,505,56
Jan-99,Basic Set (Town),1987,505,68
Jan-00,Cute Vehicles,2000,505,32
240-1,"Wooden Storage Box Large, Empty",1967,365,0
Jan-01,Racer,1984,505,4
240-2,Idea Book,1967,497,1
Jan-02,Police Car,1984,632,5
Jan-03,Fire Chief Building Set,1985,632,5
Jan-04,Windmill Building Set,1987,505,11
1月24日,Minitalia Train,1971,433,77
241-1,4.5v Idea Book,1969,497,0
Jan-11,Camping Building Set,1984,505,11
Jan-12,Boat Yard Building Set,1985,505,17
241501-1,Enki the Panther,2015,600,14
241502-1,Flamy the Fox,2015,600,12
241601-1,Miku the Dragon,2016,600,12
241602-1,Jynx The Witch's Cat,2016,600,26
241701-1,Mr. Spry and His Lemonade Stand,2017,600,20
241702-1,Hidee the Chameleon,2017,600,19
242001-1,Spider-Man,2020,702,20
242002-1,Iron Man,2020,702,8
242003-1,Captain Marvel,2020,702,10
242-1,International Flags,1958,371,5
242104-1,Venom,2021,706,14
242105-1,Thor,2021,702,9
242106-1,Captain America,2021,696,10
242107-1,War Machine,2021,702,18
242108-1,Iron Spider,2021,706,14
242109-1,Black Widow,2021,702,17
242.1-1,6 International Flags -1-,1963,371,6
242-2,5 Danish Flags,1958,371,5
242.2-1,6 International Flags -2-,1963,371,6
242210-1,Iron Man,2022,702,22
242211-1,Loki,2022,702,7
242212-1,Captain America,2022,702,13
242213-1,War Machine,2022,702,15
242214-1,Spider-Man,2022,706,1
242.3-1,6 International Flags -3-,1963,371,6
Jan-24,Basic Building Bucket,1989,505,84
Jan-26,Farm Bucket,1989,505,62
242A-1,"International Flags - Italy, Switzerland, Belgium, Germany, Netherlands",1961,371,5
242B-1,"International Flags - Britain, France, Austria, Portugal, LEGO",1961,371,5
242I-1,International Flags,1958,371,5
Jan-30,Clown Parade,1989,632,18
Jan-31,Big Chief's Canoe,1998,665,3
Jan-32,Big Chief's Camp,1998,665,18
Jan-33,Stagecoach,1998,665,10
Jan-34,Sheriff Jake,1998,665,33
Jan-35,Western Town,1998,665,37
Jan-36,Big Chief's Big Camp,1998,665,45
Jan-37,Sheriff Jake,1998,665,69
Jan-38,Big Western Set,1998,665,68
Jan-42,School Room,1990,505,9
Jan-43,Lil' Skipper,1991,632,6
Jan-44,Lil' Circus,1994,632,8
Jan-45,Farm Yard,1994,632,19
Jan-46,Windmill,1990,505,12
Jan-47,Speedway,1991,505,9
Jan-50,Airport,1990,505,14
245-1,Lighting Device Pack,1958,371,3
Jan-51,Police Squad,1991,505,14
245-2,Two Santas and Tree,1978,227,39
Jan-52,Choo Choo Train,1993,634,13
Jan-53,Large Bulk Bucket,1998,470,950
Jan-54,Harbor Town,1990,505,18
Jan-55,Corral,1991,632,24
Jan-58,Barnyard,1990,632,22
Jan-59,Express Train,1991,634,26
246-2,Santa with Sleigh and Reindeer,1977,227,68
Jan-66,Medium Yellow Bucket,1999,505,50
Jan-67,Large Bucket,1999,505,86
Jan-77,Basic Set,2000,505,30
248-2,Factory With Conveyor Belt,1971,416,208
Jan-88,Happy Hippo Build n' Store,1999,505,80
Jan-90,Insectoids Combination Set,1998,134,1
Jan-93,Medium Bucket,1998,505,50
Jan-94,400-Piece Purple Bucket,1998,467,400
250-1,Idea Book 250,1987,497,2
250-2,1:87 Esso Bedford Tanker,1956,368,1
250-3,Aeroplane and Pilot,1974,364,89
Jan-03,Musical Apple,2000,440,2
Jan-04,Spinjitzu Dojo,2011,435,373
Jan-05,Garmadon's Dark Fortress,2011,435,518
Jan-06,Skull Truck,2011,435,515
Jan-07,Fire Temple,2011,435,1174
Jan-08,Blacksmith Shop,2011,435,189
Jan-09,Earth Dragon Defense,2011,435,227
251-1,Windmill with Miller and his Wife,1974,364,90
251-2,1:87 Esso Bedford Truck,1956,368,1
Jan-16,Ninja Training Outpost,2011,435,46
Jan-18,Nuckal's ATV,2011,435,174
Jan-19,Skeleton Bowling,2011,435,371
Jan-20,Battle Arena,2011,435,463
252-1,Locomotive with Driver & Passenger,1974,364,115
Jan-21,Lightning Dragon Battle,2011,435,645
252-2,1:87 Esso Bedford Trailer,1956,368,1
253-1,1:87 Bedford Flatbed Truck,1958,368,1
Jan-31,Rescue Helicopter and Jeep,1998,50,99
253-2,Helicopter and Pilot,1975,364,49
Jan-32,Aircraft and Ground Crew,1998,50,143
253257-1,Bionicle Towel Toa Hordika,2006,501,0
Jan-35,Formula 1 Racing Car,1998,50,31
Jan-36,Divers Jet Ski,1998,86,25
Jan-37,Extreme Team Raft,1998,87,20
Jan-38,Fright Knights Fire Cart,1998,195,21
Jan-39,Fright Knights Flying Machine,1998,195,21
Jan-40,Fright Knights Catapult Cart,1998,195,26
254-1,Family,1975,364,94
Jan-41,Adventurers Car,1998,297,24
254-2,1:87 Bedford Flatbed Trailer,1958,368,1
Jan-42,Adventurers Aeroplane,1998,297,22
Jan-43,Spacecraft,1998,144,18
Jan-44,Motorcycle,1998,1,27
Jan-50,Tom's Adventure,1990,505,5
255-1,1:87 Bedford Fire Engine,1958,368,1
Jan-51,Grandma's Kitchen,1992,652,41
255-2,Farming Scene,1975,364,120
Jan-52,Family Home Bucket,1992,652,49
Jan-53,Patty鈥檚 Pony Stable,1993,652,28
Jan-54,Formula 1 Pit Stop,1998,50,173
Jan-55,Swing Set,1998,318,53
Jan-56,Ferrari Formula 1 Racing Car,1997,278,580
256-1,Police Officers and Motorcycle,1976,364,85
256-2,1:87 Bedford Tow Truck,1958,368,1
257-1,1:87 Bedford Delivery Truck,1958,368,1
Jan-80,Friendly Animal Bus,2001,505,110
258-1,Zoo with Baseboard,1976,364,473
Jan-81,School Bus,1997,505,72
258175-1,Play and Build Remote for Nintendo Wii - Red,2010,501,0
258175-2,Play and Build Remote for Nintendo Wii - Pirates of the Caribbean,2011,501,25
258175-3,Play and Build Remote for Nintendo Wii - Orange,2010,501,23
258175-4,Play and Build Remote for Nintendo Wii - Blue,2010,501,25
258-2,1:87 VW Van,1958,368,0
Jan-84,Biker Bob,1998,50,22
Jan-85,Handcar,1998,236,27
Jan-86,Chess King,1998,186,26
Jan-88,Safari Hippo,1999,505,80
259-1,1:87 VW Pickup,1958,368,0
Jan-92,Baby Mickey & Baby Minnie,2000,440,20
Jan-93,Baby Mickey,2000,440,9
Jan-94,Baby Mickey and Baby Minnie Playground,2000,440,11
Jan-98,Large Red Building Plate,2006,505,1
Jan-99,Racing Team,1998,632,13
Jan-00,Brontosaurus Family,1998,658,32
260-1,Idea Book 260,1990,497,2
Jan-01,T-Rex Dinosaurs (Mother & Baby),1997,658,7
260-2,1:87 VW Beetle,1958,368,1
Jan-02,Dinosaurs Family Home,1997,658,30
260-3,Complete Living Room Set,1971,405,178
Jan-03,Dinosaurs Tub,1997,658,70
Jan-04,Dino World,1997,658,62
Jan-05,Dinosaur Park,1997,658,46
Jan-06,Dump Truck,1997,632,8
Jan-07,Speed Car (Catapult Racer),1997,632,4
Jan-08,Family,1994,504,11
Jan-09,Racer,1990,632,2
Jan-10,Yellow Car,1985,632,3
261-1,Bathroom,1979,405,180
Jan-11,Fire Engine,1985,632,3
261-2,1:87 VW Beetle with Showroom,1958,368,3
Jan-12,Motorbike & Rider (PreSchool Scooter),1988,632,2
261-2-DUMMY-1,Dummy Set for 261-2,1958,301,8
261-3,1:87 VW Beetle with Garage,1963,368,3
Jan-13,Refuse Truck (Garbage Truck),1990,632,4
261-4,Complete Kitchen Set,1971,405,158
Jan-14,Mother and Baby,1988,652,3
Jan-15,Nursery,1990,652,8
Jan-16,Mini Safari,1994,632,5
Jan-17,Tow Truck,1989,504,4
Jan-18,Deep Sea Diver,1984,632,2
Jan-19,Rescue Helicopter,1984,632,3
Jan-20,Sports Car,1980,632,3
262-1,1:87 Opel Rekord with Garage,1961,368,3
Jan-21,Motorbike Transporter,1994,632,5
Feb-21,Tractor,1981,632,3
262-2,Complete Children's Room Set,1972,405,260
Jan-22,Little Plane,1982,632,2
Jan-23,Delivery Truck,1980,632,7
Jan-24,Helicopter,1981,632,3
Jan-25,Car with Boat and Trailer,1980,632,7
Jan-26,Car and Boat Vacation Trailer,1988,632,5
Jan-27,Pony Trailer (Rodeo),1980,632,6
Jan-28,Transport Truck,1987,632,5
Jan-29,Tractor and Farm Machinery,1985,632,7
Jan-30,Family Room,1980,652,14
Feb-30,Car and Campervan,1990,632,12
263-1,Kitchen Set,1974,405,174
Jan-31,Stunt Pilot and Plane,1985,632,2
263-2,1:87 Ford Taunus 17M de Luxe with Garage,1961,368,3
Jan-32,Delivery Truck (Container Transport),1987,632,5
Jan-34,Tip Truck,1983,632,7
Jan-35,Fire Engine,1982,632,4
Jan-36,Tow Truck,1984,632,4
Jan-37,Fire Engine,1987,632,7
26374-1,Bohrok Swarm Trading Game: Blue Pack,2002,324,12
26377-1,Bohrok Swarm Trading Game: Red Pack,2002,324,12
26379-1,Bohrok Swarm Trading Game: Green Pack,2002,324,12
Jan-38,Container Truck (Truck with Crane),1987,632,10
Jan-39,Petrol Station (Gas Station),1984,632,14
Jan-40,Grocery Store (Supermarket),1980,632,26
264-1,Living Room Set,1974,405,242
Jan-41,Barnyard,1982,632,21
Feb-41,Jumbo Plane,1988,632,12
264-2,1:87 Mercedes 220 with Garage,1961,368,3
Jan-42,Living Room,1982,652,27
Jan-43,Fishing Boat,1989,632,18
Feb-43,Playhouse,1980,652,1
Jan-44,Service Station,1981,632,17
Jan-45,Nursery School,1980,652,35
Jan-46,Crane Set,1983,632,18
Jan-47,Farm Animals,1985,632,18
Jan-48,Play-Box Home and Garage,1982,652,21
Jan-49,Sea Explorer,1984,632,44
Jan-50,Farm,1980,632,66
Feb-50,Cannon Ball Clowns,1989,632,7
265-1,Bathroom,1974,405,148
Jan-51,Circus Artists,1989,632,9
265-2,1:87 Karmann Ghia with Garage,1961,368,4
Jan-52,Circus Caravan,1988,632,16
Jan-54,Police Emergency Unit,1991,632,12
Jan-55,Play Farm,1985,632,58
Jan-56,Village Post Office,1989,632,27
Jan-57,Service Station,1989,632,48
Jan-58,Fire Station,1989,632,66
Jan-59,Baby Animals,1995,632,8
Jan-60,Zoo Nursery,1991,632,5
266-1,Child's Bedroom,1974,405,146
Jan-61,Zoo Van (Animal Transporter),1990,632,4
266-2,1:87 Mercedes 190 SL with Garage,1963,368,3
Jan-62,Crocodile and Sea Lion,1990,632,15
Jan-63,Water Animals,1995,632,23
Jan-64,Tiger and Panda Family (Tiger Enclosure),1990,632,25
Jan-65,Wild Cats,1995,632,23
Jan-66,Savannah and Polar Animals (Mini Zoo),1990,632,28
Jan-67,Animals Park,1995,632,44
Jan-68,Children's Zoo (Zoo Animal Antics),1990,632,41
Jan-69,Maxi Zoo,1990,632,71
Jan-70,Water Park,1995,632,47
267-1,1:87 VW 1500 Limousine with Garage,1963,368,3
Jan-71,Grand Prix Racing Team,1991,632,9
Jan-72,Police Station,1991,632,19
Jan-73,Motorcycle Patrol,1996,632,6
Jan-74,Racing Team,1996,632,9
Jan-75,Police Helicopter,1993,632,4
Jan-76,Bertie the Little Red Plane,1993,632,9
Jan-77,Fire Helicopter,1993,632,10
Jan-78,Jumbo Jet,1993,632,15
Jan-79,Airport,1993,632,26
Jan-80,Doctor's Surgery,1994,632,13
268-1,Family Room,1979,405,253
Jan-81,Lion Safari,1994,632,18
268-2,1:87 Ford Taunus 17M with Garage,1963,368,3
Jan-82,Ambulance,1994,632,8
Jan-83,Police Station,1996,632,36
Jan-84,Dinghy,1997,632,3
Jan-85,Water Park,1996,632,47
Jan-87,Harbour,1997,632,53
Jan-88,Health Center (Doctor's House),1994,632,40
Jan-89,Savannah Animals,1994,632,32
Jan-90,Fire Chief,1995,632,7
269-1,Kitchen,1979,405,211
Jan-91,My First Fire Engine,1995,632,14
Jan-92,Fire Heliport,1995,632,23
Jan-93,Fire Station,1995,632,44
Jan-94,Mini Farm,1996,632,43
Jan-95,Pony Carriage,1996,632,4
Jan-96,Farm Tractor,1996,632,11
Jan-97,Farm Animals,1996,632,18
Jan-99,Farm Yard,1996,632,69
2月7日,Basic Set,1973,469,139
Jan-00,Train Set (Freight),1983,634,34
270-1,5 Cyclists / Motorcyclists,1958,368,1
Jan-01,Train & Station Set (Duplo Express),1988,634,46
270-2,"Grandfather Clock, Chair and Table",1973,405,47
Jan-04,Fire Vehicle,1998,505,92
Jan-05,Passenger Train,1983,634,14
Jan-06,Barnyard Express,1988,634,11
Jan-07,Glider,2000,465,9
Jan-08,Aircraft,2000,465,12
Jan-09,Snowmobile,1996,465,8
Jan-10,Helicopter,2000,465,8
271-1,Baby's Cot and Cabinet,1973,405,49
Jan-11,Straight Rails,1983,634,4
271-2,Traffic Police Set,1958,372,6
Jan-12,Curved Tracks,1983,634,4
Jan-13,Points,1984,634,10
Jan-14,Train Crossings,1987,634,4
271601-1,Lance,2016,605,14
271602-1,Jet Horse,2016,605,34
271603-1,Robin,2016,605,23
271604-1,Globlin Spiders,2016,605,28
271605-1,Lava Warrior,2016,605,12
271606-1,Knight Racer,2016,605,21
271607-1,Firecracker Catapult,2016,605,17
271608-1,Kid Clay,2016,605,18
271609-1,Bat-Gun,2016,605,29
271610-1,Mighty Mech Bot,2016,605,34
271611-1,Pilot Bot,2016,605,13
Jan-17,Train Bridge,1984,634,5
271712-1,Clay,2017,605,18
271713-1,Merlok 2.0,2017,605,13
271714-1,Robin,2017,605,19
271715-1,Lance's Micro Limo,2017,605,34
271716-1,Gargoyle,2017,605,12
271717-1,Rock Speeder,2017,605,31
271718-1,Aaron,2017,605,14
271719-1,Stone Giants' Gun,2017,605,33
271720-1,Macy,2017,605,8
271721-1,Clay's Mini Falcon,2017,605,44
271722-1,Stone Giant with Flying Machine,2017,605,19
271723-1,Hovercraft,2017,605,35
Jan-18,Aircraft and Ground Crew (Air 2000 Version),2001,729,144
271824-1,Robin,2018,605,16
271825-1,Aaron,2018,605,15
271826-1,Fred,2018,605,10
271827-1,Cyber-Snapper,2018,605,23
271828-1,Lance,2018,605,12
271829-1,Clay,2018,605,15
271830-1,King鈥檚 Guard,2018,605,17
271831-1,Macy,2018,605,21
271832-1,VanByter,2018,605,7
Jan-19,Heli Monster,1999,470,9
2月27日,Train Contact Bricks,1977,456,2
Jan-20,Goods Station (Cargo Center),1988,632,33
272-1,Dressing Table with Mirror,1973,405,32
Jan-22,Ship,2000,465,12
Jan-28,The Chopper,1999,470,11
Jan-29,Quattro Leg,1999,470,17
Jan-30,Electric Play Train Set,1993,634,61
273-1,Bureau,1973,405,23
Jan-31,Push-Along Play Train,1996,634,10
Jan-32,Push-Along Play Train Set,1992,634,49
Jan-33,Push-Along Play Train (with Elephant),1993,634,12
Jan-34,Straight Track (Straight Rails),1993,634,6
Feb-34,Straight Track (Straight Rails),2004,634,6
Jan-35,Curved Track (Curved Rails),1993,634,6
Feb-35,Curved Track (Curved Rails),2004,634,6
Jan-36,Points (Switching Tracks),1993,634,4
Jan-37,Diamond Crossing and Tracks (Crossing & Rails),1993,634,9
Jan-38,Train Bridge,1994,634,11
Jan-39,Tip Wagon,1996,634,10
Jan-40,Level Crossing,1993,634,7
274-1,Colour T.V. and Chair,1974,405,46
Jan-41,Electric Train Starter Set,1996,634,36
Jan-42,Loudspeaker,1999,470,9
Jan-43,Pendulum Nose,1999,470,21
Jan-44,Propeller Man,1999,470,10
Jan-45,Deluxe Electric Train Set,1996,634,88
Jan-50,Family,1986,504,7
275-1,Table and Chairs,1974,405,64
Jan-51,Egg Fun,2000,505,0
Feb-51,Egg (Blue),2000,505,4
Mar-51,Egg (Green),2000,505,7
Apr-51,Egg (Red),2000,505,7
May-51,Egg (Yellow),2000,505,5
Jun-51,Egg Fun - Set of 4,2000,505,0
275-2,1:87 VW Van,1956,368,0
Jan-52,Bedroom,1986,652,30
Jan-54,Bathroom,1986,652,12
Jan-56,Kitchen,1986,652,22
Jan-57,Bad Monkey,1999,470,9
Jan-58,Living Room,1986,652,30
Jan-59,Rotor Head,1999,470,14
Jan-60,House Supplementary,1986,652,11
276-1,Doctor's Office,1977,405,94
Jan-61,Pony Stables,1997,632,43
Jan-62,Family Fun Playground,1997,652,49
Jan-69,Aircraft and Boat,1999,50,98
Jan-70,Play House,1986,652,69
277-1,Fireplace,1977,405,86
Jan-71,Family,1991,504,8
Jan-72,World People,1991,504,12
Jan-73,Barbecue,1991,652,15
Jan-74,Airshow (Red Tiger),1999,50,141
Jan-75,Bathroom,1991,652,7
Jan-76,Bedroom,1991,652,15
Jan-77,Living Room,1991,652,13
Jan-78,Kitchen,1991,652,12
Jan-79,Playhouse (Unfurnished),1991,652,11
Jan-80,Complete Playhouse,1991,652,60
278-1,Television Room,1978,405,108
Jan-81,Bathroom,1996,652,26
Jan-83,Ironing Set,1995,652,7
Jan-84,Mother and Baby,1994,652,4
Jan-85,Living Room,1995,652,9
Jan-86,Laundry Room,1994,652,9
Jan-87,Nursery,1994,652,14
Jan-88,Kitchen,1994,652,20
Jan-89,Bathroom,1994,652,19
Jan-90,Play Room,1994,652,32
Jan-91,Playground,1996,652,33
Jan-92,Grandma's House,1994,652,47
Jan-94,My House,1994,652,77
Jan-95,Playhouse Bucket (Vacation Cottage Bucket),1994,652,36
Jan-96,Pink Carry Case (Playhouse Carry Case),1995,652,25
Jan-97,Happy Bucket,2000,505,50
Jan-99,XL Fun-Time Bucket,2000,505,91
2月8日,Medium House Set,1970,433,109
280-1,"Sloping Roof Bricks, Red",1958,371,14
280-2,"Sloping Roof Bricks, Blue",1958,371,14
Jan-03,Dinosaur Babies,1999,658,19
Jan-05,Pony Club,1997,632,15
Jan-06,Mini Dinosaur,1997,658,4
Jan-07,Big Wheeler,1999,632,7
Jan-08,Big Wheels Tipper Truck,1999,632,12
1月28日,Train Contact Plate with Cables,1977,456,2
281-1,"1 x 2 and 3 x 2 Sloping Bricks, Red",1959,371,21
Jan-11,Rescue Station,1999,632,56
281-2,"1 x 2 and 3 x 2 Sloping Bricks, Blue",1959,371,21
Jan-14,Big Wheels Road Worker Set,1999,632,38
Jan-15,Bike Ride (Me & My Bike),1998,652,6
Jan-17,(Me and My) Birthday,1998,652,33
Jan-18,Me and My House (Villa),1998,652,69
Jan-19,Brick Mixer,1999,505,71
282-1,"2 x 2 Sloping Roof Bricks, Red",1958,371,22
Jan-21,Dinosaurs Fun Forest,1999,658,37
282-2,"2 x 2 Sloping Roof Bricks, Blue",1958,371,22
Jan-24,City Advent Calendar 2010,2010,208,271
Jan-25,The Meadowsweets,2000,660,16
Jan-27,"Read, Listen and Play Box",2000,660,44
Jan-28,Supper Time,1999,660,6
Jan-29,Nap Time,1999,660,7
Jan-30,The Strawberries,1999,660,13
283-1,"Sloping Ridge and Valley Bricks, Red",1957,371,20
Jan-31,The Toadstools,1999,660,14
283-2,"Sloping Ridge and Valley Bricks, Blue",1957,371,20
Jan-32,The Bluebells,1999,660,13
Jan-33,"Lila, the Big Bluebell",1999,660,35
Jan-34,The Meadowsweets,1999,660,46
Jan-38,Native American Family (Big Chief's Family),1998,665,81
Jan-40,Girl,1998,465,10
Jan-41,Boy,1998,465,9
Jan-42,Promotional Set,1997,465,8
Jan-43,Boy,1997,465,8
Jan-44,Dog,1997,465,8
Jan-45,Indian Chief,1997,475,20
Jan-46,Indian Kayak,1997,475,18
Jan-47,Flyer,1997,144,15
Jan-48,Fright Knights Flying Machine,1997,195,19
Jan-49,Helicopter,1997,67,20
2850829-1,Luke Skywalker Buildable Watch with Toy,2011,501,31
2850857-1,R2-D2 Pen,2006,501,13
2850868-1,Creator Watch with Building Toy,2011,501,43
285-1,Medium Basic Set,1966,366,288
2851070-1,Jango Fett Pen,2008,501,12
Jan-51,Medium Dino Bucket,1997,658,31
2851126-1,Darth Maul Pen,2009,501,9
2851134-1,Luke Skywalker X-wing Pilot Pen,2008,501,11
2851135-1,Tusken Raider Pen,2009,501,11
2851146-1,Pirates T-shirt,2009,501,0
2851185-1,Stormtrooper Adult Watch,2009,501,14
2851190-1,Darth Vader Adult Watch,2009,501,14
2851191-1,Obi-Wan Kenobi Adult Watch,2009,501,14
2851192-1,C-3PO Watch with Buildable Toy,2009,501,29
2851194-1,Han Solo Watch with Building Toy,2009,501,31
2851195-1,Obi-Wan Kenobi Watch with Buildable Toy,2009,501,29
2851196-1,Classic Brick Adult Watch,2009,501,15
2851198-1,Luke Skywalker & Han Solo Adult Watch,2009,501,14
Jan-52,Large Dino Bucket,1997,658,59
2852724-1,Accelerometer Sensor,2011,259,0
2852725-1,Infrared Seeker,2011,259,1
2852726-1,Gyroscopic Sensor,2011,259,0
2853216-1,Infrared Link Sensor for Mindstorms NXT,2011,259,1
2853300-1,Space Police Collection,2009,141,0
2853301-1,CITY Transport Collection,2009,63,0
2853302-1,CITY Construction Collection,2009,56,0
2853303-1,Glatorian Legends Collection,2009,324,0
2853367-1,Bionicle: The Legend Reborn (DVD),2009,501,0
2853399-1,Space Police Buildable Watch with Toy,2009,501,34
2853401-1,Power Miners Buildable Watch with Toy,2009,501,29
2853505-1,Charity Calendar 2010,2009,501,0
2853508-1,Star Wars: The Visual Dictionary,2009,497,4
2853586-1,Rock Band - Wii,2009,501,0
2853587-1,Rock Band - DS,2009,501,0
2853590-1,Stormtrooper,2009,158,5
2853591-1,Rock Band - Xbox 360,2009,501,0
2853592-1,Rock Band - PS3,2009,501,0
2853593-1,Indiana Jones 2: The Adventure Continues - Xbox 360,2009,501,0
2853594-1,Indiana Jones 2: The Adventure Continues - PS3,2009,501,0
2853595-1,Indiana Jones 2: The Adventure Continues - PSP,2009,501,0
2853596-1,Indiana Jones 2: The Adventure Continues - Wii,2009,501,0
2853597-1,Indiana Jones 2: The Adventure Continues - DS,2009,501,0
2853662-1,LEGO Minifigure Key Light,2011,503,0
2853694-1,Indiana Jones 2: The Adventure Continues - PC DVD-ROM,2009,501,0
2853832-1,Storage Stool,2012,501,0
2853835-1,White Boba Fett Figure,2010,158,5
2853944-1,Astronaut,2010,560,5
Jan-54,Bungee Chopper,1998,3,71
2854298-1,The Adventures of Clutch Powers - DVD,2010,501,0
2855028-1,Exclusive Spaceman Magnet,2010,501,8
2855040-1,Infrared Receiver Sensor for Mindstorms NXT,2011,259,0
2855041-1,Imperial Soldier,2010,157,7
2855044-1,Cavalry Colonel,2010,157,7
2855045-1,Fire Chief,2010,157,7
2855046-1,Black Falcon,2010,157,7
2855113-1,Star Wars: Brickmaster,2011,497,251
2855123-1,Harry Potter: Years 1-4 - Wii,2010,501,0
2855124-1,Harry Potter: Years 1-4 - DS,2010,501,0
2855125-1,Harry Potter: Years 1-4 - Xbox 360,2010,501,0
2855127-1,Harry Potter: Years 1-4 - PS3,2010,501,0
2855128-1,Harry Potter: Years 1-4 - PC DVD-ROM,2010,501,0
2855129-1,Harry Potter: Years 1-4 - PSP,2010,501,0
2855162-1,Harry Potter: Years 1-4 Collector's Edition - Xbox 360,2010,501,8
2855163-1,Harry Potter: Years 1-4 Collector's Edition - Wii,2010,501,8
2855164-1,Harry Potter: Years 1-4 Collector's Edition - PS3,2010,501,8
2855167-1,Holiday Santa Magnet 2010,2010,501,6
2856028-1,Minifigure 2GB USB Flash Drive,2011,501,0
2856076-1,Hero Factory: Rise of the Rookies - DVD,2010,501,0
2856079-1,Creationary Booster Pack,2011,502,30
2856080-1,Stormtrooper Alarm Clock,2010,501,0
2856081-1,Darth Vader Alarm Clock,2010,501,0
2856089-1,2.0 Collection,2011,401,0
2856134-1,Card Shrine,2011,435,98
2856197-1,Shadow ARF Trooper,2011,158,5
2856200-1,Firefighter ZipBin Storage Toy Box,2011,501,0
2856203-1,Yoda Alarm Clock,2011,501,0
2856205-1,Portable Storage Case with Baseplate,2011,501,1
2856217-1,Star Wars III: The Clone Wars - Xbox 360,2011,501,0
2856218-1,Star Wars III: The Clone Wars - Wii,2011,501,0
2856219-1,Star Wars III: The Clone Wars - PS3,2011,501,0
2856220-1,Star Wars III: The Clone Wars - PC DVD-ROM,2011,501,0
2856221-1,Star Wars III: The Clone Wars - PSP,2011,501,0
2856222-1,Star Wars III: The Clone Wars - DS,2011,501,0
2856223-1,Ninja Princess,2011,157,7
2856224-1,Forestman,2011,157,8
2856225-1,Knight,2011,157,7
2856226-1,Astronaut,2011,157,7
2856227-1,Fire Villains Collection,2011,403,0
2856236-1,Brick Alarm Clock,2013,501,0
2856238-1,Brick Alarm Clock,2015,501,0
2856239-1,Star Wars III: The Clone Wars - 3DS,2011,501,0
2856241-1,Droids T-Shirt,2011,501,0
2856252-1,Battles Ninjago - DS,2010,501,0
2856451-1,Pirates of the Caribbean - DS,2011,501,0
2856453-1,Pirates of the Caribbean - PS3,2011,501,0
2856454-1,Pirates of the Caribbean - PSP,2011,501,0
2856456-1,Pirates of the Caribbean - Wii,2011,501,0
2856457-1,Pirates of the Caribbean - 3DS,2011,501,0
2856458-1,Pirates of the Caribbean - Xbox 360,2011,501,0
2856745-1,Heroica Character Cards Booster Pack,2011,502,0
Jan-58,Girl with Two Cats,1999,318,10
Jan-62,Zoo Babies (Baby Animals),1998,632,8
Jan-63,Box of Bricks,2001,505,100
Jan-64,Wild Animals (Animal Friends),1998,632,16
Jan-65,Children's Zoo,1998,632,24
Jan-66,Animal Playground,1998,632,47
Jan-70,Paradisa Barbeque,1997,90,21
Jan-71,Diver and Shark,1997,86,17
Jan-72,Witch and Fireplace,1997,195,19
Jan-73,Small Santa Claus,1997,227,9
Jan-74,Christmas Set,1997,227,10
Jan-76,Christmas Set,1997,227,9
Jan-77,Snowman,1997,467,9
Jan-78,Santa Claus,1997,227,16
Feb-78,Santa Claus Mos Burger Gift Box 1- Hawaiian Shirt Santa,2001,227,1
Mar-78,Santa Claus Mos Burger Gift Box 2 - Tuxedo Santa,2001,227,1
Apr-78,Santa Claus Mos Burger Gift Box 3 - Soccer Santa,2001,227,1
May-78,Santa Claus Mos Burger Gift Box 2 - King and Queen Santa,2001,227,1
Jan-79,Desert Expedition,1998,297,195
Jan-80,Open-Top Jeep,1997,67,29
Jan-81,Parking Gate Attendant,1997,67,19
Jan-82,Speedboat,1997,67,22
Jan-83,Boat,1997,67,30
Jan-84,Microlight,1997,67,20
Jan-85,Ice Cream Seller,1997,67,27
Jan-86,Formula 1 Racing Car,1997,67,25
Jan-87,Petrol Station Attendant and Pump,1997,67,15
Jan-89,Treasure Cart,1998,199,24
Jan-90,Stone Bomber,1998,188,22
Jan-91,Wizard Trader,1998,190,18
Jan-92,Thunder Arrow Boat,1998,201,21
Jan-93,Boy With Ghost,1998,505,3
Jan-95,Rooster on Wheels,1998,505,19
290-2,Dining Suite,1973,405,114
Jan-04,Motorbike (Cycle Cruiser),2000,657,12
Jan-05,Accessory Pack,1993,664,19
Jan-09,Helicopter,2000,657,17
1月29日,4.5V Motor,1977,453,1
Jan-10,Dumper Truck,1992,664,18
291-1,Blackboard and School Desk,1973,405,89
Jan-12,Radical Racer,2000,657,17
Jan-13,Construction,2000,657,31
Jan-14,Rescue Base,2000,657,47
Jan-15,Mini Digger,1995,664,17
Jan-16,MyBot,2000,657,32
Jan-17,Aeroplane (Airplane),1996,664,20
Jan-20,Digger,1992,664,21
292-1,Kitchen Sink and Cupboards,1973,405,52
Jan-22,Dinosaur Blocks,1998,658,28
Jan-25,Helicopter,1995,664,21
Jan-28,Airline Promotional Set,2006,53,146
Feb-28,Airline Promotional Set (ANA Version),2008,53,147
Jan-30,Mobile Crane,1992,664,29
293-1,Piano,1973,405,90
Jan-31,Push Locomotive,2000,634,11
Jan-32,Train Starter Set with Motor,2000,634,32
Jan-33,Freight Train,2000,634,79
Jan-35,Fire Engine,1996,664,37
Jan-36,Train Station,2000,634,44
Jan-37,Supplementary Wagon,2000,634,10
Jan-38,Train Tunnel,2000,634,15
Jan-40,Fire Truck,1992,664,34
294-1,Wall Unit,1974,405,59
Jan-42,Play House,2000,652,80
Jan-45,Space Center,1995,664,49
Jan-46,MyBot Expansion Kit,2001,657,15
Jan-47,Speedbike,2001,657,14
Jan-49,RC Dozer,2001,657,23
Jan-50,Construction Site,1993,664,50
295-1,Secretary's Desk,1974,405,79
Jan-51,Lisa,2001,659,6
Jan-52,Marie,2001,659,8
Jan-53,Anna,2001,659,7
Jan-54,Garden Party,2001,659,14
Jan-55,Sarah's Big Recipe,2001,659,33
Jan-60,Tool Box,1995,664,44
296-1,Ladies' Hairdressers,1977,405,164
Jan-61,Bedroom,2001,659,21
Jan-62,Res-Q Lifeguard,1998,92,70
Jan-63,Extreme Team Racer,1998,87,84
Jan-64,Space Spider,1998,134,46
Jan-65,Hornet Scout,1998,134,73
Jan-67,Special Tubes,2000,505,38
Jan-68,Animal Safari (Basic Zoo),2000,632,49
297-1,Nursery,1978,405,169
Jan-71,Action Police Bike,2001,632,6
Jan-75,Bouncing with Tigger,2001,635,9
Jan-76,Acorn Adventure with Piglet,2001,635,9
Jan-77,Eeyore and the Little Raincloud,2001,635,9
Jan-79,Build and Play in the Pop-Up 100 Acre Wood,2001,635,15
Jan-81,Pooh's House,1999,635,8
Jan-82,Pooh's Birthday,1999,635,9
Jan-83,Pooh and Tigger Play Hide and Seek,1999,635,14
Jan-84,Pooh and Piglet Go Honey-Hunting,1999,635,22
Jan-85,Tigger's Slippery Slide,1999,635,19
Jan-87,Welcome to the Hundred Acre Wood,1999,635,37
Jan-88,Surprise for Eeyore,1999,635,31
Jan-89,The Big Honeypot,2000,635,47
Jan-90,Tigger's Treehouse,2000,635,35
Jan-91,Pooh and the Honeybees,2001,635,9
Jan-93,Surprise Birthday Party for Eeyore,2001,635,28
Jan-95,Adventurers Car & Skeleton,1998,297,69
Jan-96,Adventurers Tomb,1998,297,81
Jan-97,Small Bucket,1998,505,40
Jan-98,Stena Line Ferry,1998,471,197
30000-1,Doctor With Car,2009,60,30
3000062305-1,DC Comics Super Heroes: Justice League vs Bizarro League (DVD + Blu-Ray),2015,501,5
3000066390-1,DC Comics Super Heroes: Justice League: Cosmic Clash (Blu-ray + DVD + Digital),2016,501,0
3000067584-1,DC Comics Super Heroes: Justice League: Gotham City Breakout,2016,501,0
Jan-00,Trike Buggy,1999,1,30
30001-1,Fireman's Car,2009,58,39
30002-1,Police Boat,2009,61,30
30003-1,Road Roller,2009,56,31
30004-1,Battle Droid on STAP,2009,158,28
30005-1,Imperial Speeder Bike,2009,158,33
30006-1,Clone Walker,2009,158,31
30008-1,Snowman,2009,227,44
30009-1,Christmas Tree,2009,227,47
300-1,T-Junction Road Plates,1978,67,2
30010-1,Fire Chief,2010,58,31
Jan-01,Kabaya Promotional Set: Propeller Buggy,1999,1,29
30011-1,Police Dinghy,2010,61,16
30012-1,Mini Airplane,2010,53,34
30013-1,Police Quad,2010,61,34
30014-1,Police Helicopter,2011,61,32
30015-1,Jet Ski,2011,59,24
30016-1,Small Satellite,2011,52,35
30017-1,Police Boat,2012,61,35
30018-1,Police Plane,2012,61,32
30019-1,Fire Helicopter,2012,58,37
30020-1,Jet,2010,22,43
30021-1,Parrot,2010,22,48
30022-1,Bee,2011,22,23
30023-1,Lighthouse,2011,22,25
30024-1,Truck,2011,22,56
30025-1,Clown Fish,2011,22,59
30026-1,Panda,2011,22,61
30027-1,Reindeer,2011,22,66
30028-1,Wreath,2011,227,50
30029-1,Pudsey Bear,2011,301,95
30030-1,Racing Car,2010,112,29
Jan-03,Motorbike,1999,1,28
30031-1,World Race Powerboat,2010,123,27
30032-1,World Race Buggy,2010,123,35
30033-1,Racing Truck,2010,112,40
30034-1,Racing Tow Truck,2010,112,34
30035-1,Off Road Racer 2,2010,112,30
30036-1,Buggy Racer,2011,112,28
30040-1,Octopus,2010,315,42
30041-1,Piranha,2010,315,45
30042-1,Mini Sub,2010,315,37
30050-1,Republic Attack Shuttle - Mini,2010,158,54
Jan-05,Kabaya Promotional Set: Car,1999,1,26
30051-1,X-wing Fighter - Mini,2010,158,61
30052-1,AAT,2011,158,46
30053-1,Republic Attack Cruiser - Mini,2011,158,41
30054-1,AT-ST,2011,158,46
30055-1,Vulture Droid,2011,158,42
30056-1,Star Destroyer,2012,158,38
30057-1,Anakin's Podracer,2012,158,38
30058-1,STAP,2012,158,24
30059-1,MTT,2012,158,51
30060-1,Farm Set - Farmer,2010,632,4
30060-2,Farm Set - Dog,2010,632,4
30060-3,Farm Set - Sheep,2010,632,4
30060-4,Farm Set - Horse,2010,632,4
30060-5,Farm Set - Cow,2010,632,4
30061-1,Attack Wagon,2010,196,36
30062-1,Target Practice,2010,196,31
30063-1,Vet - Cat,2010,632,4
30063-2,Vet - Vet,2010,632,4
30063-3,Vet - Boy,2010,632,4
30063-4,Vet - Rabbit,2010,632,4
30063-5,Vet - Dog,2010,632,4
30064-1,Zoo - Monkey,2012,632,4
30064-2,Zoo - Zookeeper,2012,632,4
30064-3,Zoo - Tiger Cub,2012,632,4
30064-4,Zoo - Turtle,2012,632,4
30066-1,Circus Clown,2013,632,3
30066-2,Circus Ringmaster,2013,632,3
30066-3,Circus Acrobat,2013,632,3
30066-4,Circus Tiger,2013,632,3
30066-5,Circus Rabbit,2013,632,3
30067-1,Farm - Farmer,2014,632,5
30067-2,Farm - Calf,2014,632,5
30067-3,Farm - Goat,2014,632,5
30067-4,Farm - Cat,2014,632,5
30068-1,Apple,2014,504,6
30070-1,Alien Space Ship,2010,275,29
30071-1,Army Jeep,2010,275,37
30072-1,Woody's Camp Out,2010,275,18
30073-1,Buzz's Mini Ship,2010,275,27
30080-1,Ninja Glider,2011,435,26
30081-1,Skeleton Chopper,2011,435,41
30082-1,Ninja Training,2011,435,32
30083-1,Dragon Fight,2011,435,31
30084-1,Ninjago Promotional Set,2011,435,5
30085-1,Jumping Snakes,2012,435,42
30086-1,Hidden Sword,2012,435,39
30087-1,Cole ZX's Car,2012,435,27
30088-1,Rattla,2012,435,5
30090-1,Desert Glider,2011,437,29
30091-1,Desert Rover,2011,437,31
1月30日,Universal Building Set,1976,469,200
30100-1,Andrea on the Beach,2012,494,28
30101-1,Skate Boarder,2012,494,28
30102-1,Desk,2012,494,28
30103-1,Car,2012,494,32
30105-1,Stephanie and Mailbox,2012,494,41
30106-1,Ice Cream Stand,2013,494,34
30107-1,Birthday Party,2013,494,39
30108-1,Summer Picnic,2013,494,33
301-1,Curved Road Plates,1978,67,2
30110-1,Trolley,2011,246,22
30111-1,The Lab,2011,246,34
30112-1,Emma's Flower Stand,2014,494,35
30113-1,Stephanie's Bakery Stand,2014,494,28
30114-1,Andrea's Beach Lounge,2014,494,29
30115-1,Jungle Boat,2014,494,31
30116-1,Rapunzel's Market Visit,2014,579,37
30120-1,Guido,2011,269,34
Jan-12,Space Hover,1999,144,20
30121-1,Grem,2011,269,52
30130-1,Mini Black Pearl,2011,263,47
Jan-13,Space Jet,1999,142,23
30131-1,Jack Sparrow's Boat,2011,263,21
30132-1,Voodoo Jack,2011,263,4
30133-1,Jack Sparrow,2011,263,4
30140-1,ADU Walker,2011,127,34
Jan-14,Ice Planet Scooter,1999,133,19
30141-1,ADU Jetpack,2011,127,19
30141-2,Indiana Jones: The Original Adventures - PS3,2008,501,0
30150-1,Race Car,2012,63,35
Jan-15,Space Police Car,1999,140,23
30151-1,Mining Dozer,2012,56,32
30152-1,Mining Quad,2012,56,40
30160-1,Bat Jetski,2012,697,38
Jan-16,Boss with Cannon,1998,434,24
30161-1,Batmobile,2012,697,45
30162-1,Quinjet,2012,702,33
30163-1,Thor and the Cosmic Cube,2012,702,25
30164-1,Lex Luthor,2012,701,17
30165-1,Hawkeye with Equipment,2012,702,24
30166-1,Robin and Redbird Cycle,2013,697,40
30167-1,Iron Man vs. Fighting Drone,2013,705,24
30168-1,Gun Mounting System,2013,705,17
30170-1,Ganrash,2012,502,56
Jan-17,Water Spider,1998,434,25
30175-1,Batman the Videogame - PS3,2008,501,0
30180-1,Twin Prop,2012,22,45
Jan-18,Go! LEGO Shogun,1998,434,25
30181-1,Helicopter,2012,22,53
30182-1,Santa,2012,228,57
30183-1,Little Car,2013,22,50
30184-1,Little Helicopter,2013,22,56
30185-1,Little Eagle,2013,22,48
30186-1,Christmas Tree,2013,228,51
30187-1,Fast Car,2014,22,56
30188-1,Cute Kitten,2014,22,54
30189-1,Transport Plane,2014,22,49
30190-1,Ferrari 150掳 Italia,2012,114,34
Jan-19,Big Bat,1998,434,23
30191-1,Scuderia Ferrari Truck,2012,114,41
30192-1,F40,2012,114,48
30193-1,250 GT Berlinetta,2012,114,25
30194-1,458 Italia,2012,114,33
30195-1,FXX,2012,114,53
30196-1,Shell F1 Team,2012,114,47
30197-1,Snowman,2014,228,60
Feb-30,Small Ship Set,1973,433,26
30200-1,Zombie Chauffeur Coffin Car,2012,558,32
302001-1,Aurora,2020,579,6
302002-1,Aurora's Rabbit,2020,579,25
302003-1,Cinderella,2020,579,5
302004-1,Lucifer,2020,579,18
302005-1,Belle,2020,579,10
302006-1,Mrs Potts and Chip,2020,579,18
302007-1,Moana,2020,579,11
302008-1,Pig Pua and Turtle,2020,579,18
Jan-20,Raft of Johnse,1998,297,18
30201-1,Ghost,2012,558,33
30202-1,Smoothie Stand,2015,494,37
30203-1,Mini Golf,2015,494,26
30204-1,Wish Fountain,2015,494,44
30205-1,Pop Star Red Carpet,2015,494,34
302-1,Straight Road Plates (without crosswalk),1983,67,2
30210-1,Frodo with Cooking Corner,2012,566,35
302101-1,Rapunzel's Dressing Table,2021,579,33
302102-1,Rapunzel & Hairbrush,2021,579,7
302103-1,Cinderella鈥檚 Kitchen,2021,579,25
302104-1,Cinderella,2021,579,5
302105-1,"Cogsworth, Lumi猫re & Sultan",2021,579,31
302106-1,Princess Ariel,2021,579,6
302107-1,Cinderella鈥檚 Carriage,2021,579,28
302108-1,Belle,2021,579,7
302109-1,Fairy Godmother,2021,579,6
Jan-21,King Pharaoh the Third,1998,297,17
30211-1,Uruk Hai with Ballista,2012,566,21
30212-1,Mirkwood Elf Guard,2012,562,27
30213-1,Gandalf at Dol Guldur,2012,562,31
30215-1,Legolas Greenleaf,2013,562,33
30216-1,Lake-town Guard,2013,562,31
30217-0,Forest - Random Bag,2015,504,0
30217-1,Forest - Squirrel,2015,504,4
30217-2,Forest - Rabbit,2015,504,4
30217-3,Forest - Deer Fawn,2015,504,4
30217-4,Forest - Black Bear Cub,2015,504,4
30218-1,Snail,2015,504,6
302-2,Straight Road Plates (with crosswalk),1978,67,2
30220-1,Fire Speedboat,2013,58,40
Jan-22,Plane of Hurrykain,1998,297,23
30221-1,Fire Car,2013,58,36
30222-1,Police Helicopter,2013,61,33
30224-1,Lawn Mower,2013,52,42
30225-1,Seaplane,2013,55,37
30226-1,Police Helicopter,2014,61,48
30227-1,Police Watercraft,2014,61,36
30228-1,Police ATV,2014,61,42
30229-1,Repair Lift,2014,56,40
30230-1,Mini Mech,2013,146,28
Jan-23,Slyboot Car,1998,297,23
30231-1,Space Insectoid,2013,146,27
30240-1,Z-95 Headhunter,2013,158,54
Jan-24,Building Table,1998,504,21
30241-1,Mandalorian Fighter,2013,158,49
30242-1,Republic Frigate,2013,158,45
30243-1,Umbaran MHC,2013,158,49
30244-1,Anakin's Jedi Intercepter,2014,158,45
30246-1,Imperial Shuttle,2014,158,57
30247-1,ARC-170 Starfighter,2014,158,54
30250-1,Ewar's Acro Fighter,2013,571,33
Jan-25,25th Anniversary Silver Bucket,1998,467,601
30251-1,Winzar's Pack Patrol,2013,571,38
30252-1,Crug's Swamp Jet,2013,571,23
30253-1,Leonidas' Jungle Dragster,2013,571,30
30254-1,Razcal's Double-Crosser,2013,571,36
30255-1,Crawley,2013,571,11
30256-1,Ice Bear Mech,2015,571,39
30259-1,Azari鈥檚 Magic Fire,2015,600,27
30260-1,Lone Ranger鈥檚 Pump Car,2013,575,24
Jan-26,25th Anniversary Silver Tub,1998,467,1201
30261-1,Tonto's Campfire,2013,575,20
30262-1,Gorzan's Walker,2014,571,34
30263-1,Spider Crawler,2014,571,40
30264-1,Frax' Phoenix Flyer,2014,571,32
30265-1,Worriz' Fire Bike,2014,571,31
30266-1,Sykor's Ice Cruiser,2014,571,25
30270-1,Kraang's Turtle Target Practice,2013,570,36
Jan-27,25th Anniversary Silver Bucket,1998,399,418
30271-1,Mikey's Mini-Shellraiser,2014,570,46
30272-1,A-Wing Starfighter,2015,158,58
30274-1,AT-DP,2015,158,65
30275-1,TIE Advanced Prototype,2015,158,47
30276-1,First Order Special Forces TIE Fighter,2015,158,41
30277-1,First Order Star Destroyer,2016,158,56
30278-1,Poe's X-wing Fighter,2015,158,64
30279-1,Kylo Ren's Command Shuttle,2016,158,43
30280-1,The Piece of Resistance,2014,578,33
Jan-28,25th Anniversary Silver Tub,1998,399,845
30281-1,Micro Manager Battle,2014,578,27
30282-1,Super Secret Police Enforcer,2014,578,40
30283-1,Off-Road,2015,22,43
30284-1,Tractor,2015,22,51
30285-1,Tiger,2015,22,73
30286-1,Christmas Tree,2015,227,65
Jan-29,Limited Edition Silver Duplo Bucket,1998,505,72
30291-1,Anacondrai Battle Mech,2015,435,43
30292-1,Jay Nano Mech,2015,435,54
30293-1,Kai Drifter,2015,435,43
30294-1,The Cowler Dragon,2015,435,45
30300-1,The Batman Tumbler,2014,697,57
Jan-30,25th Anniversary Silver Tub,1998,505,145
30301-1,Batwing,2014,697,45
30302-1,Spider-Man Glider,2014,706,45
30303-1,The Joker Bumper Car,2015,697,47
30304-1,The Avengers Quinjet,2015,702,56
30305-1,Spider-Man Super Jumper,2015,706,38
303-1,Basic Building Set,1987,467,33
30310-1,Arctic Scout,2014,65,39
30311-1,Swamp Police Helicopter,2015,61,51
30312-1,Demolition Driller,2015,56,40
30313-1,Garbage Truck,2015,63,48
30314-1,Go-Kart Racer,2015,52,45
30315-1,Space Utility Vehicle,2015,52,39
303-2,Aeroplane,1964,373,46
30320-1,Gallimimus Trap,2015,602,29
Jan-32,Medium Bucket,1999,467,600
30321-1,Duck,2016,504,4
30322-1,Wildlife Elephant,2016,504,4
30322-2,Wildlife Polar Bear,2016,504,4
30322-3,Wildlife Penguin,2016,504,4
30322-4,Wildlife Tortoise,2016,504,4
30322-5,Wildlife Lion Cub,2016,504,4
30323-1,My First Fish,2017,504,7
30324-1,My Town: Female,2017,636,3
30324-2,My Town: Policeman,2017,636,3
30324-3,My Town: Girl,2017,636,3
30324-4,My Town: Cat,2017,636,3
30324-5,My Town: Male,2017,636,3
30325-1,My First Dinosaur,2018,504,7
30326-0,Farm - Random Bag,2018,632,0
30326-1,Farm - Chicken,2018,632,4
30326-2,Farm - Girl,2018,632,4
30326-3,Farm - Goat,2018,632,4
30326-4,Farm - Boy,2018,632,4
30326-5,Farm - Calf,2018,632,4
30327-1,My First Duck,2019,504,6
30328-0,Town Rescue (Random Bag),2019,632,0
30328-1,Town Rescue (Dog),2019,632,4
30328-2,Town Rescue (Bird),2019,632,4
30328-3,Town Rescue (Fireman),2019,632,4
30328-4,Town Rescue (Cat),2019,632,4
30328-5,Town Rescue (Policewoman),2019,632,4
30329-1,My First Giraffe,2020,504,5
30330-1,Birthday Cake,2020,504,8
Jan-33,Basic Bulk Tub (American Version),1998,467,1200
30331-1,The Nether Duel,2021,577,37
Feb-33,Basic Bulk Tub (Overseas Version),2002,467,1200
30332-1,My First Space Rocket,2021,504,8
30333-1,My First Elephant,2022,504,6
30338-1,Fire Car,2017,591,32
30339-1,Traffic Light Patrol,2018,591,34
30340-1,Emmet's 'Piece' Offering,2019,670,44
30341-1,Monkie Kid's Delivery Bike,2020,693,22
30342-1,Lamborghini Hurac谩n Super Trofeo EVO,2020,601,70
30343-1,McLaren Elva,2021,601,86
30344-1,Mini Monkey King Warrior Mech,2021,693,65
30346-1,Prison Island Helicopter,2016,61,46
30347-1,Fire Car,2016,58,53
30348-1,Mini Dumper,2016,56,45
30349-1,Sports Car,2016,63,47
30350-1,Volcano Jackhammer,2016,52,53
30351-1,Police Helicopter,2017,61,44
30352-1,Police Car,2017,61,50
30353-1,Tractor,2017,56,47
30354-1,Hot Rod,2017,63,38
30355-1,Jungle ATV,2017,614,36
30356-1,Hot Dog Stand,2018,52,43
30357-1,Road Worker,2018,56,58
30358-1,Dragster,2018,52,40
30359-1,Police Water Plane,2018,61,48
30360-1,Arctic Ice Saw,2018,65,43
Jan-36,Large Bucket,1999,505,71
30361-1,Fire ATV,2019,58,39
30362-1,Sky Police Jetpack,2019,61,33
30363-1,Race Boat,2019,59,34
30364-1,Popcorn Cart,2019,52,43
30365-1,Space Satellite,2019,679,36
30366-1,Police Car,2020,61,37
30367-1,Police Helicopter,2020,61,39
30368-1,Fire Rescue Water Scooter,2020,58,34
30369-1,Beach Buggy,2020,52,45
30370-1,Ocean Diver,2020,52,22
Jan-37,Strata Tub,1998,505,142
30371-1,Knight's Cycle,2016,605,42
30372-1,Robin's Mini Fortrex,2016,605,45
30373-1,Knighton Hyper Cannon,2016,605,47
30374-1,The Lava Slinger,2016,605,40
30375-1,Sira's Adventurous Airglider,2016,600,24
30376-1,Knighton Rider,2017,605,42
30377-1,Motor Horse,2017,605,52
30378-1,Shrunken Headquarters,2017,605,48
30379-1,Quake Mech Micro Build,2017,616,64
30380-1,Kylo Ren's Shuttle,2018,158,33
Jan-38,Spider Slayer,1998,3,368
30381-1,Imperial TIE Fighter,2018,158,42
30382-1,Baby Velociraptor Playpen,2018,602,48
30383-1,Naboo Starfighter,2019,158,48
30384-1,Snowspeeder,2019,158,49
30385-1,Super Mushroom Surprise Expansion Set,2020,690,18
30386-1,Poe Dameron's X-wing Fighter,2020,158,72
30387-1,Bob Minion with Robot Arms,2021,689,75
30388-1,Imperial Shuttle,2021,158,85
30389-1,Fuzzy & Mushroom Platform Expansion Set,2021,690,39
30390-1,Dinosaur Market,2022,602,34
Jan-39,Adventurers Plane,1999,297,23
30391-1,Rapunzel's Boat,2021,579,38
30392-1,Hermione鈥檚 Study Desk,2021,246,30
30393-1,Steve and Creeper,2019,577,36
30394-1,The Skeleton Defense,2020,577,31
30396-1,Cupcake Stall,2016,494,28
30397-1,Olaf's Summertime Fun,2016,687,48
30398-1,Adventure Camp Bridge,2016,494,37
30399-1,Bowling Alley,2016,494,51
30400-1,Gymnastic Bar,2017,494,26
Jan-40,Challenger Set 200,1998,470,159
30401-1,Pool Foam Slide,2017,494,45
30402-1,Snowboard Tricks,2017,494,27
30403-1,Olivia's Remote Control Boat,2018,494,25
30404-1,Friendship Flower,2018,494,100
30405-1,Stephanie's Hockey Practice,2018,494,39
30406-1,Unikitty Roller Coaster Wagon,2018,625,46
30407-1,Harry's Journey to Hogwarts,2018,246,40
30408-1,Tulips,2019,494,90
30409-1,Emma's Bumper Cars,2019,494,66
304-1,Basic Building Set,1985,467,31
30410-1,Mia's Water Fun,2019,494,28
Jan-41,Big Bucket of Fun,1998,470,468
30411-1,Chocolate Box & Flower,2020,494,75
30412-1,Park Picnic,2020,494,44
30413-1,Flower Cart,2021,494,55
30414-1,Emma's Magical Box,2021,494,67
30416-1,Market Stall,2022,494,54
30417-1,Garden Flower and Butterfly,2022,494,57
304-2,Tractor & Trailer,1964,373,82
30420-1,Harry Potter and Hedwig: Owl Delivery,2020,246,31
30421-1,Skybound Plane,2016,435,30
30422-1,Kai's Mini Dragon,2016,435,40
30423-1,Anchor-Jet,2016,435,38
30424-1,WU-CRU Training Dojo,2016,435,43
30425-1,CRU Masters' Training Grounds,2017,435,43
30426-1,Stealthy Swamp Airboat,2017,435,43
30427-1,Ice Tank,2017,616,71
30428-1,Green Ninja Mech Dragon,2017,616,60
30432-1,The Turtle Beach,2022,577,46
30433-1,Volvo Wheel Loader,2022,1,69
30434-1,Aston Martin Valkyrie AMR Pro,2022,601,97
30435-1,Build Your Own Hogwarts Castle,2022,246,66
30443-1,Spider-Man Bridge Battle,2022,706,45
30446-1,The Batmobile,2016,700,63
30447-1,Captain America's Motorcycle,2016,696,25
30448-1,Spider-Man vs. The Venom Symbiote,2016,706,49
30449-1,The Milano,2017,704,64
30450-1,Royal Talon Fighter,2018,696,59
30451-1,Spider-Man's Mini Spider Crawler,2019,706,73
30452-1,Iron Man and Dum-E,2019,702,38
30453-1,Captain Marvel and Nick Fury,2020,696,32
30454-1,Shang-Chi and the Great Protector,2021,696,55
30455-1,Batmobile,2022,697,68
30460-1,Rex's Plantimal Ambush,2019,670,32
30461-1,Podracer,2019,158,60
30463-1,Chef Enzo's Haunted Hotdogs,2020,676,43
30464-1,El Fuego's Stunt Cannon,2020,676,46
30465-1,Helicopter,2021,1,70
Jan-47,Halloween Bucket,1998,230,256
30471-1,Helicopter,2016,22,47
30472-1,Parrot,2016,22,43
30473-1,Racer,2016,591,30
30474-1,Reindeer,2016,227,77
30475-1,Off Roader,2017,22,33
30476-1,Happy Turtle,2017,22,33
30477-1,Colorful Chameleon,2017,22,53
30478-1,Jolly Santa,2017,228,74
Jan-48,Medium Idea Bucket,2000,505,49
Feb-48,Medium Idea Bucket,2000,505,51
Jan-49,XL Idea Bucket,2000,505,78
30495-1,AT-ST,2022,158,79
30496-1,U-Wing Fighter,2017,158,55
30497-1,First Order Heavy Assault Walker,2017,158,54
30498-1,Imperial AT-Hauler,2018,158,49
30499-1,Robot/Vehicle Free Builds,2018,301,56
Jan-50,Shanghai Surprise,1999,434,108
30503-1,Build Your Own Animals - Make It Yours,2022,598,16
30509-1,Yellow Yoshi鈥檚 Fruit Tree Expansion Set,2022,690,46
305-1,Two Crater Plates,1979,143,2
30510-1,90 Years of Cars,2022,621,71
Jan-51,Blaze Attack,1999,434,145
305-2,Fire Engine,1964,373,170
Jan-52,Ninja Fire Fortress,1999,434,173
30521-1,The Mini Batmobile,2017,708,68
30522-1,Batman in the Phantom Zone,2017,708,59
30523-1,The Joker Battle Training,2017,708,49
30524-1,The Mini Batwing,2017,708,80
30525-1,The Guardians' Ship,2018,702,69
30526-1,The Mini Ultimate Batmobile,2018,708,84
30527-1,Lucy vs. Alien Invader,2019,670,44
30528-1,Mini Master-Building MetalBeard,2019,670,42
30529-1,Mini Master-Building Emmet,2019,670,49
30530-1,WU-CRU Target Training,2018,435,47
Jan-53,Emperor's Stronghold,1999,434,335
30531-1,Sons of Garmadon,2018,435,38
30532-1,TURBO,2018,435,66
30533-1,Sam-X,2019,435,56
30534-1,Ninja Workout,2019,435,31
30535-1,Fire Flight,2019,435,54
30536-1,Combo Charger,2020,435,71
30537-1,Merchant Avatar Jay,2020,435,56
30539-1,Lloyd's Quad Bike,2021,435,43
30540-1,Yellow Flyer,2018,22,43
Jan-54,Kelloggs Promotional Set: TECHNIC Motorcycle,1998,1,30
30541-1,Animal Free Builds - Make It Yours,2018,301,10
30542-1,Cute Pug,2018,672,68
30543-1,Holiday Train,2018,228,66
30545-1,Fish Free Builds - Make It Yours,2019,301,39
30546-1,Krypto Saves the Day,2017,617,55
30547-1,Dragon Hunter,2018,435,63
30548-1,Build Your Own Birds - Make It Yours,2020,301,26
30549-1,Build Your Own Vehicles - Make It Yours,2020,301,59
30550-1,Easter Bunny,2020,229,67
Jan-55,Adventurers Car,1998,297,21
30551-1,Cinderella's Kitchen,2017,579,37
30552-1,Ariel's Underwater Symphony,2018,579,51
30553-1,Elsa's Winter Throne,2019,687,42
30554-1,Cinderella Mini Castle,2020,579,43
30555-1,Poppy's Carriage,2020,682,61
30556-1,Mini Frame,2020,688,85
30557-1,Photo Holder Cube,2021,688,109
30558-1,Raya and the Ongi's Heart Lands Adventure,2021,608,49
30559-1,Elsa and Bruni's Forest Camp,2022,687,58
30560-1,Pineapple Photo Holder and Mini Board,2022,688,116
Jan-56,Go-Kart,1998,50,23
30562-1,Monkie Kid's Underwater Journey,2022,693,57
30563-1,Build Your Own Snail With Superpowers,2021,301,36
30564-1,Build Your Own Monster or Vehicles,2021,301,60
30565-1,Birthday Clown,2021,22,59
30566-1,Fire Helicopter,2021,52,41
30567-1,Police Water Scooter,2021,61,33
30568-1,Skater,2021,52,40
30569-1,LEGO Stand,2021,52,47
30570-1,Wildlife Rescue Hovercraft,2021,52,35
Jan-57,Create 'n' Race - Master Builders,2000,1,106
30571-1,Pelican,2019,672,62
30572-1,Race Car,2019,22,68
30573-1,Santa,2019,228,67
30574-1,Cat,2020,672,55
30575-1,Train,2020,22,59
30576-1,Holiday Tree,2020,228,70
30577-1,Mega Muscle Car,2021,22,63
30578-1,German Shepherd,2021,672,76
30579-1,Easter Chick Egg,2021,229,52
30580-1,Santa Claus,2021,228,69
Jan-58,Busy City - Master Builders (Masterbuilders),2000,497,74
30581-1,Tropical Parrot,2022,672,66
30582-1,Birthday Bear,2022,206,80
30583-1,Easter Bunny,2022,229,75
30584-1,Winter Christmas Train,2022,22,73
30585-1,Fire Patrol Vehicle,2022,58,45
30587-1,Police Robot Unit,2022,61,0
30588-1,Kids鈥?Playground,2022,52,51
30589-1,Go-Cart Racer,2022,52,39
30590-1,Farm Garden & Scarecrow,2022,52,34
Jan-59,Mars Mission: Master Builders,2000,497,90
30591-1,Titanium Mini Mech,2021,435,77
30592-1,Mini Thunder Raider,2022,435,69
30593-1,Lloyd Suit Mech,2022,435,59
30594-1,Rock Monster Truck,2022,22,54
30601-1,Scooby-Doo,2016,603,2
30602-1,First Order Stormtrooper,2016,158,7
30603-1,Batman Classic TV Series - Mr. Freeze,2016,697,16
30604-1,Cosmic Boy,2016,695,7
30605-1,Finn (FN-2187),2016,158,6
30606-1,Nightwing,2016,697,6
30607-1,Disco Batman - Tears of Batman,2017,708,13
30608-1,Kendo Lloyd,2017,616,7
30609-1,Lloyd,2017,616,6
306-1,Two Lunar Landing Plates,1979,143,2
30610-1,Giant-Man Hank Pym,2017,702,3
Jan-61,City Park Caf茅,2012,494,247
30611-1,R2-D2,2017,158,70
30612-1,Batgirl,2017,708,10
30614-1,Lex Luthor,2018,695,4
30615-1,Edna Mode,2018,535,4
30617-1,"Green Lantern, Jessica Cruz",2018,695,4
306-2,VW Garage,1958,372,45
30620-1,Star-Stuck Emmet,2019,670,41
30623-1,SHAZAM!,2019,695,5
30624-1,Obi-Wan Kenobi - Collectible Minifigure,2019,158,12
30625-1,Luke Skywalker with Blue Milk,2022,158,6
30628-1,The Monster Book of Monsters,2020,246,320
Jan-63,Heartlake Flying Club,2012,494,197
Jan-65,Olivia鈥檚 Tree House,2012,494,214
Jan-66,Cosmos Glider,1999,93,19
Jan-67,Test Shuttle X,1999,93,21
Jan-68,Radar Buggy,1999,93,25
Jan-69,Cosmic Wing,1999,93,23
Jan-70,Mosquito,1999,134,21
Jan-71,Light Flyer,1999,134,19
307-2,VW Auto Showroom,1958,372,51
Jan-72,Mega Tack,1999,134,23
307-2-DUMMY-1,Dummy Set for 307-2,1958,301,5
Jan-73,Booster,1999,134,21
Jan-74,Red Ninja's Dragon Glider,1999,434,20
Jan-75,Ninja Master's Boat,1999,434,22
Jan-76,White Ninja's Attack Cart,1999,434,23
Jan-77,Ninja Shogun's Small Fort,1999,434,21
Jan-78,Kellogg's Promotional Set: Car,1998,465,17
Jan-79,Kellogg's Promotional Set: Duck,1998,465,14
Jan-80,Kellogg's Promotional Set: Plane,1998,465,16
308-1,Bracelet Sympathy,1979,668,38
Jan-81,Kellogg's Promotional Set: Helicopter,1998,465,16
308-2,Basic Building Set,1985,467,34
308-3,Fire Station,1958,372,111
Jan-83,Flying Action,2001,632,11
308-3-DUMMY-1,Dummy Set for 308-3,1958,301,7
Jan-85,Racing Action,2001,632,50
Jan-87,The Circus Princess,2001,632,8
Jan-88,Growing Garden,2001,632,20
Jan-89,Adventure Trip,2001,632,32
Jan-90,Forest Picnic,2001,632,28
309-1,Bracelet Spring,1979,668,38
Jan-91,Big Gas / Petrol Truck,2001,632,4
309-2,Church,1958,372,149
Jan-92,Friendly Farm,2001,632,11
Jan-93,Fun Playground,2001,632,29
309314-1,City: Police on Alert!,2012,497,19
Jan-95,Wildlife Park,2001,632,32
Jan-99,Storage Chest,2000,505,142
31000-1,Mini Speeder,2013,672,65
Jan-00,Sporty Scala Girl,1998,668,14
31001-1,Mini Skyflyers,2013,672,62
31002-1,Super Racer,2013,672,121
31003-1,Red Rotors,2013,672,145
31004-1,Fierce Flyer,2013,672,166
31005-1,Construction Hauler,2013,672,256
31006-1,Highway Speedster,2013,672,286
31007-1,Power Mech,2013,672,223
31008-1,Thunder Wings,2013,672,235
31009-1,Small Cottage,2013,672,271
310-1,Motorized Truck Set,1969,365,185
31010-1,Treehouse,2013,672,356
Jan-01,Dressing Up,1998,668,11
31011-1,Aviation Adventures,2013,672,620
31012-1,Family House,2013,672,756
31013-1,Red Thunder,2014,672,66
31014-1,Power Digger,2014,672,64
31015-1,Emerald Express,2014,672,56
31017-1,Sunset Speeder,2014,672,119
31018-1,Highway Cruiser,2014,672,129
31019-1,Forest Animals,2014,672,272
310-2,Pendant,1979,668,30
31020-1,Twinblade Adventures,2014,672,216
Jan-02,Leisure Wear for Christian,1998,668,11
31021-1,Furry Creatures,2014,672,285
31022-1,Turbo Quad,2014,672,186
31023-1,Yellow Racers,2014,672,328
31024-1,Roaring Power,2014,672,374
31025-1,Mountain Hut,2014,672,550
31026-1,Bike Shop & Cafe,2014,672,1024
31027-1,Blue Racer,2015,672,67
31028-1,Sea Plane,2015,672,53
31029-1,Cargo Heli,2015,672,132
310-3,Tug,1973,363,46
31030-1,Red Go-Kart,2015,672,106
Jan-03,Christian in Blue Blazer,1998,668,10
31031-1,Rainforest Animals,2015,672,215
Feb-03,Harry Potter Pen,2004,501,13
31032-1,Red Creatures,2015,672,221
31033-1,Vehicle Transporter,2015,672,264
31034-1,Future Flyer,2015,672,237
31035-1,Beach Hut,2015,672,286
31036-1,Toy & Grocery Shop,2015,672,466
31037-1,Adventure Vehicles,2015,672,282
31038-1,Changing Seasons,2015,672,536
31039-1,Blue Power Jet,2015,672,608
310-4,Basic Building Set,1985,467,46
31040-1,Desert Racers,2016,672,65
Jan-04,Ashley (aka Caroline in Red Dress),1998,668,8
31041-1,Construction Vehicles,2016,672,64
31042-1,Super Soarer,2016,672,100
31043-1,Chopper Transporter,2016,672,124
31044-1,Park Animals,2016,672,202
31045-1,Ocean Explorer,2016,672,213
31046-1,Fast Car,2016,672,222
31047-1,Propeller Plane,2016,672,230
31048-1,Lakeside Lodge,2016,672,370
31049-1,Twin Spin Helicopter,2016,672,326
310-5,ESSO Filling Station,1958,372,96
31050-1,Corner Deli,2016,672,467
Jan-05,Emma in Flower Dress,1998,668,9
31051-1,Lighthouse Point,2016,672,528
Feb-05,R2-D2 Pen,2005,501,10
31052-1,Vacation Getaways,2016,672,792
31053-1,Treehouse Adventures,2016,672,387
31054-1,Blue Express,2017,672,71
31055-1,Red Racer,2017,672,72
31056-1,Green Cruiser,2017,672,122
31057-1,Air Blazer,2017,672,102
31058-1,Mighty Dinosaurs,2017,672,174
31059-1,Sunset Street Bike,2016,672,194
310-5-DUMMY-1,Dummy Set for 310-5,1958,301,2
31060-1,Airshow Aces,2016,672,246
Jan-06,Marie in Rainbow Skirt,1998,668,11
31062-1,Robo Explorer,2017,672,205
31063-1,Beachside Vacation,2017,672,275
31064-1,Island Adventures,2017,672,359
31065-1,Park Street Townhouse,2017,672,566
31066-1,Space Shuttle Explorer,2017,672,285
31067-1,Modular Poolside Holiday,2017,672,356
31068-1,Modular Modern Home,2017,672,386
31069-1,Modular Family Villa,2017,672,728
31070-1,Turbo Track Racer,2017,672,670
Jan-07,Andrea in Sun Dress,1998,668,9
31071-1,Drone Explorer,2018,672,109
31072-1,Extreme Engines,2018,672,109
31073-1,Mythical Creatures,2018,672,223
31074-1,Rocket Rally Car,2018,672,241
31075-1,Outback Adventures,2018,672,225
31076-1,Daredevil Stunt Plane,2018,672,200
31077-1,Modular Sweet Surprises,2018,672,396
31078-1,Tree House Treasures,2018,672,260
31079-1,Sunshine Surfer Van,2018,672,379
31080-1,Modular Winter Vacation,2018,672,374
Jan-08,Birthday Accessories,1998,668,34
31081-1,Modular Skate House,2018,672,422
31083-1,Cruising Adventures,2018,672,597
31084-1,Pirate Roller Coaster,2018,672,923
31085-1,Mobile Stunt Show,2018,672,581
31086-1,Futuristic Flyer,2019,672,157
31087-1,Dune Buggy,2019,672,147
31088-1,Deep Sea Creatures,2019,672,230
31089-1,Sunset Track Racer,2019,672,221
31090-1,Underwater Robot,2019,672,207
31091-1,Shuttle Transporter,2019,672,341
31092-1,Helicopter Adventure,2019,672,114
31093-1,Riverside Houseboat,2019,672,396
31094-1,Race Plane,2019,672,333
31095-1,Fairground Carousel,2019,672,595
31096-1,Twin-Rotor Helicopter,2019,672,569
31097-1,Townhouse Pet Shop & Caf茅,2019,672,969
31098-1,Outback Cabin,2019,672,305
31099-1,Propeller Plane,2020,672,128
1月31日,Medium Ship Set,1973,433,39
31100-1,Sports Car,2020,672,134
Jan-10,Four Animal Friends,1998,668,20
31101-1,Monster Truck,2020,672,163
Feb-10,Harry Potter Pen,2005,501,14
31102-1,Fire Dragon,2020,672,234
31103-1,Rocket Truck,2020,672,198
31104-1,Monster Burger Truck,2020,672,499
31105-1,Townhouse Toy Store,2020,672,554
31107-1,Space Rover Explorer,2020,672,510
31108-1,Caravan Family Holiday,2020,672,766
31109-1,Pirate Ship,2020,672,1262
311-1,Ferry,1973,363,83
31111-1,Cyber Drone,2021,672,113
31112-1,Wild Lion,2021,672,224
31113-1,Race Car Transporter,2021,672,328
31114-1,Superbike,2021,672,236
31115-1,Space Mining Mech,2021,672,327
31116-1,Safari Wildlife Tree House,2021,672,397
31117-1,Space Shuttle Adventure,2021,672,486
31118-1,Surfer Beach House,2021,672,564
31119-1,Ferris Wheel,2021,672,1002
311-2,Pendant,1979,668,29
31120-1,Medieval Castle,2021,672,1426
Jan-12,Baby's Nursery,1998,668,39
31121-1,Crocodile,2021,672,454
Feb-12,Santa Pen,2004,501,9
31122-1,Fish Tank,2021,672,352
31123-1,Off-road Buggy,2022,672,160
31124-1,Super Robot,2022,672,159
31125-1,Fantasy Forest Creatures,2022,672,175
31126-1,Supersonic-jet,2022,672,215
31127-1,Street Racer,2022,672,258
31128-1,Dolphin and Turtle,2022,672,137
31129-1,Majestic Tiger,2022,672,755
311-3,Basic Set,1984,469,34
31130-1,Sunken Treasure Mission,2022,672,522
31131-1,Downtown Noodle Shop,2022,672,569
31132-1,Viking Ship and the Midgard Serpent,2022,672,1192
311-4,Airplanes,1961,373,79
Jan-14,My Place,1998,668,53
Feb-14,Spider-Man 2 Pen,2004,501,12
311-5,Remote Control Car Set,1970,365,189
Jan-15,Kitchen,1998,668,49
Jan-16,Cool Ice Cream Cafe,1998,668,81
Jan-17,Flashy Pool,1998,668,96
Jan-18,Fun Fashion Boutique,1998,668,131
Jan-19,Sunshine Home,1998,668,185
31197-1,Andy Warhol's Marilyn Monroe,2020,709,3341
31198-1,The Beatles,2020,709,2933
31199-1,Marvel Studios Iron Man,2020,709,3167
Feb-31,Universal Joint / Connectors,1977,453,21
31200-1,The Sith,2020,709,3406
Jan-20,Additional Room,1998,668,21
31201-1,Harry Potter Hogwarts Crests,2021,709,4249
31202-1,Disney's Mickey Mouse,2021,709,2658
31203-1,World Map,2021,709,11695
31204-1,Elvis Presley 鈥?The King,2022,709,3445
31205-1,Jim Lee Batman Collection,2022,709,4167
31206-1,The Rolling Stones,2022,709,1998
31207-1,Floral Art,2022,709,2870
312-1,Remote Control Unit,1970,371,1
Jan-21,Summer Day Out,2001,668,22
312-2,Bracelet and Pendant,1979,668,59
Jan-22,1-2-3 Marie,2001,668,29
312-3,Tanker,1973,363,112
Jan-23,Emma's Chill-Out Kitchen,2001,668,66
312-4,Boats,1961,373,107
Jan-24,Indie's Stable,2001,668,91
Jan-25,Preschool Playtable,2004,504,18
Jan-26,Green Bucket,2001,505,40
Jan-30,Swinging Stroller,1999,668,19
31307-1,"Clikits Wallet, Hearts (Pink)",2008,501,0
313-1,London Bus,1966,373,140
31313-1,Mindstorms EV3,2013,262,601
31314-1,Racers Super Speedway Game,2001,112,126
31317-1,Knights' Kingdom: Save the Kingdom Game,2004,198,48
313-2,Bracelet and Pendant,1979,668,59
Jan-32,Emma,1999,668,11
Jan-33,Andrea in Jogging Suit,1999,668,9
Jan-34,Marie in Happy Flowers,1999,668,10
Jan-35,Olivia in Fancy Wear,1999,668,11
Jan-36,Christian in Blue Jeans,1999,668,9
Jan-37,Casual Wear for Men,1999,668,3
Jan-38,Fashion Wear for Ladies,1999,668,3
Jan-39,Windbreaker and Jeans,1999,668,3
Jan-40,Dancing Circle Dress for Girls,1999,668,4
314-1,Police Boat,1976,363,55
Jan-41,Snuggly Baby Wear,1999,668,4
314-2,Large & Small Wheels & Turn-Table,1963,371,35
Jan-42,Marie's Room,1999,668,125
Jan-43,Camping Trip,1999,668,82
Jan-44,Horse Stable,1999,668,40
Jan-46,Carry and Shopping Accessories,1999,668,15
Jan-48,Carla's Winter Camp,2000,668,172
Jan-49,Happy Home,2000,668,266
Jan-50,Puppy Playground,2000,668,44
315-1,Basic Building Set,1990,467,62
Jan-51,Emma on the Move,2000,668,71
315-2,Container Transport,1976,363,86
Jan-52,Playroom for the Baby Thomas,2000,668,84
315-3,European Taxi,1963,373,48
315-4,European Taxi,1968,373,48
Jan-55,Olivia in Smooth Dress,2000,668,14
Jan-56,Hot Wear for Woman,2000,668,3
Jan-57,Cool Wear for Girls,2000,668,2
Jan-58,Christian in Tough Wear,2000,668,8
Jan-59,Celebration,2000,668,39
316-1,Fire Fighter Ship,1978,363,142
316-2,Farm Tractor,1963,373,49
316-3,Farm Tractor,1968,373,49
317-1,Truck,1963,373,125
317-2,Basic Building Set,1987,467,68
317-3,Truck,1968,373,125
Jan-77,Small Car,2010,63,43
Jan-78,Seaplane,2010,59,102
Jan-79,Repair Truck,2010,63,123
Jan-80,Tank Truck,2010,63,222
318-1,Windmill Set,1963,367,153
Jan-81,Passenger Plane,2010,53,309
Feb-81,Passenger Plane - ANA Version,2010,53,310
Jan-82,Airport,2010,53,705
Jan-83,Stephanie鈥檚 Cool Convertible,2012,494,149
Jan-84,Adventure Camper,2012,494,325
Jan-85,Summer Riding Camp,2012,494,1160
Jan-86,Emma's  Horse Trailer,2012,494,233
Jan-87,Butterfly Beauty Shop,2012,494,241
Jan-88,Heartlake Vet,2012,494,371
Jan-89,Heartlake Stables,2012,494,426
319-1,Truck with Trailer,1965,373,74
Jan-91,50 Jahre Anniversary Bucket,2006,505,103
319-2,Truck with Trailer,1968,373,74
Jan-93,Fashion Designer Kit,2005,500,13
Jan-94,Bracelet Heart,2004,500,9
Jan-95,"Bracelet, Daisy",2004,500,9
Jan-96,"Bracelet, Star",2004,500,9
Jan-97,Small Aircraft,2001,729,16
Jan-00,Beauty Studio,1997,668,40
320-1,Basic Building Set,1985,467,78
Jan-01,Living Room,1997,668,38
320-2,Two-Engine Airplane,1965,373,120
Jan-02,Laundry Room,1997,668,44
320-3,Two-Engine Plane,1968,373,120
Jan-03,Dressing Table,1997,668,25
Jan-04,Auntie Jane and Cousin Sophie,1998,668,29
Jan-05,Julie's (Andrea's) Picnic Lunch,1998,668,31
Jan-06,Ashley's Snack Time (Emma Making Lunch),1998,668,28
Jan-10,Party Dress and Accessories,1998,668,28
321-1,Clowns,1965,366,223
Jan-11,Girls' Dress and Accessories,1998,668,26
Jan-19,MINI TIE Fighter,2002,158,12
Feb-32,Large Ship Set,1973,433,57
Jan-20,Christian with Gifts,1998,668,23
322-1,Basic Set,1981,469,82
Jan-21,LEGO Truck,2010,63,278
322-2,Town House,1964,367,171
Jan-22,Helicopter and Limousine,2010,53,267
322-3,Basic Building Set + Storage Case,1983,469,1
Jan-23,Orange Fish,2003,204,43
322-4,Educational Gear Set,1969,523,43
Jan-25,Classic Train,1998,236,282
Jan-26,Cars and Planes,1998,399,311
323-1,Train,1964,373,253
Jan-33,Fantasy Bird,1998,729,32
Jan-34,Fantasy Boat,1998,399,27
Jan-40,Andrea's Miniature Garden,1997,668,65
324-1,Ricky Racoon on his Scooter,1979,390,2
Jan-41,Nursery,1997,668,61
324-2,House with Garage,1964,367,174
Jan-42,Bathroom,1997,668,92
Jan-43,Kitchen,1997,668,111
325-1,Basic Building Set,1990,467,109
325-2,Percy Pig and his Barrow,1979,390,6
325-3,Shell Service Station,1966,367,101
Jan-59,Kanoka Launcher And Disc,2004,324,2
326-1,Small Cottage,1965,367,63
Jan-63,Goozle,2001,666,10
Jan-64,Tez,2001,666,9
Jan-65,Wazo,2001,666,6
Jan-66,Tubes,2001,505,58
Jan-67,Brick Runner,2001,505,25
Jan-70,Dream Cottage,1997,668,133
327-1,Basic Building Set,1987,467,107
Jan-71,Bob's Workshop,2001,626,11
Jan-72,Scoop on the Road,2001,626,21
Jan-73,"Bob, Lofty and the Mice",2001,626,20
Jan-74,Bob and Muck Repair the Barn,2001,626,37
Jan-75,Bob's Big Building Box,2001,626,52
Jan-76,Muck and Scoop,2001,626,54
Jan-78,Wallpaper Wendy (Explore),2002,626,10
Jan-79,Bob at Work,2002,626,10
328-1,Michael Mouse and his New Car,1979,390,23
Jan-81,Naughty Spud,2002,626,10
328-2,Biplane,1967,373,44
Jan-82,Clock Tower Bob,2002,626,50
Jan-83,Dizzy's Birdwatch,2002,626,45
Jan-84,Bob's Busy Day,2003,626,10
Jan-85,Wendy in the Office,2003,626,10
Jan-86,Spud & Bird,2003,626,10
Jan-87,Takutanuva,2004,324,0
Jan-88,Packer,2007,626,19
Jan-89,Muck & Roley in the Sunflower Factory,2007,626,36
Jan-90,The Big Family House,1997,668,312
329-1,Antique Car,1967,373,111
32918-1,Star Wars II: The Original Trilogy - PC CD-ROM,2006,501,0
329-2,Bernard Bear and his Delivery Lorry,1979,390,27
Jan-92,Dizzy's Bridge Set,2005,626,20
329-3,Antique Car,1968,373,111
Jan-93,Benny's Dig Set,2005,626,20
32939-1,Star Wars II: The Original Trilogy - PSP,2006,501,0
Jan-94,Muck's Recycling Set,2005,626,33
Jan-95,Roley's Road Set,2005,626,26
32958-1,Star Wars II: The Original Trilogy - Gamecube,2006,501,0
32960-1,Star Wars II: The Original Trilogy - Game Boy Advance,2006,501,0
Jan-96,Travis and the Mobile Caravan,2005,626,26
32961-1,Star Wars II: The Original Trilogy - DS,2006,501,0
Jan-97,Scoop and Lofty at the Building Yard,2005,626,61
3297501-1,Star Wars II: The Original Trilogy - Xbox,2006,501,0
3297601-1,Star Wars II: The Original Trilogy - Xbox 360,2006,501,0
Jan-98,Lift and Load Sumsy,2006,626,12
Jan-99,Scrambler and Dizzy at Bob's Workshop,2006,626,50
3300000-1,The Brick Apple,2010,408,133
3300001-1,Brickley,2011,408,197
3300002-1,Holiday Set 2 of 2,2011,227,117
3300003-1,LEGO Brand Retail Store,2012,408,280
3300005-1,Copenhagen,2011,408,56
3300006-1,Routemaster Bus,2011,408,117
3300014-1,Holiday Set,2012,227,109
3300020-1,Holiday Set 1 of 2,2011,227,98
Jan-00,Harold the Helicopter,2006,631,7
330059-1,Armor Case Kit for Nintendo DS - Star Wars,2009,501,22
330081-1,Play and Build Kit for Nintendo DS - Star Wars - Obi Wan Kenobi,2011,501,9
330085-1,Armor Case Kit for Nintendo DSi - Star Wars Ep III/Clone Wars,2011,501,27
330-1,Basic Building Set,1985,467,158
Jan-01,Cranky-Loading Crane,2006,631,34
33018-1,Star Wars: The Complete Saga - PC DVD-ROM,2009,501,0
330-2,Gas Station,1978,364,212
Jan-02,Soccer Field,1998,462,2
330-3,Jeep,1968,373,65
Jan-03,Field Accessories,1998,462,51
33038-1,Star Wars: The Complete Saga - PS3,2007,501,0
330-4,Jeep,1968,373,65
Jan-04,Dutch National Player,1998,462,4
Jan-05,World Team Player,1998,462,4
Feb-05,World Team Player - Limited Edition (England),1998,462,4
Mar-05,World Team Player - Limited Edition (Netherlands),1998,462,4
Jan-06,Soccer Goalies,1998,462,8
33061-1,Star Wars: The Complete Saga - DS,2007,501,0
33063-1,Star Wars: The Complete Saga - Wii,2007,501,0
33076-1,Star Wars: The Complete Saga - Xbox 360,2007,501,0
Jan-08,Tribune,1998,462,86
Jan-09,Head Tribune,1998,462,96
Jan-10,Commentator and Press Box,1998,462,95
331-1,Dump Truck,1967,373,45
Jan-11,Camera Tower,1998,462,100
331-2,Dump Truck,1968,373,45
Jan-12,Medic's Station,1998,462,79
Jan-13,Light Poles,1998,462,101
Jan-14,Stadium Security,1998,462,144
Jan-15,Olivia鈥檚 House,2012,494,734
Jan-16,Friends Advent Calendar 2012,2012,216,214
Jan-17,German National Player,1998,462,4
Jan-18,English Player,1998,462,4
Jan-20,Austrian Player,1998,462,4
332-1,Tow Truck,1967,373,56
332-2,Tow Truck,1968,373,56
Jan-23,German National Player and Ball,1998,462,5
Jan-24,Kaufhof Promotional Set: World Team Player and Ball,1998,462,5
Jan-25,Intelligent Train Deluxe Set (Explore),2002,634,94
Jan-26,Intelligent Train Cargo (Explore),2002,634,14
Jan-27,Intelligent Train Station (Explore),2002,634,28
Jan-30,Racing Car,1998,465,17
333-1,Basic Set,1981,469,100
Jan-31,Bird,1998,465,14
33318-1,Indiana Jones: The Original Adventures - MAC-DVD,2008,501,0
33318-6,Indiana Jones: The Original Adventures - PC-DVD,2008,501,0
333-2,Delivery Truck,1967,373,68
Jan-32,Plane,1998,465,18
333-3,Delivery Truck,1966,373,68
Jan-33,Helicopter,1998,465,17
333360-1,Rey Minifigure Plush,2019,501,0
33339-1,Indiana Jones: The Original Adventures - PSP,2008,501,0
Jan-34,Intelli-Train Tunnel,2002,634,10
Jan-35,Intelligent Train Starter Set (Explore),2002,634,29
33355-7,Indiana Jones: The Original Adventures - PS2,2008,501,0
Jan-36,Green Tub,2000,505,90
333614-3,Indiana Jones: The Original Adventures - DS,2008,501,0
33363-1,Indiana Jones: The Original Adventures - Wii,2008,501,0
Jan-40,Star Wars #1 - Sith Minifig Pack,2000,158,30
334-1,Truck with Flatbed,1967,373,72
Jan-41,Star Wars #2 - Luke/Han/Boba Minifig Pack,2000,158,25
334-2,SEMI-Trailer Truck,1968,373,72
Jan-42,Star Wars #3 - Troopers/Chewie Minifig Pack,2000,158,25
Jan-43,Star Wars #4 - Battle Droid Minifig Pack,2000,158,33
Jan-44,Mini Heroes Collection: Ninja #1,2000,434,10
Jan-45,Mini Heroes Collection: Ninja #2,2000,434,24
Jan-46,Mini Heroes Collection: Ninja #3,2000,434,26
Jan-47,Mini Heroes Collection: Rock Raiders #1,2000,442,9
Jan-48,Mini Heroes Collection: Rock Raiders #2,2000,442,26
Jan-49,Mini Heroes Collection: Rock Raiders #3,2000,442,29
Jan-50,Mini Heroes Collection: City #1,2000,106,27
335-1,Basic Building Set,1990,467,245
Jan-51,Mini Heroes Collection: City #2,2000,106,24
335-2,Transport Truck,1967,373,99
Jan-52,Salty the Dockyard Diesel,2007,631,8
335-3,Transport Truck,1967,373,99
Jan-53,Spencer and Sir Topham Hatt,2007,631,45
Jan-54,Gordon's Express,2007,631,13
335590-1,Banana Guy Plush,2021,501,0
336-1,Fire Engine,1968,373,76
Jan-65,Moon Buggy,2011,52,37
Jan-66,Satellite Launch Pad,2011,52,165
Jan-67,Space Shuttle,2011,52,231
Jan-68,Rocket Launch Center,2011,52,499
337-1,Basic Building Set,1987,467,225
337-2,Truck with Crane and Caterpillar Track,1969,373,92
33768-4,Indiana Jones: The Original Adventures - Xbox 360,2008,501,0
Jan-80,Johnny Thunder Chupa Chups Promotional,2003,300,6
338070-1,Chewbacca Holiday Minifigure Plush,2020,501,0
338090-1,Darth Vader Holiday Minifigure Plush,2020,501,0
338-1,Ambulance,1970,420,74
Jan-81,Lord Sam Sinister Chupa Chups Promotional,2003,300,5
338130-1,Yoda Holiday Minifigure Plush,2020,501,0
338-2,Blondi the Pig and Taxi Station,1979,390,39
Jan-82,Jing Lee the Wanderer Chupa Chups Promotional,2003,300,4
Jan-83,Chef,2003,105,6
Jan-84,Train Worker Chupa Chups Promotional,2003,105,4
Jan-85,Conductor Charlie,2003,105,6
Jan-86,Xtreme Stunts Pepper Roni Chupa Chups Promotional,2003,407,4
Jan-87,Xtreme Stunts Brickster Chupa Chups Promotional,2003,407,4
Jan-88,Xtreme Stunts Snap Lockitt Chupa Chups Promotional,2003,407,4
Jan-89,Skateboarder Bill Chupa Chups Promotional,2003,460,7
Jan-90,Street Basketball Player,2003,459,5
Jan-91,"Dash, Mission Deep Sea, Chupa Chups Promotional",2003,305,13
3月4日,Basic Set,1973,469,191
340-1,Basic Building Set,1985,467,220
Jan-01,Shoot n' Score,2000,462,24
Feb-01,Shoot 'n' Score (Zinedine Zidane Release),2000,462,24
340-2,Fire Trucks,1978,364,277
Jan-02,Grandstand with Lights,2000,462,61
340-3,Railroad Control Tower,1968,367,74
Jan-03,Fans' Grandstand with Scoreboard,2000,462,81
340-4,Railroad Control Tower,1963,367,74
Jan-04,Team Bus (Black),2000,462,132
Feb-04,Team Bus with Ball,2002,462,1
Jan-05,Team Bus (Blue),2000,462,132
Jan-06,Americas Bus,2000,462,132
Feb-06,Equipe de France Team Bus,2000,462,131
Mar-06,Team Bus (White),2000,462,132
Jan-07,Team Bus (Red),2000,462,133
Jan-08,Super Sports Coverage,2000,462,224
Jan-09,Championship Challenge,2000,462,294
Feb-09,Championship Challenge (Special Edition),2000,462,20
Jan-10,Field Expander,2000,462,53
34102240-1,Ninjago: Tournament of Elements: Season 4 (DVD),2015,501,0
341-1,Warehouse,1968,367,123
Jan-11,Team Transport,2000,462,133
341-2,Cathy Cat's & Morty Mouse's Cottage,1979,390,115
Jan-12,Point Shooting,2000,462,24
341-3,Warehouse (USA/CAN Version),1968,367,123
Jan-13,Goal Keeper,2000,462,27
Jan-14,Precision Shooting,2000,462,23
Jan-16,Women's Team,2001,462,68
Jan-18,Point Shooting,2001,462,24
Jan-19,Precision Shooting,2001,462,24
Jan-20,Championship Challenge II,2002,462,388
Feb-20,Championship Challenge II - FC Bayern Promo Edition,2003,462,389
Mar-20,Championship Challenge II - Equipe de France Promo Edition,2002,462,389
Apr-20,Championship Challenge II,2004,462,388
342-1,Station,1968,367,191
Jan-21,3 v 3 Shootout,2002,462,225
342-2,Terminal Building,1968,367,191
Jan-22,Shoot 'N Save,2002,462,109
Feb-22,Shoot 'N Save (FC Bayern Promo Edition),2003,462,114
Jan-23,Freekick Frenzy,2002,462,53
Jan-24,Target Practice,2002,462,37
Jan-25,Grand Championship Cup - U.S. Men's Team Cup Edition,2002,462,570
Feb-25,Grand Championship Cup,2002,462,569
34253372-1,Ninjago: Masters of Spinjitsu: Complete Season 1-2,2015,501,0
Jan-26,Team Transport Adidas Edition,2002,462,132
Jan-27,NBA Slam Dunk,2003,459,55
Jan-28,One vs One Action,2003,459,39
Jan-29,Ultimate Defense,2003,459,82
Jan-30,Spin & Shoot,2002,459,71
343-1,Train Ferry,1968,373,147
Jan-31,Streetball 2 vs 2,2003,459,186
343-2,Ferry,1967,373,147
Jan-32,NBA Challenge,2003,459,451
Jan-33,NBA Ultimate Arena,2003,459,491
Jan-38,McDonald's Restaurant,1999,728,94
Jan-39,Spy Runner,2000,50,119
Jan-40,NBA Jam Session Co-Pack,2003,459,71
344-1,Bungalow,1969,413,77
344-2,Service Station,1979,390,87
Jan-42,LEGOLAND California Truck,1998,50,106
Jan-44,2 x 4 Ridge Roof Tiles Steep Sloped Black,2000,254,25
Jan-45,2 x 4 Ridge Roof Tiles Steep Sloped Red,2000,254,25
Jan-46,2 x 2 Window White,2000,254,25
Jan-47,1 x 3 x 4 Wall Element Transparent Blue (Train Window),2000,254,25
Jan-48,1 x 4 x 5 Black Window Frames with Clear Panes,2000,254,20
Jan-49,1 x 4 x 6 Black Door Frame with Transparent Blue Panes,2000,254,10
Jan-50,Statue of Liberty,2000,276,2899
345-1,House with Mini Wheel Car,1969,413,132
Jan-51,Sopwith Camel,2001,673,577
345-2,Small Bucket for Her,1993,467,135
345-3,House with Mini-Wheel Car,1970,413,132
Jan-53,2 x 2 Black Bricks,2000,254,100
Jan-54,2 x 2 Light Gray Bricks,2003,254,100
Jan-55,2 x 2 White Bricks,2003,254,100
Jan-56,2 x 2 Dark Green Bricks,2000,254,100
Jan-57,2 x 2 Red Bricks,2000,254,100
Jan-58,2 x 4 Black Bricks,2000,254,50
Jan-59,2 x 4 Light Gray Bricks,2003,254,50
Jan-60,2 x 4 White Bricks,2003,254,50
346-1,Jumbo Jet,1970,412,117
Jan-61,2 x 4 Dark Green Bricks,2000,254,50
346-2,House with Car,1969,413,167
Jan-62,2 x 4 Red Bricks,2000,254,50
Jan-63,2 x 8 Black Bricks,2000,254,25
Jan-64,2 x 8 Light Gray Bricks,2003,254,25
Jan-65,2 x 8 White Bricks,2003,254,25
Jan-66,2 x 8 Dark Green Bricks,2000,254,25
Jan-67,2 x 8 Red Bricks,2000,254,25
Jan-68,1 x 4 Black Bricks,2000,254,50
346830-1,Stormtrooper Holiday Minifigure Plush,2020,501,0
Jan-69,1 x 4 Light Gray Bricks,2003,254,50
Jan-70,1 x 4 White Bricks,2003,254,50
347-1,Fire Station with Mini Cars,1970,417,206
Jan-71,1 x 4 Dark Green Bricks,2000,254,50
347-2,Basic Building Set,1987,467,330
Jan-72,1 x 4 Red Bricks,2000,254,50
347-3,Doc David's Hospital,1979,390,111
Jan-73,1 x 6 Black Bricks,2000,254,50
347-4,Fire Station with Mini-Wheel Vehicles,1969,417,206
Jan-74,1 x 6 Light Gray Bricks,2000,254,50
Jan-75,1 x 6 White Bricks,2000,254,50
Jan-76,1 x 6 Dark Green Bricks,2000,254,50
Jan-77,1 x 6 Red Bricks,2000,254,50
Jan-78,1 x 8 Black Bricks,2000,254,25
Jan-79,1 x 8 Light Grey Bricks,2000,254,25
Jan-80,1 x 8 White Bricks,2003,254,25
348-1,Garage with Automatic Doors,1971,413,38
Jan-81,1 x 8 Dark Green Bricks,2000,254,25
348-2,Mini-Wheel Car and Truck Set,1970,423,187
Jan-82,1 x 8 Red Bricks,2000,254,25
Jan-83,2 x 4 Black Plates,2000,254,100
Jan-84,2 x 4 White Plates,2000,254,100
Jan-85,2 x 4 Red Plates,2000,254,100
Jan-86,1 x 6 Black Plates,2000,254,50
Jan-87,1 x 6 White Plates,2000,254,50
Jan-88,1 x 6 Red Plates,2000,254,50
Jan-89,2 x 8 Black Plates,2000,254,25
Jan-90,2 x 8 White Plates,2000,254,25
349-1,Swiss Chalet,1971,413,81
Jan-91,2 x 8 Red Plates,2000,254,25
349-2,Mini-Wheel Construction Set,1971,423,0
Jan-92,2 x 2 Black Smooth Tiles,2000,254,100
Jan-93,2 x 2 White Smooth Tiles,2000,254,100
Jan-94,2 x 2 Red Smooth Tiles,2000,254,100
Jan-95,2 x 2 Roof Tiles Steep Sloped Black,2003,254,100
Jan-96,2 x 2 Roof Tiles Steep Sloped Red,2003,254,100
Jan-97,2 x 4 Roof Tile Black,2003,254,50
Jan-98,2 x 4 Roof Tile Red,2000,254,50
Jan-99,Small Spruce Trees,2000,254,25
Jan-00,Kobe Bryant,2003,459,4
350-1,Spanish Villa,1971,413,126
Jan-01,Jet-Car,1998,480,26
350-2,Basic Building Set,1985,467,315
Jan-02,Bi-Wing,1998,480,25
350-3,Town Hall,1979,390,138
Jan-03,Mini-Sonic,1998,480,22
Feb-03,Bionicle Carabiner Pen,2005,501,6
Jan-04,Hook-Truck,1998,480,30
Jan-05,Aeroplane,1999,480,23
Jan-06,Motorbike,1999,480,26
Jan-07,1 x 4 x 3 Wall Element Clear,2001,254,25
Jan-08,1 x 4 x 5 Black Window Frame with Blue Pane,2001,254,20
Jan-35,Screws for Motor Case,1977,443,2
Jan-10,Polybag,1998,480,24
351-1,Loader Hopper with Truck,1971,416,170
Jan-11,Funny Crocodile (Explore),2003,505,16
Jan-12,Funny Giraffe,2003,505,21
Jan-13,Funny Lion (Explore),2003,505,23
Jan-14,Rhino and Lion,2003,505,29
Jan-15,African Adventures,2003,505,52
Jan-17,Blue Deer (Explore),2003,505,10
Jan-18,Yellow Duck (Explore),2003,505,11
Jan-19,Green Parrot (Explore),2003,505,10
Jan-20,Forklift,1999,480,39
352-1,Windmill and Lorry,1972,413,142
Jan-21,Racer,1999,480,34
35226243-1,Ninjago: Possession: Season 5 (DVD),2016,501,0
Jan-29,Pau Gasol,2003,459,4
Jan-30,Tony Parker,2003,459,4
353-1,Terrace House with Car and Garage,1972,413,153
Jan-31,Tri-Bike,1998,480,29
Jan-32,Jet-Ski,1998,480,27
Jan-35,Skateboard Street Park,2003,460,69
Jan-36,Snowboard Big Air Comp,2003,460,83
Jan-37,Skateboard Vert Park Challenge,2003,460,92
Jan-38,Snowboard Boarder Cross Race,2003,460,195
Jan-40,Puck Passer,2003,461,46
354-1,Police Heliport,1972,421,170
Jan-41,Slap Shot,2003,461,47
Jan-42,Flip Shot,2003,461,48
Jan-43,Slammer Goalie,2003,461,45
Jan-44,Game Set,2003,461,147
Jan-45,Puck Feeder,2003,461,152
Jan-48,Slam Dunk Trainer,2003,459,19
Feb-48,Slam Dunk Trainer (Kabaya Co-Pack),2003,459,3
Jan-49,Practice Shooting,2003,459,17
Feb-49,Practice Shooting (Kabaya Co-Pack),2003,459,4
Jan-50,Jump and Shoot,2003,459,17
Feb-50,Jump and Shoot (Kabaya Co-Pack),2003,459,3
355-1,Town Center Set with Roadways,1972,413,332
Jan-51,Dino-Jet,1998,480,80
355-2,Basic Set,1981,469,160
Jan-52,Hover Sub,1998,480,126
Jan-54,Helicopter,1999,480,83
Jan-55,Jeep,1999,480,268
Jan-57,Blue Player & Goal,2004,461,31
Jan-58,Red Player & Goal,2004,461,31
Jan-59,Red & Blue Player,2004,461,39
Jan-60,NBA Collectors #1,2003,459,12
356-1,Swiss Villa,1973,413,150
Jan-61,NBA Collectors #2,2003,459,12
356-2,Basic Building Set with Storage Case,1987,467,331
Jan-62,NBA Collectors #3,2003,459,13
Jan-63,NBA Collectors #4,2003,459,12
Jan-64,NBA Collectors #5,2003,459,12
Jan-65,NBA Collectors #6,2003,459,12
Jan-66,NBA Collectors #7,2003,459,12
Jan-67,NBA Collectors #8,2003,459,12
Jan-68,Soccer Target Practice,2006,462,26
Jan-69,Grand Soccer Stadium,2006,462,384
Jan-70,Street Soccer,2006,462,199
357-1,Fire Station,1973,417,240
Jan-71,Blackmobile,1998,480,143
Jan-73,Superstar Figure,2007,462,10
Jan-78,NHL Championship Challenge,2004,461,397
Jan-79,NHL Street Hockey,2004,461,120
358-1,Rocket Base,1973,422,276
Jan-81,Formula Z Car in Storage Case,1998,480,172
Jan-82,Ant,1999,480,258
Jan-84,Rapid Return,2003,459,47
Jan-85,Snowboard Super Pipe,2003,460,227
Jan-86,Stunt Plane (Explore),2003,504,10
Jan-87,Mini Dozer (Explore),2003,504,16
Jan-88,Heavy Truck (Explore),2003,504,19
Jan-89,Chopper (Explore),2003,504,23
Jan-90,Drill (Explore),2003,504,25
359-1,Environment Plate,1972,473,1
Jan-91,Heli-Transport (Rota-Beast),1998,480,265
Jan-94,Bob's Workshop,2009,626,14
Jan-95,Scoop at Bobland Bay,2009,626,28
Jan-96,Muck Can Do It,2009,626,39
Jan-97,Lofty and Dizzy Hard at Work,2009,626,51
Jan-98,XXL 2000 Canister,2005,22,2000
Jan-99,XXL 250 Canister,2005,505,250
3月6日,Medium House Set,1970,433,158
Jan-00,Build Your Own House Tub,2005,34,1201
360-1,Gravel Quarry,1974,416,211
Jan-01,Edward Elephant's Garden Table,1981,390,7
Jan-02,Lisa Lamb's Pram,1980,390,6
Jan-03,Boris Bulldog and Mailbox,1981,390,4
Jan-04,Marc Monkey and Wheelbarrow,1980,390,4
Jan-05,Ricky Racoon and his Scooter,1980,390,2
Feb-05,Birthday Party (Explore),2002,632,10
Jan-06,Go-Kart Transport (Rescue Service) (Explore),2002,632,7
Jan-07,Police Action (Explore),2002,632,8
Jan-08,Playground (Explore),2002,632,23
Jan-09,Beach House (Explore),2002,632,9
Jan-10,Campsite (Explore),2002,632,9
361-1,Tea Garden Cafe with Baker's Van,1974,413,215
Jan-11,Road Worker (Explore),2002,632,12
361-2,Garage,1979,67,79
Jan-12,Wild Animals (Explore),2002,632,35
361-3,Tow Truck Kit,1971,423,22
Jan-13,Fire Rescue (Explore),2002,632,30
Jan-14,Racing (Explore),2002,632,36
Jan-15,Percy Pig,1981,390,6
Feb-15,Theatre Stories (Explore),2002,504,51
Jan-16,On the Move Police Station (Explore),2002,632,18
Jan-17,On the Move Hospital (Explore),2002,632,20
Jan-18,Family Farm (Explore),2002,632,53
Jan-19,Traffic Town (Explore),2002,632,82
Jan-20,Playhouse (Explore),2002,652,86
362-1,Windmill,1975,413,211
Jan-21,Polar Animals (Explore),2002,632,31
Jan-22,Rowboat,1988,390,14
Jan-23,Beauty Salon,1988,390,26
Jan-24,Flower Car,1985,390,27
Jan-25,Aeroplane,1985,390,11
Jan-26,Roger Raccoon's Sports Car,1983,390,17
Jan-27,Bonnie Rabbit's Flower Truck,1983,390,31
Jan-28,Perry Panda & Chester Chimp,1981,390,5
Jan-29,Barney Bear,1981,390,17
Jan-30,Sports Airplane,1984,390,11
363-1,Hospital,1975,420,230
Jan-31,Orchestra,1985,390,32
Jan-33,Motor Boat,1986,390,15
Jan-34,Charlie Crow's Carry-All,1980,390,18
Jan-35,Bonnie Bunny's Camper,1981,390,34
Jan-36,Lucy Lamb's Bedroom,1987,390,26
Jan-37,Gertrude Goat's Painter's Truck,1983,390,16
Jan-38,Buster Bulldog's Fire Engine,1983,390,18
Jan-39,Police Car,1984,390,13
364-1,Harbour Scene,1975,419,516
Jan-41,Car & Camper,1985,390,25
Jan-42,Fire Engine,1985,390,18
Jan-43,Police Car,1985,390,13
Jan-44,Mayor's Car,1986,390,12
Jan-45,Classroom,1987,390,27
Jan-46,Kitchen,1988,390,56
Jan-47,School Room,1989,390,47
Jan-48,Police Chase,2011,61,173
Jan-50,First Rollabout,2002,440,7
365-1,Wild West Scene,1975,424,596
Jan-51,Friends,2002,440,12
365-2,Build-N-Store Chest,1990,467,339
Jan-54,Country Cottage,1982,390,49
Jan-55,Fire Action (Explore),2003,632,13
Jan-56,Police Action (Explore),2003,632,36
Jan-57,Fire Fighters (Explore),2003,632,47
Jan-58,Police Helicopter,2011,61,237
Jan-59,Playground,1987,390,18
Jan-60,Fisherman's Cottage,1985,390,33
366-1,Basic Set,1981,469,187
Jan-61,Bank & Money Transfer,2011,61,409
Jan-62,Bus,1987,390,38
Jan-63,Max Mouse's Carousel,1989,390,26
Jan-64,Police Station,1984,390,64
Jan-65,Harry Horse and Clara Cow鈥檚 Ice Cream Shoppe,1980,390,39
Jan-66,Petrol Station,1982,390,35
Jan-67,Bakery,1982,390,73
Jan-68,Merry-Go-Round,1986,390,51
Jan-69,Fire & Police Station,1982,390,40
Jan-70,Service Station,1984,390,61
367-1,Moon Landing,1975,422,364
Jan-71,Airport,1984,390,63
367-2,Mini Airport & Vehicles,1970,523,253
Jan-72,Hotel / Restaurant,1982,390,79
Jan-73,Steamboat,1985,390,65
Jan-74,Bonnie Bunny's New House,1987,390,49
Jan-75,General Store,1987,390,116
Jan-76,Catherine Cat's Fun Park,1989,390,50
Jan-77,Red Cargo Train,2011,66,827
Jan-78,The Fabuland House,1982,390,145
Jan-79,Mill with Shop,1986,390,89
Jan-80,Camping Caravan,1988,390,31
368-1,Taxi Garage,1976,413,156
Jan-81,Amusement Park,1985,390,109
Jan-82,Fire Station,1987,390,159
Jan-83,Amusement Park,1988,390,98
369-1,Coast Guard Station,1976,415,274
Jan-95,Figure Collection,1982,390,80
Jan-96,Tow-Me Truck (Explore),2003,440,6
Jan-97,Fearless Fire Fighter (Explore),2003,440,6
Jan-98,Friendly Police Car (Explore),2003,440,5
Jan-99,Happy Constructor,2003,440,9
Jan-00,Emergency Vehicles (Explore),2003,440,17
370-1,Police Headquarters,1976,421,300
Jan-01,Fisherman Cornelius Cat,1982,390,3
Jan-02,Darth Vader Carabiner Pen,2005,501,4
Jan-03,Peter Pig the Cook,1982,390,3
Jan-04,Marjorie Mouse,1982,390,3
Jan-06,Ernie Elephant,1982,390,3
Jan-07,Clover Cow,1982,390,3
Jan-08,Rufus Rabbit,1982,390,4
Jan-09,"Henry Horse, Carpenter",1983,390,3
Jan-10,Peter Panda Takes a Bath,1983,390,3
371-1,Tipper Truck,1971,416,47
Jan-11,Pierre Pig and His Tuba,1984,390,5
371-2,Motorized Truck Set,1967,301,314
Jan-12,Robby Rabbit and Accordion,1984,390,5
371-3,Seaplane,1977,412,115
Jan-13,Drummer Gabriel Monkey,1984,390,8
Jan-14,Bricklayer Oscar Orangutan,1985,390,9
Jan-15,Flower Stand,1985,390,21
Jan-16,Office,1985,390,10
Jan-17,Fisherman,1985,390,10
Jan-18,Small Cafe,1986,390,7
Jan-19,Bus Stop,1987,390,6
372-1,Texas Rangers,1977,424,257
Jan-21,Clive Crocodile on Skateboard,1988,390,13
372-2,Tow Truck,1971,423,53
Jan-22,Treasure Tomb,1998,297,164
Jan-23,Lego Minifigure,2000,276,1850
Jan-24,Lego Dragon,2001,276,1535
Jan-25,1 x 2 Brick Light Gray,2003,254,100
Jan-26,1 x 2 Brick Dark Gray,2003,254,100
Jan-27,1 x 2 Brick Tan,2000,254,100
Jan-29,2 x 4 Dark Gray Bricks,2000,254,50
Jan-30,2 x 4 Tan Bricks,2000,254,50
373-1,Offshore Rig with Fuel Tanker,1977,418,460
Jan-31,Pumpkin Pack,2000,230,87
373-2,Ambulance,1971,420,65
Jan-32,Castle Expander Pack,2000,255,24
Jan-33,Gray Windows with Clear Panes,2000,254,20
Jan-34,Train Windows with Panes Blue,2000,254,20
Jan-35,Grey Train Doors with Panes,2000,257,20
Jan-36,Blue Train Doors with Panes,2000,257,20
Jan-37,Train Accessories,2000,257,15
Jan-38,Large Spruce Trees,2000,254,10
Jan-39,Blacksmith Shop,2002,186,629
Jan-40,Small Locomotive,2001,236,66
374-1,Fire Station,1978,67,336
Jan-41,Large Locomotive (base unit without color trim elements),2001,236,91
374-2,Fire Engine,1971,417,73
Jan-42,Tender Basis (without color trim elements),2001,236,41
Jan-43,Locomotive Blue Bricks,2001,236,106
Jan-44,Locomotive Green Bricks,2001,236,106
Jan-45,Locomotive Black Bricks,2001,236,106
Jan-46,Locomotive Brown Bricks,2001,236,106
Jan-47,Locomotive Gray Bricks,2001,236,106
Jan-48,Light Unit for Train,2001,456,4
Jan-50,Life on Mars Accessories,2001,443,48
Jan-51,1 x 2 Brown Bricks,2003,254,100
375-2,Castle,1978,189,775
Jan-52,1 x 6 Brown Bricks,2002,254,50
375-3,Refrigerator Truck and Trailer,1971,423,127
Jan-53,2 x 2 Brown Bricks,2003,254,100
Jan-54,2 x 4 Brown Bricks,2003,254,50
Jan-55,2 x 4 Roof Tile Brown,2003,254,50
Jan-56,2 x 4 Brown Ridge Roof Tiles Steep Sloped,2003,254,25
Jan-58,35th Anniversary Bucket,1998,467,600
Jan-59,35th Anniversary Tub,1998,467,1200
Jan-60,35th Anniversary Bucket,1998,399,417
376-1,Low-Loader with Excavator,1971,416,91
Jan-61,35th Anniversary Tub,1998,399,842
376-2,Town House with Garden,1978,67,248
Jan-62,Bucket,1998,505,71
Jan-63,35 Year Anniversary Tub,2002,505,142
Jan-70,My First Train,2005,634,12
377-1,Shell Service Station,1978,67,191
Jan-71,Train Starter Set,2005,634,67
377-2,Crane with Float Truck,1971,416,90
Jan-72,Deluxe Train Set,2005,634,113
Jan-73,Level Crossing,2005,634,14
Jan-74,Bridge,2005,634,26
Jan-75,Points,2005,634,2
Jan-78,Station,2005,634,48
378-1,Tractor,1972,423,36
Jan-81,Maximillian Mouse,1982,390,5
Jan-82,Photographer Patrick Parrot,1982,390,5
Jan-84,Hugo Hog the Tinker,1982,390,5
Jan-86,Buzzy Bulldog the Postman,1982,390,7
Jan-87,"Hannah Hippopotamus, Gardener",1983,390,15
Jan-88,Paulette Poodle's Living Room,1983,390,15
Jan-89,Police Motorcycle,1984,390,6
379-1,Bus Station,1979,67,179
Jan-91,Wilfred Walrus,1984,390,7
379-2,Car and Caravan,1972,423,93
Jan-92,Lisa Lamb's Bedroom,1985,390,17
Jan-93,Buzzy Bulldog's Mailbox,1985,390,12
Jan-94,Police Motorcycle,1985,390,15
Jan-95,Kitchen,1985,390,29
Jan-96,Small Bakery,1986,390,31
Jan-97,Fire Chief Barty Bulldog,1987,390,9
Jan-98,Hanna's Garden,1988,390,25
3月8日,Mini-Wheel Model Maker No. 3,1971,423,67
Jan-00,Ultimate Builders Set,2001,260,322
380-1,Village Set,1971,413,3
Jan-01,Ultimate Accessories,2000,260,45
Jan-03,Robotics Invention System Upgrade Kit (1.5),1999,260,70
Jan-04,"Robotics Invention System, Version 2.0",2001,260,720
Jan-05,Robotics Invention System Upgrade Kit (2.0),2002,260,1
Jan-06,Gigamesh G60,2002,463,243
Jan-07,Snaptrax S45,2002,463,202
Jan-08,Shadowstrike S70,2002,463,236
Jan-09,Technojaw T55,2002,463,261
381-1,Lorry and Fork Lift Truck,1973,416,86
381-2,Police Headquarters,1979,67,372
Jan-15,Heroic Heroes of the Deep,2011,272,95
Jan-16,Glove World,2011,272,169
Jan-17,The Flying Dutchman,2012,272,241
Jan-18,Bikini Bottom Undersea Party,2012,272,471
382-1,Breakdown Truck and Car,1973,423,91
Jan-25,Krusty Krab,2006,272,298
Jan-26,Build-A-Bob,2006,272,445
Jan-27,Adventures in Bikini Bottom,2006,272,579
Jan-28,Air Temple,2006,317,401
Jan-29,Fire Nation Ship,2006,317,724
Jan-30,The Bikini Bottom Express,2008,272,210
383-1,Truck with Excavator,1973,416,102
Jan-31,Rocket Ride,2008,272,279
383-2,Knight's Tournament,1979,189,210
Jan-32,The Emergency Room,2008,272,236
Jan-33,Krusty Krab Adventures,2009,272,209
Jan-34,Good Neighbors at Bikini Bottom,2009,272,425
Jan-35,Robo Champ,2009,502,119
Jan-36,Magikus,2009,502,109
Jan-37,Monster 4,2009,502,142
Jan-38,Lava Dragon,2009,502,136
Jan-39,Race 3000,2009,502,167
Jan-40,Pirate Code,2009,502,270
384-1,London Bus,1973,423,111
Jan-41,Minotaurus,2009,502,224
Jan-42,Lunar Command,2009,502,277
Jan-43,Ramses Pyramid,2009,502,231
Jan-44,Creationary,2009,502,341
Jan-45,Shave a Sheep,2010,502,118
Jan-46,UFO Attack,2010,502,88
Jan-47,Magma Monster,2010,502,95
Jan-48,Pirate Plank,2010,502,122
Jan-49,Orient Bazaar,2010,502,216
3850001-1,Crocodile,2015,410,30
3850002-1,Car,2015,410,40
3850003-1,Giraffes,2015,410,36
3850004-1,Biplane,2015,410,24
3850005-1,Panda,2015,410,35
3850006-1,Jeep,2015,410,29
3850007-1,Elephant,2016,410,27
3850008-1,Jet,2016,410,18
3850009-1,Aircraft,2016,410,41
3850010-1,Butterfly,2016,410,45
3850011-1,Statue of Liberty,2016,410,58
3850012-1,Truck,2016,410,66
3850013-1,Turtle,2016,410,50
3850014-1,Snowplough,2016,410,44
3850015-1,Penguins,2016,410,39
3850016-1,Beaver,2017,410,52
3850017-1,Digger,2017,410,56
3850031-1,Puffin,2017,410,50
3850033-1,Guardsman,2017,410,44
3850060-1,Fish Tank,2017,410,33
3850061-1,Fish Tank #2,2017,410,34
3850065-1,Parisian Guy,2018,410,40
3850070-1,Dragon Coaster (Ollie),2017,410,58
3850072-1,Butterfly,2019,410,45
Jan-50,Meteor Strike,2010,502,185
385-1,Jeep CJ-5,1976,423,58
Jan-51,Atlantis Treasure,2010,502,280
385-2,Build-N-Store Chest,1990,467,450
Jan-52,Sunblock,2011,502,80
Jan-53,Banana Balance,2011,502,49
Jan-54,Frog Rush,2011,502,107
Jan-55,Ramses Return,2011,502,99
Jan-56,Ninjago: The Board Game,2011,502,247
Jan-57,Draida Bay,2011,502,101
Jan-58,Waldurk Forest,2011,502,231
Jan-59,Caverns of Nathuz,2011,502,223
Jan-60,Castle Fortaan,2011,502,312
386-1,Helicopter and Ambulance,1976,420,143
Jan-61,Champion,2011,502,216
Jan-62,Harry Potter: Hogwarts,2010,502,332
Jan-63,Kokoriko,2012,502,115
Jan-64,Mini Taurus,2012,502,165
Jan-65,City Alarm,2012,502,247
Jan-66,Star Wars Battle of Hoth,2012,502,305
Jan-67,Maya Mystica,2012,502,0
Jan-68,Phineas and Ferb,2012,502,281
Jan-70,Takeshi Walker 1,2007,389,29
387-1,Excavator and Dumper,1976,416,159
Jan-71,Ha-Ya-To Walker,2007,389,21
Jan-72,Robo Chopper,2007,389,29
Jan-74,Ilrion,2012,502,246
Jan-85,Hikaru Little Flyer,2007,389,22
Feb-85,Hikaru Little Flyer - Boxed Version,2007,389,22
Mar-85,Hikaru Little Flyer - Duracell 12 pack AA Battery Promotion,2007,389,0
Jan-86,Ryo Walker,2007,389,19
Feb-86,Ryo Walker - Boxed Version,2007,389,19
Mar-86,Ryo Walker - Duracell 12 pack AA Battery Promotion,2007,389,0
Jan-88,Three Eights,1998,399,182
Jan-00,Bracelet,2000,668,20
390-1,Helicopter,1986,467,24
Jan-01,Jack Stone - VHS,2001,501,0
390-2,1913 Cadillac,1975,404,200
Jan-39,Motor Gearbox,1977,443,1
391-1,1926 Renault,1975,404,237
Jan-11,Astronaut Key Chain,2000,503,0
391114-1,Grumlo,2014,571,13
391-2,Police Car,1986,467,22
391301-1,Ewar,2013,571,15
391302-1,Razcal,2013,571,15
Jan-13,Darth Vader Key Chain,2000,503,0
391402-1,Speedorz Ramp,2014,571,25
391403-1,"Tripod Cannon, Chi and Axe",2014,571,20
391404-1,Worriz,2014,571,18
391405-1,Crocodile Hideout,2014,571,29
391406-1,Crug,2014,571,8
391407-1,Fire Spinner,2014,571,21
391408-1,Vornon,2014,571,11
391409-1,Ice Prison,2014,571,17
Jan-14,Luke Skywalker Key Chain,2000,503,0
391410-1,Sykor,2014,571,11
391411-1,Ice Cannon,2014,571,27
391412-1,Worriz,2014,571,9
391501-1,Gorzan,2015,571,8
391502-1,Ice Crossbow,2015,571,27
391503-1,Lundor,2015,571,10
391504-1,Fire vs Ice Weaponry,2015,571,38
391505-1,Iceklaw,2015,571,9
391506-1,Fire Catapult,2015,571,25
391507-1,Stealthor,2015,571,8
391508-1,Bulkar,2015,571,9
Jan-15,Race Car Driver Key Chain,2000,503,0
Jan-16,Rock Raider Key Chain,2000,503,0
Jan-17,2 x 4 Brick - Red Key Chain,2001,503,1
Jan-18,Coast Guard Female Key Chain,2002,503,0
Jan-20,The Hobbit: An Unexpected Journey,2012,502,394
392-1,Formula 1,1975,404,197
392-2,Fire Engine,1986,467,30
Jan-22,Darth Maul Key Chain,2000,503,0
Jan-23,King Leo Key Chain,2000,503,0
Jan-24,Director Key Chain,2001,503,0
Jan-25,Brickster Key Chain,2002,503,0
Jan-26,Martian Key Chain,2002,503,0
Jan-28,Sandy Moondust Mars Rover Mission Astrobot Female,2002,126,5
Jan-29,Biff Starling Mars Rover Mission Astrobot Male,2002,126,5
Jan-30,Stephanie's Outdoor Bakery,2012,494,45
393-1,Norton Motorcycle,1976,404,134
Jan-31,Emma's Splash Pool,2012,494,43
393-2,Tow Truck,1986,467,30
Jan-32,Andrea鈥檚 Stage,2012,494,87
Jan-33,Olivia's Invention Workshop,2012,494,86
Jan-34,Mia鈥檚 Puppy House,2012,494,83
Jan-35,Stephanie鈥檚 Pet Patrol,2012,494,73
Jan-36,Emma鈥檚 Fashion Design Studio,2012,494,81
Jan-37,Olivia's Speedboat,2012,494,65
Jan-38,Andrea's Bunny House,2012,494,64
Jan-39,Mia's Bedroom,2012,494,87
394-1,Harley-Davidson 1000cc,1976,404,144
Jan-42,Heartlake Dog Show,2012,494,202
Jan-45,Drome Racer Key Chain,2002,503,0
Jan-46,Soccer Player and Ball Key Chain,2002,503,0
Jan-47,Yoda Key Chain,2002,503,0
Jan-48,Stormtrooper Key Chain,2001,503,0
395-1,1909 Rolls-Royce,1976,404,284
Jan-52,Police Officer Key Chain,2000,503,0
Jan-55,UFO Droid Key Chain,1997,503,0
Jan-59,Timmy Key Chain,1997,503,0
396-1,Thatcher Perkins Locomotive,1976,404,434
Jan-61,Johnny Thunder Key Chain,1998,503,0
Jan-62,Chief Key Chain,1997,503,0
Jan-74,Cowboy Key Chain,2001,503,0
Jan-78,Magic Wizard Key Chain,1998,503,0
398-1,U.S.S. Constellation,1978,404,982
Jan-83,Captain Roger Key Chain,2002,503,0
4000000-1,Cars,2010,599,407
4000001-1,Moulding Machines,2011,599,795
4000002-1,LOM Moulding,2011,599,174
4000004-1,Systematic Creativity Toolbox,2012,599,47
4000005-1,KOM Moulding,2012,599,315
4000006-1,Kladno Campus (2012 Version),2012,599,278
4000007-1,Ole Kirk's House (LEGO Employee Christmas Gift Version),2012,599,910
4000008-1,Villy Thomsen Truck,2013,599,367
4000009-1,HMV Production,2013,599,285
40000-1,Santa Claus in the Snow,2009,227,159
4000010-1,LEGO House,2014,301,250
4000011-1,Ny铆regyh谩za Factory,2014,599,327
4000012-1,Piper Airplane,2012,599,618
4000013-1,A LEGO Christmas Tale,2013,599,435
4000014-1,The LEGOLAND Train (LEGO Inside Tour Version),2014,599,546
4000014-2,The LEGOLAND Train (LEGO Fan Weekend Skaerbaek Version),2014,425,546
4000014-3,The LEGOLAND Train (LEGOLAND Ambassador Pass Version),2014,425,546
4000015-1,LOM Building B,2014,599,215
4000016-1,Billund Airport,2014,408,281
4000018-1,Kladno Campus (2015 Version),2015,599,412
4000019-1,Brand Identity and Experience,2014,599,103
4000020-1,"H.C. Andersen's ""Clumsy Hans"" by D.H. Design (LEGO Inside Tour Version)",2015,599,714
4000022-1,LEGO Truck Show,2016,599,811
4000023-1,Jiaxing Factory,2016,599,407
4000024-1,LEGO House Tree of Creativity,2017,599,1007
4000025-1,Ferguson Tractor,2018,599,446
4000026-1,Tree of Creativity,2018,599,840
4000028-1,House,2018,301,64
4000029-1,Windmill,2018,301,45
4000030-1,Truck,2018,301,44
4000031-1,Exclusive T. Rex,2018,602,70
4000034-1,The LEGO System House,2019,599,998
4000036-1,The Playful 5 Minifigure Set,2019,599,39
4000037-1,LEGO Factory AGV,2022,599,0
4000038-1,LEGO Campus,2022,252,1461
40001-1,Santa Claus,2009,227,42
40002-1,Christmas Tree,2009,227,61
40003-1,Snowman,2009,227,44
40004-1,Heart 2010,2010,232,26
40005-1,Bunny,2010,229,82
40008-1,Snowman,2010,227,64
40009-1,Holiday Building Set,2010,227,85
400-1,Universal Building Set,1977,469,318
40010-1,Santa with Sleigh,2010,227,71
40011-1,Thanksgiving Turkey,2010,231,53
40012-1,Halloween Pumpkin,2010,230,18
40013-1,Halloween Ghost,2010,230,18
40014-1,Halloween Bat,2010,230,25
40015-1,Heart Book,2011,232,51
40016-1,Valentine Letter Set,2011,232,41
40017-1,Easter Basket,2011,229,86
40018-1,Easter Bunny with Eggs,2011,229,95
40019-1,Brickley,2011,301,59
40020-1,Halloween Set,2011,230,71
4002014-1,LEGO HUB Birds,2014,599,466
4002015-1,Borkum Riffgrund 1,2015,599,559
4002016-1,50 Years On Track,2016,599,1141
4002017-1,Nutcracker,2017,599,729
4002018-1,Santa and Reindeer,2018,599,1099
4002019-1,Yuletide Squadron Xmas-Wing Starfighter,2019,599,1038
4002020-1,Celebrating 40 Years of Hands-on Learning,2020,599,919
4002021-1,The Temple of Celebrations,2021,599,1312
Jan-02,Riptide Racer,1996,363,54
40021-1,Spiders Set,2011,230,54
40022-1,Mini Santa Set,2011,227,72
40023-1,Holiday Stocking,2011,227,76
40024-1,Christmas Tree,2011,227,77
40025-1,Yellow Cab,2012,22,43
40026-1,Statue of Liberty,2012,408,39
40028-1,Mini Hogwarts Express,2011,246,64
40029-1,Heart Box,2012,232,51
400-3,Small Wheels with Axles (The Building Toy),1966,371,12
40030-1,Duck with Ducklings,2012,229,51
40031-1,Bunny and Chick,2012,229,52
40032-1,Witch,2012,230,71
40033-1,Turkey,2012,231,52
40034-1,Christmas Train,2012,227,82
40035-1,Rocking Horse,2012,227,49
40036-1,Cobra,2012,409,37
40037-1,Hockey Player,2012,409,43
40038-1,Garden and Earthworm,2012,409,33
40039-1,Tulip,2012,409,16
400-4,Small Wheels with Axles (System),1963,371,12
40040-1,Olympic Flame,2012,409,15
40041-1,Reindeer / Moose,2012,409,27
40042-1,Cat,2012,409,25
40043-1,Duck,2012,409,24
40044-1,Lawnmower,2012,409,25
40045-1,Shark,2012,409,27
40046-1,Pilgrim,2012,409,23
40047-1,Owl,2012,409,41
40048-1,Birthday Cake,2012,206,24
40049-1,Mini Sopwith Camel,2012,301,65
Jan-05,Tug Boat,1982,363,66
40051-1,Valentine鈥檚 Day Heart Box,2013,232,54
40052-1,Springtime Scene,2013,206,88
40053-1,Easter Bunny with Basket,2013,229,96
40054-1,Summer Scene,2013,206,40
40055-1,Pumpkin,2013,230,52
40056-1,Thanksgiving Feast,2013,231,46
40057-1,Fall Scene,2013,206,72
40058-1,Decorating The Tree,2013,228,110
40059-1,Santa's Sleigh,2013,227,77
40061-1,Igloo,2013,409,40
40062-1,Log Cabin,2013,409,59
40063-1,Turtle,2013,409,33
40064-1,Lamb and Sheep,2013,409,32
40065-1,Kingfisher,2013,409,21
40066-1,Fisherman,2013,409,38
40067-1,Crab,2013,409,37
40068-1,Flamingo,2013,409,31
40069-1,Pirate,2013,409,44
40070-1,Witch,2013,409,22
40071-1,Lawn Mower / Tractor,2013,409,44
40072-1,Rocking Horse,2013,409,32
40073-1,Panda,2013,22,70
40076-1,Zombie Car,2012,558,60
40077-1,Geoffrey,2013,598,90
40078-1,Hot Dog Cart,2013,22,39
40079-1,Mini VW T1 Camper Van,2013,22,76
40080-1,Friends Pencil Holder,2013,494,142
40081-1,LEGOLAND Picture Frame - Florida Edition,2013,425,122
40081-2,LEGOLAND Picture Frame - Deutschland Edition,2013,425,122
40081-3,LEGOLAND Picture Frame - Billund Edition,2013,425,122
40081-4,LEGOLAND Picture Frame - Malaysia Edition,2013,425,122
40081-5,LEGOLAND Picture Frame - Windsor Edition,2013,425,122
40081-6,LEGOLAND Picture Frame - California Edition,2013,425,122
40082-1,Christmas Tree Stand,2013,228,115
40083-1,Christmas Tree Truck,2013,228,118
40084-1,Brain Attack,2013,400,6
40085-1,Valentine Bear,2014,232,127
40086-1,Easter Bunny,2014,229,106
40090-1,Halloween Bat,2014,230,156
40091-1,Turkey,2014,231,125
40092-1,Reindeer,2014,227,139
40093-1,Snowman,2014,227,140
40094-1,Snowplough,2014,409,44
40095-1,Micro Manager,2014,409,50
40096-1,Spring Tree,2014,409,62
40097-1,Helicopter,2014,409,44
40098-1,Dragon,2014,409,43
40099-1,Jet-Ski,2014,409,33
Jan-40,Universal Building Set,1976,469,293
40100-1,Surf Van,2014,409,46
Jan-10,Police Rescue Boat,1987,363,83
40101-1,Monkey,2014,409,46
40102-1,Aircraft,2014,409,37
40103-1,Rocket,2014,409,48
40104-1,Monster,2014,409,36
40105-1,Gingerbread House,2014,409,54
40106-1,Toy Workshop,2014,227,115
40107-1,Winter Skating Scene,2014,228,129
40108-1,Balloon Cart,2014,22,66
40109-1,MINI Cooper Mini Model,2014,22,59
40110-1,Coin Bank,2014,61,122
Jan-11,Cabin Cruiser,1991,363,91
40112-1,Catwalk Phone Stand,2014,494,144
40114-1,LEGO Friends Buildable Jewelry Box,2014,494,201
40115-1,LEGOLAND Entrance with Family,2014,425,272
40116-1,Invasion from Below,2014,400,31
40117-1,Villains Minimodel,2014,403,28
40118-1,Buildable Brick Box 2x2,2014,408,203
401-2,Large Wheels with Axles (The Building Toy),1966,371,7
40120-1,Valentine's Day Dinner,2015,232,114
Jan-12,Wave Cops,1996,363,100
40121-1,Painting Easter Eggs,2015,229,157
40122-1,Trick or Treat,2015,230,133
40123-1,Thanksgiving Feast,2015,231,158
40124-1,Winter Fun,2015,227,107
40125-1,Santa's Visit,2015,227,167
40126-1,Alien and Space Dog,2015,409,55
40127-1,Space Shuttle,2015,409,39
40127-2,UNIQLO Mystery Bag [Space Shuttle],2016,598,39
40128-1,Robot,2015,409,50
40128-2,UNIQLO Mystery Bag [Robot],2016,598,50
40129-1,UFO,2015,409,39
401-3,Large Wheels with Axles (System),1964,371,7
40130-1,Koala,2015,409,65
40130-2,UNIQLO Mystery Bag [Koala],2016,598,65
Jan-13,Create and Imagine,2003,34,1000
40131-1,Parrot,2015,409,55
40131-2,UNIQLO Mystery Bag [Parrot],2016,598,55
40132-1,Whale,2015,409,31
40133-1,Kangaroo,2015,409,49
40134-1,Scuba Diver,2015,409,45
40135-1,Angler Fish,2015,409,29
40136-1,Shark,2015,409,31
40137-1,Submarine,2015,409,28
40138-1,Christmas Train,2015,227,233
40139-1,Gingerbread House,2015,227,277
40140-1,Flower Cart,2015,22,75
Jan-14,Creator Exclusive,2003,22,500
40141-1,Bricktober Hotel,2015,157,204
40142-1,Bricktober Train Station,2015,157,180
40143-1,Bricktober Bakery,2015,157,234
40144-1,Bricktober Toys R Us Store,2015,157,165
40145-1,LEGO Store,2015,408,413
40146-1,Lufthansa Plane,2015,729,67
40148-1,Year Of The Sheep,2015,206,100
Jan-15,Freighter,1982,363,81
40153-1,Birthday Table Decoration,2015,206,120
40154-1,Pencil Pot,2015,301,176
40155-1,Coinbank,2015,301,148
40156-1,Organizer,2015,494,171
40158-1,Pirates Chess Set,2015,154,856
Jan-16,Racer,2001,674,21
40161-1,What Am I?,2016,408,536
40165-1,Minifigure Wedding Favor Set,2016,301,91
40166-1,LEGOLAND Train,2016,425,211
40167-1,My First Set,2016,504,9
40170-1,Build My City Accessory Set,2017,52,102
Jan-17,Sea Helicopter,2001,674,13
40171-1,Hedgehog Storage,2017,494,249
40172-1,Brick Calendar,2017,501,278
40173-1,Picture Frame,2017,501,268
40174-1,LEGO Chess,2017,301,1450
40175-1,Police Road Block Mission,2017,61,58
40176-1,Scarif Stormtrooper,2017,158,25
40177-1,City Jungle Explorer Kit,2017,614,40
40178-1,Iconic VIP Set,2017,408,205
40179-1,Personalised Mosaic Portrait,2016,277,4502
40180-1,Bricktober Theater,2014,157,164
Jan-18,Ship,2001,674,12
40181-1,Bricktober Pizza Place,2014,157,139
40182-1,Bricktober Fire Station,2014,157,175
40183-1,Bricktober Town Hall,2014,157,186
40186-1,Year of the Pig,2019,206,153
40187-1,Flowers,2018,301,100
40188-1,Pencil Pot,2018,301,187
40190-1,F138,2014,598,42
Jan-19,Aeroplane,2001,674,17
40191-1,F12berlinetta,2014,598,45
40192-1,250 GTO,2014,598,47
40193-1,512 S,2014,598,50
40194-1,Finish Line & Podium,2014,598,64
40195-1,Shell Station,2014,598,80
40196-1,Shell Tanker,2014,598,94
40197-1,Wedding Favour 2018,2018,301,132
40198-1,Ludo Game,2018,301,389
40199-1,Billund Airport,2018,408,286
40200-1,BMW Racer,2013,598,30
Jan-20,Fire Fighting Boat,1987,363,209
40201-1,Valentines Cupid Dog,2016,232,150
40202-1,Easter Chick,2016,229,111
40203-1,Vampire and Bat,2016,230,150
40204-1,Pilgrim's Feast,2016,231,163
40205-1,Elves' Workshop,2016,227,238
40206-1,Santa,2016,227,155
40207-1,Year Of The Monkey,2016,206,165
40208-1,Polar Bear,2016,409,40
40209-1,Snow Scooter,2016,409,26
402-1,Universal Building Set,1977,469,401
40210-1,Bunny,2016,409,49
Jan-21,Police Patrol,1991,363,196
40211-1,Bee,2016,409,34
40212-1,Hedgehog,2016,409,39
40213-1,Sea Plane,2016,409,24
40214-1,Frog,2016,409,60
40215-1,Apple,2016,409,58
40216-1,School Bus,2016,409,65
40217-1,Werewolf,2016,409,52
40218-1,Fox,2016,409,39
40219-1,Christmas Present,2016,409,55
402-2,White Turntables,1964,371,5
40220-1,London Bus,2016,22,118
Jan-22,C26 Sea Cutter,1996,363,194
40221-1,Fountain,2016,22,105
40222-1,24-in-1 Holiday Countdown,2016,207,250
40223-1,Snowglobe,2016,227,215
40225-1,Rio 2016 Mascots,2016,598,197
40226-1,Birthday Buddy,2016,206,134
40227-1,MSC Meraviglia,2016,471,181
40228-1,Geoffrey & Friends,2016,598,133
402-3,White Turntables,1966,371,5
Jan-23,Fun and Adventure,2003,22,55
40234-1,Year of the Rooster,2017,206,158
40235-1,Year of the Dog,2018,206,156
40236-1,Romantic Valentine Picnic,2017,232,126
40237-1,Easter Egg Hunt,2017,229,145
40239-1,Narwhal,2017,409,45
40240-1,Raccoon,2017,409,47
Jan-24,Creator Advent Calendar 2003,2003,214,318
40241-1,Platypus,2017,409,36
40242-1,Chick,2017,409,54
40243-1,Racecar,2017,409,52
40244-1,Dragonfly,2017,409,37
40245-1,Octopus,2017,409,49
40246-1,Rainbow Fish,2017,409,32
40247-1,Dinosaur,2017,409,43
40248-1,Robot,2017,409,54
40249-1,St. Bernard Dog,2017,409,45
40250-1,Train,2017,409,56
Jan-25,Fire Boat,1982,363,151
40251-1,Mini Piggy Bank,2017,672,248
40252-1,Mini VW Beetle,2017,22,141
40253-1,Christmas Build-Up,2017,207,254
40254-1,Nutcracker,2017,227,230
40256-1,Create The World,2017,598,111
40260-1,Halloween Haunt,2017,230,145
Jan-26,"Create Your Dreams {Canister, blue top}",2003,22,100
40261-1,Thanksgiving Harvest,2017,231,133
40262-1,Christmas Train Ride,2017,227,169
40263-1,Christmas Town Square,2017,227,179
40264-1,Build My Heartlake City Accessory Set,2017,494,121
40265-1,Friends Tic-Tac-Toe,2017,494,58
40266-1,Mini Keepsake Box,2017,494,105
40267-1,Find A Pair Pack,2017,504,20
40268-1,R3-M2,2017,158,22
40269-1,Photo Frame,2017,504,9
40270-1,Bee,2018,610,140
Jan-27,"Build and Imagine {canister, red top}",2003,22,100
40271-1,Bunny,2018,610,126
40272-1,Witch,2018,610,151
40273-1,Turkey,2018,610,114
40274-1,Mr. Claus & Mrs. Claus,2018,610,341
40276-1,Walrus,2018,409,55
40277-1,Car and Petrol Pump,2018,409,44
40278-1,Lamb,2018,409,45
40279-1,Frog,2018,409,43
40280-1,Tractor,2018,409,38
Jan-28,World of Bricks {Blue Bucket},2003,22,500
40281-1,Surfer Dragon,2018,409,43
40282-1,BBQ,2018,409,37
40283-1,Snail,2018,409,37
40284-1,Glider,2018,409,29
40285-1,Scarecrow,2018,409,24
40286-1,Ice Dragon,2018,409,50
40287-1,Sleigh,2018,409,64
40288-1,BB-8,2018,158,48
40289-1,Diagon Alley,2018,246,374
40290-1,60 Years of the LEGO Brick,2018,598,421
Jan-29,Build with Bricks Bucket {Red Bucket},2003,22,500
40291-1,Creative Personalities,2018,598,307
40292-1,Christmas Gift Box,2018,227,301
40293-1,Christmas Carousel,2018,227,251
40295-1,LEGO House - Chef,2017,599,6
40296-1,Build Your Meal,2017,599,19
40297-1,LEGO House 6 Bricks (DUPLO),2017,599,6
40298-1,DJ,2018,158,22
40299-1,Kessel Mine Worker,2018,158,22
40300-1,Han Solo Mudtrooper,2018,158,22
Jan-30,Cargo Carrier,1987,363,323
40301-1,Bat Shooter,2018,708,40
40301731-1,Storage Brick Round 1 x 1 (All Colors),2012,501,0
40302-1,Become My City Hero,2018,61,85
40303-1,Boost My City Vehicle Set,2018,52,80
40304-1,Numbers,2018,504,11
40305-1,LEGO Brand Store,2018,408,362
40306-1,LEGOLAND Micro Castle,2018,425,220
40307-1,Castle Interior Kit,2018,579,115
40308-1,Lester,2017,408,5
40309-1,Food Accessories,2018,646,30
40310-1,Botanical Accessories,2018,646,24
40310107-1,Storage Head S (Scowling),2012,501,0
40310108-1,Storage Head S (Pumpkin),2012,501,0
Jan-31,Fire Rescue,1991,363,365
40311-1,Traffic Lights,2018,646,46
40311728-1,Storage Head S (Skeleton Skull),2012,501,0
40312-1,Street Lamps,2018,646,34
40313-1,Bicycles,2018,646,21
40314-1,Dr. Fox Magnifying Machine,2018,625,76
40315-1,Ninjago Temple Journey,2018,435,50
40316-1,Geoffrey,2018,610,112
40318-1,MSC Cruises,2019,471,181
403-2,Train Couplers and Wheels (The Building Toy),1967,371,12
40320-1,Plants from Plants,2018,301,29
Jan-32,Passenger Plane,2004,105,165
Oct-32,Passenger Plane - Austrian Air Version,2004,105,163
Nov-32,Passenger Plane - KLM Version,2006,105,162
40321-1,Jet Fighter,2019,409,23
Dec-32,Passenger Plane - Malaysian Air Version,2005,105,157
4032-13,Passenger Plane - Aeroflot Version,2006,105,163
40321739-1,Storage Head Combo (Halloween Edition),2020,501,0
40321740-1,Storage Head Combo (Boy and Silly),2021,501,0
Feb-32,Passenger Plane - SAS Version,2004,105,165
40322-1,Caterpillar,2019,409,48
Mar-32,Passenger Plane - EL AL Version,2004,105,162
40323-1,Viking Ship,2019,409,54
Apr-32,Passenger Plane - Iberia Version,2004,105,164
40324-1,Ladybug,2019,409,27
May-32,Passenger Plane - JAL Version,2004,105,162
40325-1,Crane,2019,409,64
Jun-32,Passenger Plane - Lauda Air Version,2004,105,162
40326-1,Frog,2019,409,39
Jul-32,Passenger Plane - ANA Air Version,2004,105,163
40327-1,Ice Cream Truck,2019,409,48
Aug-32,Passenger Plane - SWISS Version,2005,105,163
40328-1,Racecar,2019,409,50
Sep-32,Passenger Plane - Snowflake Version,2004,105,162
40329-1,Eagle,2019,409,57
403-3,Train Couplers and Wheels (System),1966,371,12
40330-1,UFO,2019,409,36
40331-1,Wolf,2019,409,47
40332-1,Penguin,2019,409,47
40333-1,Battle of Hoth - 20th Anniversary Edition,2019,158,195
40334-1,Avengers Tower,2019,702,211
40335-1,Space Rocket Ride,2019,576,154
40336-1,Newbury Juice Bar,2019,676,128
40337-1,Mini Gingerbread House,2019,228,499
40338-1,Christmas Tree,2019,227,392
40341-1,Sea Accessories,2019,646,24
40342-1,Minifigure Pack,2019,435,59
40343-1,Spider-Man and the Museum Break-In,2019,706,49
40344-1,Summer Celebration Minifigure Set,2019,535,45
40345-1,Mars Exploration Minifigure Pack,2019,679,44
40346-1,LEGOLAND Park,2019,425,1336
40347-1,LEGOLAND Driving School,2019,425,209
40348-1,Birthday Clown,2019,610,150
40349-1,Puppy,2019,610,147
40350-1,Chick,2019,610,120
40351-1,Ghost,2019,610,136
40352-1,Scarecrow,2019,610,177
40353-1,"Reindeer, Elf & Elfie",2019,610,281
40354-1,Dragon Dance Guy,2019,610,170
40355-1,Year Of The Rat,2020,206,162
40356-1,LEGO House - Chef,2019,599,7
40357-1,BYGGLEK,2020,301,201
40358-1,"Bean There, Donut That",2018,301,146
40359-1,Picture Frame,2019,408,170
40360-1,Name Sign,2019,494,91
40361-1,Olaf鈥檚 Traveling Sleigh,2019,687,97
40362-1,Battle of Endor - 20th Anniversary Edition,2019,158,197
40366-1,LEGO House Dinosaurs,2019,599,865
40367-1,Lady Liberty,2019,610,153
40368-1,Winter Accessories,2019,646,32
40370-1,40 Years of LEGO Trains,2020,598,188
Jan-37,Helicopter,2004,674,9
40371-1,Easter Egg,2020,229,239
40372-1,Police Minifigure Accessory Set,2020,61,42
40373-1,Fairground Minifigure Accessory Set,2020,535,51
40374-1,Golden Zane Minifigure Accessory Set,2020,435,73
40375-1,Sports Accessories,2020,646,36
40376-1,Botanical Accessories,2020,646,32
40377-1,Donald Duck,2020,610,90
40378-1,Goofy and Pluto,2020,610,214
40379-1,Bear,2020,610,150
40380-1,Sheep,2020,610,192
Jan-38,Airplane,2003,729,33
40381-1,Monkey King,2020,610,175
40382-1,Birthday Set,2020,206,141
40383-1,Bride,2020,610,306
40384-1,Groom,2020,610,255
40385-1,Trophy,2020,301,200
40386-1,Batman,2020,694,115
40388-1,Mini Doll Dress-Up Kit,2018,579,80
40389-1,Pirate Picture Frame,2018,425,171
Jan-39,Explore Exclusive,2003,505,90
40391-1,First Order Stormtrooper,2020,694,151
40393-1,LEGOLAND Fire Academy,2020,425,221
40394-1,LEGO House - MINI Chef,2020,599,8
40395-1,Lunar New Year Dragon,2020,409,67
40396-1,Valentine Panda,2020,409,53
40397-1,Koi Fish,2020,409,33
40398-1,Easter Bunny,2020,409,43
40399-1,Flowers and Watering Can,2020,409,47
40400-1,Apple Tree,2020,409,37
Jan-40,Nick,2002,685,3
40401-1,Dog and Cat Friendship Day,2020,409,73
40402-1,Youth Day Kids,2020,409,63
40403-1,Literacy Day Unicorn,2020,409,54
40404-1,Teacher's Day,2020,409,43
40405-1,Kindness Day Turtle,2020,409,49
40406-1,Human Rights Day Dove,2020,409,50
40407-1,Death Star II Battle,2020,158,235
40408-1,Drag Racer,2020,676,134
40409-1,Hot Rod,2020,598,142
404-1,Universal Building Set,1977,469,472
40410-1,Charles Dickens Tribute,2020,227,333
40411-1,12 in 1 Rebuild Into,2020,598,240
40412-1,Hagrid & Buckbeak,2020,610,270
40413-1,Mini Robots,2020,258,366
40414-1,Monty Mole & Super Mushroom Expansion Set,2020,690,164
40416-1,Ice Skating Rink,2020,227,304
40417-1,Year of the Ox,2021,206,168
40418-1,Falcon & Black Widow Team Up,2020,702,60
40419-1,Hogwarts Students,2020,246,55
40420-1,"Gru, Stuart and Otto",2021,610,244
Jan-42,Jens,2002,685,4
40421-1,"Belle Bottom, Kevin and Bob",2021,610,309
40422-1,Frankenstein,2020,610,108
40423-1,Halloween Hayride,2020,230,148
40424-1,Winter Snowball Fight,2020,206,149
40425-1,Nutcracker,2020,610,180
40426-1,Christmas Wreath 2-in-1,2020,227,510
40428-1,The Joker,2020,694,170
40429-1,LEGOLAND Ninjago World,2020,425,440
404-3,Wheels for Motor (The Building Toy),1967,371,12
Jan-43,Gorm,2002,685,4
40431-1,BB-8,2020,694,171
40432-1,Rebuild the World Minifigure,2019,598,3
40433-1,1989 Batmobile - Limited Edition,2019,697,366
40434-1,Reindeer,2019,228,77
40435-1,Plants from Plants,2019,301,29
40436-1,Lucky Cat,2020,610,134
40438-1,Extra DOTS - Levi's Confetti Bag,2020,688,110
404-4,Wheels for the Motor (System),1967,371,12
40440-1,German Shepherd and Puppy,2021,610,247
Jan-44,Euripides,2002,685,3
40441-1,Shorthair Cat and Kitten,2021,610,250
40442-1,Goldfish and Fry,2021,610,186
40443-1,Budgie and Chick,2021,610,261
40448-1,Vintage Car,2021,576,189
40449-1,Easter Bunny's Carrot House,2021,229,232
40450-1,Amelia Earhart Tribute,2021,598,203
Jan-45,Nepol,2002,685,3
40451-1,Tatooine Homestead,2021,158,217
40452-1,Hogwarts Gryffindor Dorms,2021,246,144
40453-1,Batman vs. The Penguin & Harley Quinn,2021,697,63
40454-1,Spider-Man versus Venom and Iron Venom,2021,706,63
40456-1,Mickey Mouse,2021,694,118
40457-1,Minnie Mouse,2021,694,140
40458-1,LEGO House Chef,2021,599,7
40460-1,Roses,2021,301,120
40461-1,Tulips,2021,301,111
40462-1,Valentine's Brown Bear,2021,232,245
40463-1,Easter Bunny,2021,229,293
40464-1,Chinatown,2021,646,35
40465-1,Food,2021,646,36
40466-1,Chinese New Year Pandas,2021,610,249
40468-1,Yellow Taxi,2021,22,124
40469-1,Tuk Tuk,2021,22,155
Jan-47,Ultimate Wheels,2003,204,0
40472-1,Monkie Kid's RC Race,2021,693,57
40473-1,LEGOLAND Water Park,2021,425,360
40474-1,Build Your Own Monkey King,2020,693,24
40476-1,Daisy Duck,2021,610,110
40477-1,"Scrooge McDuck, Huey, Dewey & Louie",2021,610,340
40478-1,Mini Disney Castle,2021,608,567
40479-1,Dalmatian and Puppy,2021,610,252
40480-1,Ginger Tabby and Kitten,2021,610,270
Jan-48,Mech Lab,2003,204,0
40481-1,Cockatiel and Chick,2021,610,219
40482-1,Hamster and Baby Hamster,2021,610,243
40483-1,Luke Skywalker's Lightsaber,2021,158,173
40484-1,Santa's Front Yard,2021,227,317
40485-1,FC Barcelona Celebration,2021,598,178
40486-1,Adidas Originals Superstar,2021,598,92
40487-1,Sailboat Adventure,2021,576,330
40488-1,Coffee Cart,2021,22,149
40489-1,Mr. and Mrs. Claus' Living Room,2021,227,0
40490-1,Ninjago 10,2021,610,406
Jan-49,"Nesquik Promotional Set: Quicky the Bunny, Director, Cameraman and Car",2001,273,28
40491-1,Year of the Tiger,2022,206,193
40492-1,La Catrina,2021,610,141
40493-1,Spider & Haunted House Pack,2021,230,132
40494-1,Polar Bear & Gift Pack,2021,227,142
40495-1,"Harry, Hermione, Ron & Hagrid",2021,610,466
40496-1,"Voldemort, Nagini & Bellatrix",2021,610,344
40497-1,Halloween Owl,2021,230,228
40498-1,Christmas Penguin,2021,227,244
40499-1,Santa鈥檚 Sleigh,2021,227,343
40500-1,Wizarding World Minifigure Accessory Set,2021,246,33
40501-1,The Wooden Duck,2020,599,621
40502-1,The Brick Moulding Machine,2021,599,1205
40503-1,Dagny Holm - Master Builder,2022,599,1072
Jan-51,Quicky the Bunny,2001,273,4
40511-1,Minions Kung Fu Training,2021,689,54
40512-1,Fun and Funky VIP Add On Pack,2021,598,148
40513-1,Spooky VIP Add On Pack,2021,598,119
40514-1,Winter Wonderland VIP Add On Pack,2021,598,139
40515-1,Pirates and Treasure VIP Add On Pack,2022,598,103
40516-1,Everyone Is Awesome,2021,721,346
40517-1,Vespa,2022,22,118
40518-1,High-Speed Train,2022,22,284
40519-1,New York Postcard,2022,22,253
Jan-52,Director,2001,273,4
40521-1,Mini Disney The Haunted Mansion,2022,608,680
40521734-1,Friends: Girls Rock Lunch Box,2019,501,0
40522-1,Valentine Lovebirds,2022,232,298
40523-1,Easter Rabbits Display,2022,229,288
40524-1,Sunflowers,2022,301,191
40525-1,Endgame Battle Accessory Pack,2022,696,62
40526-1,Electric Scooters & Charging Dock,2022,52,50
40527-1,Easter Chicks,2022,229,318
40528-1,LEGO Brand Retail Store,2022,408,402
40529-1,Children's Amusement Park,2022,598,170
40530-1,Jane Goodall Tribute,2022,598,276
Jan-53,Cameraman,2001,273,5
40531-1,Lars Family Homestead Kitchen,2022,158,195
40532-1,Vintage Taxi,2022,598,163
40533-1,Cosmic Cardboard Adventures,2022,576,203
40534-1,LEGO House Chef,2022,599,8
40535-1,Iron Man,2022,694,200
40536-1,Miles Morales,2022,694,214
40539-1,Ahsoka Tano,2022,610,164
40540-1,Lion Dance Guy,2022,610,239
40541-1,Manchester United Go Brick Me,2022,610,530
40542-1,FC Barcelona Go Brick Me,2022,610,529
40543-1,St. Bernard,2022,610,236
40544-1,French Bulldog,2022,610,237
40545-1,Koi Fish,2022,610,203
40546-1,Poodle,2022,610,304
40547-1,Obi-Wan Kenobi & Darth Vader,2022,610,260
40548-1,Spice Girls Tribute,2022,610,578
40549-1,Demogorgon & Eleven,2022,610,192
40550-1,Chip & Dale,2022,610,226
Jan-55,Medium Bucket,1997,399,329
40552-1,Buzz Lightyear,2022,610,114
40553-1,Woody and Bo Peep,2022,610,296
40554-1,Jake Sully & his Avatar,2022,610,0
40556-1,Mythica,2022,425,518
40557-1,Defence of Hoth,2022,158,64
40558-1,Clone Trooper Command Station,2022,158,66
40559-1,Road Runner & Wile E. Coyote,2022,610,205
40560-1,Professors of Hogwarts,2022,610,605
Jan-56,Color Light,2001,273,13
40561-1,Pencil Holder,2022,688,476
40561734-1,Friends: Girls Rock Drinking Bottle,2019,501,0
40567-1,Forest Hideout,2022,598,258
40568-1,Paris Postcard,2022,22,213
40569-1,London Postcard,2022,22,277
40570-1,Halloween Cat & Mouse,2022,230,328
Jan-57,Spot Light,2001,273,10
40571-1,Wintertime Polar Bears,2022,227,312
40572-1,Penguin & Snowflake,2022,227,139
40573-1,Christmas Tree,2022,227,784
40574-1,Lego Brand Store,2022,598,541
40577-1,Hogwarts: Grand Staircase,2022,246,225
Jan-58,Cameraman 1,2001,273,4
Jan-59,Director,2001,273,4
Jan-60,Grip,2001,273,4
Jan-61,Assistant,2001,273,4
Jan-62,Actress,2001,273,4
Jan-63,Cameraman 2,2001,273,4
Jan-64,Actor 2,2001,273,4
Jan-65,Actor 3,2001,273,4
40654-1,Beijing Postcard,2022,22,276
Jan-66,Actor 1,2001,273,4
Jan-67,Buggy,2001,273,15
Jan-68,Handy Camera,2001,273,6
Jan-69,Katinco & Megaphone,2001,273,4
Jan-70,Stand Camera,2001,273,7
Jan-71,Bottles,2001,273,8
Jan-72,Skeleton,2001,273,6
Jan-73,Tree 1,2001,273,6
Jan-74,Tree 3,2001,273,14
Jan-75,Tree 2,2001,273,13
Jan-76,Pteranodon,2001,273,17
Jan-77,Plesiosaur,2001,273,13
Jan-78,T-Rex,2001,273,18
Jan-79,Mini Rex,2001,273,4
Jan-80,"Brick Bucket, Small (Explore)",2002,505,45
Feb-80,Small Bucket,2002,505,33
Jan-81,"Brick Bucket, Small (Explore)",2002,505,45
Jan-82,"Brick Bucket, Small (Explore)",2002,505,45
Jan-83,Small Bucket (Explore),2002,505,45
4084039-1,Marvel Avengers with Silver Centurion Minifigure - PS3,2016,501,0
Jan-84,Bucket (Explore),2002,505,45
Jan-85,Brick Bucket Large,2002,516,90
Feb-85,50th Anniversary Bucket,2005,505,90
Mar-85,Bucket,2006,505,75
Jan-86,Large Bucket (Explore),2002,505,90
Jan-87,"Basic Flexible Bucket, Large (Explore)",2002,505,91
Jan-88,Clown Bucket (Explore),2002,505,90
Jan-89,Orange Bucket XL (Explore),2002,505,90
Jan-90,Motion Madness,2003,406,243
409-1,38 Slimbricks Assorted Sizes (The Building Toy),1965,371,38
Jan-93,Wild Windup,2003,406,319
Jan-94,Motor Movers,2003,406,256
Jan-95,Record and Play,2003,406,344
Jan-96,Micro Wheels,2003,204,216
Jan-97,Mini Robots,2003,204,229
Jan-98,High Flyers,2003,204,197
Jan-99,Robobots,2003,204,326
41000-1,Water Scooter Fun,2013,494,28
Jan-00,Maximum Wheels,2003,204,293
41001-1,Mia's Magic Tricks,2013,494,92
41002-1,Emma's Karate Course,2013,494,93
41003-1,Olivia's Newborn Foal,2013,494,85
41004-1,Rehearsal Stage,2013,494,200
41005-1,Heartlake High,2013,494,491
41006-1,Downtown Bakery,2013,494,269
41007-1,Heartlake Pet Salon,2013,494,264
41008-1,Heartlake City Pool,2013,494,442
41009-1,Andrea's Bedroom,2013,494,96
410-1,Payloader,1973,416,28
41010-1,Olivia鈥檚 Beach Buggy,2013,494,94
Jan-01,Wild Collection,2003,204,487
41011-1,Stephanie's Soccer Practice,2013,494,82
41013-1,Emma's Sports Car,2013,494,163
41015-1,Dolphin Cruiser,2013,494,631
41016-1,Friends Advent Calendar 2013,2013,216,236
41017-1,Squirrel's Tree House,2013,494,41
41018-1,Cat's Playground,2013,494,31
41019-1,Turtle's Little Oasis,2013,494,33
41020-1,Hedgehog's Hideaway,2013,494,34
41021-1,Poodle's Little Palace,2013,494,46
41022-1,Bunny's Hutch,2013,494,37
41023-1,Fawn's Forest,2013,494,35
41024-1,Parrot's Perch,2013,494,32
41025-1,Puppy's Playhouse,2013,494,39
41026-1,Sunshine Harvest,2014,494,236
41027-1,Mia's Lemonade Stand,2014,494,114
41028-1,Emma's Lifeguard Post,2014,494,78
41029-1,Stephanie's New Born Lamb,2014,494,93
41030-1,Olivia's Ice Cream Bike,2014,494,98
Jan-03,Fun with Bricks {small red bucket},2002,674,200
41031-1,Andrea's Mountain Hut,2014,494,119
Feb-03,Fun with Bricks (including Minifigures),2006,34,204
41032-1,First Aid Jungle Bike,2014,494,156
41033-1,Jungle Falls Rescue,2014,494,187
41034-1,Summer Caravan,2014,494,313
41035-1,Heartlake Juice Bar,2014,494,277
41036-1,Jungle Bridge Rescue,2014,494,365
41037-1,Stephanie's Beach House,2014,494,388
41038-1,Jungle Rescue Base,2014,494,500
41039-1,Sunshine Ranch,2014,494,757
41040-1,Friends Advent Calendar 2014,2014,216,244
Jan-04,Small Creator Bucket,2002,674,200
41041-1,Turtle's Little Paradise,2014,494,43
41042-1,Tiger's Beautiful Temple,2014,494,42
41043-1,Penguin's Playground,2014,494,46
41044-1,Macaw's Fountain,2014,494,39
41045-1,Orangutan's Banana Tree,2014,494,37
41046-1,Brown Bear's River,2014,494,37
41047-1,Seal's Little Rock,2014,494,37
41048-1,Lion Cub's Savanna,2014,494,43
41049-1,Panda's Bamboo,2014,494,47
41050-1,Ariel鈥檚 Amazing Treasures,2014,579,77
Jan-05,Imagine and Build,2002,674,500
41051-1,Merida鈥檚 Highland Games,2014,579,145
Feb-05,50th Anniversary Bucket,2005,34,500
41052-1,Ariel鈥檚 Magical Kiss,2014,579,250
Mar-05,Red Bucket,2005,34,487
41053-1,Cinderella鈥檚 Dream Carriage,2014,579,274
41054-1,Rapunzel鈥檚 Creativity Tower,2014,579,298
41055-1,Cinderella鈥檚 Romantic Castle,2014,579,647
41056-1,Heartlake News Van,2014,494,278
41057-1,Heartlake Horse Show,2014,494,374
41058-1,Heartlake Shopping Mall,2014,494,1162
41059-1,Jungle Tree Sanctuary,2014,494,320
41060-1,Sleeping Beauty's Royal Bedroom,2015,579,96
Jan-06,Large red bucket,2002,674,500
41061-1,Jasmine's Exotic Palace,2015,579,143
41062-1,Elsa's Sparkling Ice Castle,2015,687,292
41063-1,Ariel's Undersea Palace,2015,579,379
41065-1,Rapunzel's Best Day Ever,2016,579,145
41066-1,Anna & Kristoff's Sleigh Adventure,2016,687,174
41067-1,Belle's Enchanted Castle,2016,579,374
41068-1,Arendelle Castle Celebration,2016,687,477
41069-1,Treasure's Day at the Pool,2016,579,70
Jan-07,Build Your Dreams,2002,674,1000
41071-1,Aira's Creative Workshop,2015,600,98
41072-1,Naida's Spa Secret,2015,600,249
41073-1,Naida's Epic Adventure Ship,2015,600,312
41074-1,Azari and the Magical Bakery,2015,600,324
41075-1,The Elves鈥?Treetop Hideaway,2015,600,517
41076-1,Farran and the Crystal Hollow,2015,600,178
41077-1,Aira's Pegasus Sleigh,2015,600,319
41078-1,Skyra鈥檚 Mysterious Sky Castle,2015,600,814
Jan-08,T-Junction Road Plates,2002,50,2
41085-1,Vet Clinic,2015,494,201
41086-1,Vet Ambulance,2015,494,89
41087-1,Bunny & Babies,2015,494,47
41088-1,Puppy Training,2015,494,65
41089-1,Little Foal,2015,494,43
41090-1,Olivia's Garden Pool,2015,494,82
Jan-09,Curved Road Plates,2002,50,2
41091-1,Mia's Roadster,2015,494,195
41092-1,Stephanie's Pizzeria,2015,494,87
41093-1,Heartlake Hair Salon,2015,494,334
41094-1,Heartlake Lighthouse,2015,494,474
41095-1,Emma's House,2015,494,728
41097-1,Heartlake Hot Air Balloon,2015,494,254
41098-1,Emma's Tourist Kiosk,2015,494,98
41099-1,Heartlake Skate Park,2015,494,199
Jan-41,Train Wagon Wheels in Red,1977,456,4
41100-1,Heartlake Private Jet,2015,494,230
Jan-10,Straight Road Plates,2002,50,2
41101-1,Heartlake Grand Hotel,2015,494,1572
41102-1,Friends Advent Calendar 2015,2015,216,252
41103-1,Pop Star Recording Studio,2015,494,172
41104-1,Pop Star Dressing Room,2015,494,298
41105-1,Pop Star Show Stage,2015,494,446
41106-1,Pop Star Tour Bus,2015,494,682
41107-1,Pop Star Limousine,2015,494,265
41108-1,Heartlake Food Market,2015,494,392
41109-1,Heartlake City Airport,2015,494,692
41110-1,Birthday Party,2016,494,191
Jan-11,Cross Road Plates,2002,50,2
41111-1,Party Train,2016,494,109
41112-1,Party Cakes,2016,494,50
41113-1,Party Gift Shop,2016,494,52
41114-1,Party Styling,2016,494,54
41115-1,Emma's Creative Workshop,2016,494,108
41116-1,Olivia's Exploration Car,2016,494,185
41117-1,Pop Star TV Studio,2016,494,194
41118-1,Heartlake Supermarket,2016,494,316
41119-1,Heartlake Cupcake Cafe,2016,494,443
41120-1,Adventure Camp Archery,2016,494,114
Jan-12,Brick Bookrack (All Colors),2020,501,0
41121-1,Adventure Camp Rafting,2016,494,320
41122-1,Adventure Camp Tree House,2016,494,726
41123-1,Foal's Washing Station,2016,494,85
41124-1,Heartlake Puppy Daycare,2016,494,286
41125-1,Horse Vet Trailer,2016,494,379
41126-1,Heartlake Riding Club,2016,494,590
41127-1,Amusement Park Arcade,2016,494,174
41128-1,Amusement Park Space Ride,2016,494,195
41129-1,Amusement Park Hot Dog Van,2016,494,243
41130-1,Amusement Park Roller Coaster,2016,494,1124
Jan-13,Brick Adventures Small Bucket,2002,674,124
41131-1,Friends Advent Calendar 2016,2016,216,234
41132-1,Heartlake Party Shop,2016,494,176
41133-1,Amusement Park Bumper Cars,2016,494,424
41134-1,Heartlake Performance School,2016,494,774
41135-1,Livi's Pop Star House,2016,494,613
41140-1,Daisy's Beauty Salon,2016,579,98
41141-1,Pumpkin's Royal Carriage,2016,579,79
41142-1,Palace Pets Royal Castle,2016,579,186
41143-1,Berry's Kitchen,2017,579,61
41144-1,Petite's Royal Stable,2017,579,75
41145-1,Ariel and the Magical Spell,2017,579,222
41146-1,Cinderella's Enchanted Evening,2017,579,351
41147-1,Anna's Snow Adventure,2017,687,153
41148-1,Elsa's Magical Ice Palace,2017,687,701
41149-1,Moana's Island Adventure,2016,579,205
41150-1,Moana's Ocean Voyage,2016,579,307
Jan-15,All That Drives Bucket,2001,674,166
41151-1,Mulan's Training Day,2018,579,104
41152-1,Sleeping Beauty's Fairytale Castle,2018,579,322
41153-1,Ariel's Royal Celebration Boat,2018,579,380
41154-1,Cinderella's Dream Castle,2018,579,586
41155-1,Elsa's Market Adventure,2018,687,125
41156-1,Rapunzel's Castle Bedroom,2018,579,156
41157-1,Rapunzel's Travelling Caravan,2018,579,323
41158-1,Jasmine's Petite Tower,2019,579,49
41159-1,Cinderella's Carriage Ride,2019,579,91
41160-1,Ariel's Seaside Castle,2019,579,115
Jan-16,Animal Adventures Bucket,2001,674,211
41161-1,Aladdin and Jasmine's Palace Adventures,2019,579,193
41162-1,"Ariel, Aurora, and Tiana's Royal Celebration",2019,579,282
41163-1,Rapunzel's Petite Tower,2019,579,44
41164-1,Enchanted Treehouse,2019,687,302
41165-1,Anna's Canoe Expedition,2019,687,108
41166-1,Elsa's Wagon Adventure,2019,687,116
41167-1,Arendelle Castle Village,2019,687,521
41168-1,Elsa's Jewelry Box Creation,2019,687,301
41169-1,Olaf,2019,687,122
Jan-17,Fantastic Flyers & Cool Cars Bucket,2001,674,266
41171-1,Emily Jones & the Baby Wind Dragon,2016,600,80
41172-1,The Water Dragon Adventure,2016,600,212
41173-1,Elvendale School of Dragons,2016,600,231
41174-1,The Starlight Inn,2016,600,347
4117463-1,Cyber Saucer TRU 50 Years Forever Fun Bundle,1997,144,1
41175-1,Fire Dragon's Lava Cave,2016,600,441
41176-1,The Secret Market Place,2016,600,701
41177-1,The Precious Crystal Mine,2016,600,273
41178-1,The Dragon Sanctuary,2016,600,588
41179-1,Queen Dragon's Rescue,2016,600,836
41180-1,Ragana's Magic Shadow Castle,2016,600,1016
Jan-18,"Buildings, Mansions and Shops",2001,674,364
41181-1,Naida's Gondola & the Goblin Thief,2017,600,67
41182-1,The Capture of Sophie Jones,2017,600,226
41183-1,The Goblin King's Evil Dragon,2017,600,339
41184-1,Aira's Airship & the Amulet Chase,2017,600,343
41185-1,Magic Rescue from the Goblin Village,2017,600,637
41186-1,Azari & the Goblin Forest Escape,2017,600,145
41187-1,Rosalyn's Healing Hideout,2017,600,460
41188-1,Breakout from the Goblin King's Fortress,2017,600,696
41190-1,Emily Jones & the Eagle Getaway,2018,600,149
Jan-19,Regular & Transparent Bricks,2001,674,234
41191-1,Naida & the Water Turtle Ambush,2018,600,205
41192-1,Azari & the Fire Lion Capture,2018,600,360
41193-1,Aira & the Song of the Wind Dragon,2018,600,451
41194-1,Noctura's Tower & the Earth Fox Rescue,2018,600,648
41195-1,Emily & Noctura's Showdown,2018,600,652
41196-1,The Elvenstar Tree Bat Attack,2018,600,883
Jan-20,Fun and Cool Transportation,2001,674,608
Jan-21,All Kinds of Animals,2001,674,174
Jan-22,Basic Building Set,2000,470,201
41230-1,Batgirl Batjet Chase,2017,617,206
41231-1,Harley Quinn to the rescue,2016,617,217
41232-1,Super Hero High School,2017,617,712
41233-1,Lashina Tank,2017,617,145
41234-1,Bumblebee Helicopter,2017,617,142
41235-1,Wonder Woman Dorm,2017,617,186
41236-1,Harley Quinn Dorm,2017,617,176
41237-1,Batgirl Secret Bunker,2017,617,351
41238-1,Lena Luthor Kryptomite Factory,2017,617,432
41239-1,Eclipso Dark Palace,2017,617,1079
Jan-24,Creator Advent Calendar 2001,2001,214,240
41250-1,Techno Reef Dance Party,2020,682,173
41251-1,Poppy鈥檚 Pod,2020,682,113
41252-1,Poppy's Hot Air Balloon Adventure,2020,682,260
41253-1,Lonesome Flats Raft Adventure,2020,682,170
41254-1,Volcano Rock City Concert,2020,682,397
41255-1,Pop Village Celebration,2020,682,385
41256-1,Rainbow Caterbus,2020,682,405
41258-1,Vibe City Concert,2020,682,504
4127417-1,Super Value Pack,1999,559,1
Jan-28,XL Freestyle Bucket,1997,399,657
41287-1,Bubbles Playground Showdown,2018,654,144
41288-1,Mojo Jojo Strikes,2018,654,224
41300-1,Puppy Championship,2017,494,200
Jan-30,Freestyle Building Set,1995,399,37
41301-1,Puppy Parade,2017,494,145
41302-1,Puppy Pampering,2017,494,45
41303-1,Puppy Playground,2017,494,62
41304-1,Puppy Treats & Tricks,2017,494,45
41305-1,Emma's Photo Studio,2017,494,96
41306-1,Mia's Beach Scooter,2017,494,79
41307-1,Olivia's Creative Lab,2017,494,99
41307-2,"Clikits Wallet, Hearts (Purple)",2008,501,0
41308-1,Stephanie's Friendship Cakes,2017,494,94
41309-1,Andrea's Musical Duet,2017,494,86
41310-1,Heartlake Gift Delivery,2017,494,185
Jan-31,Freestyle Building Set,1995,399,71
41311-1,Heartlake Pizzeria,2017,494,305
41312-1,Heartlake Sports Center,2017,494,328
41313-1,Heartlake Summer Pool,2017,494,589
41314-1,Stephanie's House,2017,494,640
41315-1,Heartlake Surf Shop,2017,494,186
41316-1,Andrea's Speedboat Transporter,2017,494,309
41317-1,Sunshine Catamaran,2017,494,603
41318-1,Heartlake Hospital,2017,494,880
41319-1,Snow Resort Hot Chocolate Van,2017,494,246
41320-1,Heartlake Frozen Yogurt Shop,2017,494,370
Jan-32,Freestyle Building Set,1995,399,122
41321-1,Snow Resort Off-Roader,2017,494,141
41322-1,Snow Resort Ice Rink,2017,494,307
41323-1,Snow Resort Chalet,2017,494,402
41324-1,Snow Resort Ski Lift,2017,494,585
41325-1,Heartlake City Playground,2017,494,326
41326-1,Friends Advent Calendar 2017,2017,216,217
41327-1,Mia's Bedroom,2018,494,86
41328-1,Stephanie's Bedroom,2018,494,95
41329-1,Olivia's Deluxe Bedroom,2018,494,163
41330-1,Stephanie's Soccer Practice,2018,494,119
Jan-33,Small Freestyle Bucket,1995,399,137
41332-1,Emma's Art Stand,2018,494,210
41333-1,Olivia's Mission Vehicle,2018,494,223
41334-1,Andrea's Park Performance,2018,494,229
41335-1,Mia's Tree House,2018,494,351
41336-1,Emma's Art Caf茅,2018,494,378
41337-1,Underwater Loop,2019,494,389
41338-1,Stephanie's Sports Arena,2018,494,460
41339-1,Mia's Camper Van,2018,494,489
41340-1,Friendship House,2018,494,730
Jan-34,Large Freestyle Bucket,1995,399,252
41341-1,Andrea's Bedroom,2018,494,85
41342-1,Emma's Deluxe Bedroom,2018,494,183
41343-1,Heartlake City Airplane Tour,2018,494,331
41344-1,Andrea's Accessories Store,2018,494,294
41345-1,Heartlake City Pet Center,2018,494,483
41346-1,Friendship Box,2018,494,563
41347-1,Heartlake City Resort,2018,494,1019
41348-1,Service & Care Truck,2018,494,255
41349-1,Drifting Diner,2018,494,345
41350-1,Spinning Brushes Car Wash,2018,494,325
Jan-35,Freestyle Garden Friends,1996,399,121
41351-1,Creative Tuning Shop,2018,494,421
41352-1,The Big Race Day,2018,494,648
41353-1,Friends Advent Calendar 2018,2018,216,500
41354-1,Andrea's Heart Box,2019,494,84
41355-1,Emma's Heart Box,2019,494,85
41356-1,Stephanie's Heart Box,2019,494,85
41357-1,Olivia's Heart Box,2019,494,85
41358-1,Mia's Heart Box,2019,494,83
41359-1,Heart Box Friendship Pack,2019,494,199
41360-1,Emma's Mobile Vet Clinic,2019,494,50
41361-1,Mia鈥檚 Foal Stable,2019,494,119
41362-1,Heartlake City Supermarket,2019,494,139
41363-1,Mia's Forest Adventure,2019,494,134
41364-1,Stephanie's Buggy & Trailer,2019,494,166
41365-1,Emma's Art Studio,2019,494,235
41366-1,Olivia's Cupcake Cafe,2019,494,335
41367-1,Stephanie's Horse Jumping,2019,494,352
41368-1,Andrea's Talent Show,2019,494,492
41369-1,Mia's House,2019,494,725
Jan-37,Small Freestyle Clearpack,1997,399,127
41371-1,Mia鈥檚 Horse Trailer,2019,494,216
41372-1,Stephanie鈥檚 Gymnastics Show,2019,494,242
41373-1,Funny Octopus Ride,2019,494,324
41374-1,Andrea鈥檚 Pool Party,2019,494,468
41375-1,Heartlake City Amusement Pier,2019,494,1267
41376-1,Turtles Rescue Mission,2019,494,225
41378-1,Dolphins Rescue Mission,2019,494,374
41379-1,Heartlake City Restaurant,2019,494,640
41380-1,Lighthouse Rescue Center,2019,494,622
41381-1,Rescue Mission Boat,2019,494,928
41382-1,Friends Advent Calendar 2019,2019,216,330
41383-1,Olivia's Hamster Playground,2019,494,81
41384-1,Andrea's Summer Heart Box,2019,494,83
41385-1,Emma's Summer Heart Box,2019,494,86
41386-1,Stephanie's Summer Heart Box,2019,494,95
41387-1,Olivia's Summer Heart Box,2019,494,93
41388-1,Mia's Summer Heart Box,2019,494,85
41389-1,Ice Cream Cart,2020,494,97
41390-1,Andrea's Car & Stage,2020,494,240
Jan-39,Freestyle Bucket,1997,399,249
41391-1,Heartlake City Hair Salon,2020,494,235
41392-1,Nature Glamping,2020,494,241
41393-1,Baking Competition,2020,494,361
41394-1,Heartlake City Hospital,2020,494,388
41395-1,Friendship Bus,2020,494,778
41396-1,Puppy Playground,2020,494,57
41397-1,Juice Truck,2020,494,103
41398-1,4+ Stephanie's House,2020,494,170
41400-1,Andrea鈥檚 Play Cube,2020,494,49
41401-1,Stephanie鈥檚 Play Cube,2020,494,44
41402-1,Olivia鈥檚 Play Cube,2020,494,40
41403-1,Mia's Play Cube,2020,494,41
41404-1,Emma's Play Cube,2020,494,36
41405-1,Andrea's Shopping Play Cube,2020,494,40
41406-1,Stephanie's Shopping Play Cube,2020,494,44
41407-1,Olivia's Shopping Play Cube,2020,494,47
41408-1,Mia's Shopping Play Cube,2020,494,37
41409-1,Emma's Shopping Play Cube,2020,494,49
41410-1,Andrea's Summer Play Cube,2020,494,43
41411-1,Stephanie's Summer Play Cube,2020,494,47
41412-1,Olivia's Summer Play Cube,2020,494,48
41413-1,Mia's Summer Play Cube,2020,494,50
41414-1,Emma's Summer Play Cube,2020,494,51
41420-1,Friends Advent Calendar 2020,2020,216,236
Jan-42,Freestyle Building Set,1995,399,98
41421-1,Baby Elephant Jungle Rescue,2020,494,203
41422-1,Panda Jungle Tree House,2020,494,265
41423-1,Tiger Hot Air Balloon Jungle Rescue,2020,494,302
41424-1,Jungle Rescue Base,2020,494,657
41425-1,Olivia's Flower Garden,2020,494,92
41426-1,Heartlake City Park Caf茅,2020,494,224
41427-1,Emma's Fashion Shop,2020,494,343
41428-1,Beach House,2020,494,444
41429-1,Heartlake City Airplane,2020,494,574
414-3,"Windows Parts Pack, Red (The Building Toy)",1966,371,10
41430-1,Summer Fun Water Park,2020,494,1012
Jan-43,Freestyle Building Set,1995,399,196
41431-1,Heartlake City Brick Box,2020,494,336
41432-1,Alpaca Rescue in the Jungle,2020,494,512
41433-1,Party Boat,2020,494,640
41434-1,Andrea's Jungle Play Cube,2020,494,47
41435-1,Stephanie's Jungle Play Cube,2020,494,40
41436-1,Olivia's Jungle Play Cube,2020,494,51
41437-1,Mia's Jungle Play Cube,2020,494,43
41438-1,Emma's Jungle Play Cube,2020,494,50
41439-1,Cat Grooming Car,2021,494,60
414-4,"Windows Parts Pack, White (The Building Toy)",1966,371,10
41440-1,Heartlake City Bakery,2021,494,99
Jan-44,Freestyle Brick Vac Bus,1995,399,142
41441-1,Horse Training and Trailer,2021,494,148
41442-1,Vet Clinic Rescue Buggy,2021,494,100
41443-1,Olivia's Electric Car,2021,494,183
41444-1,Heartlake City Organic Caf茅,2021,494,314
41445-1,Vet Clinic Ambulance,2021,494,313
41446-1,Heartlake City Vet Clinic,2021,494,267
41447-1,Heartlake City Park,2021,494,432
41448-1,Heartlake City Movie Theater,2021,494,464
41449-1,Andrea's Family House,2021,494,802
414-5,"Windows Parts Pack, Red (System)",1966,371,10
41450-1,Heartlake City Shopping Mall,2021,494,1032
Jan-45,Freestyle Playcase,1995,399,254
41451-1,Unikitty Cloud Car,2018,625,144
41452-1,Prince Puppycorn Trike,2018,625,124
41453-1,Party Time,2018,625,214
41454-1,Dr. Fox Laboratory,2018,625,371
41455-1,Unikingdom Creative Brick Box,2018,625,443
41456-1,Unikingdom Fairground Fun,2018,625,515
414-6,"Windows Parts Pack, White (System)",1966,371,10
Jan-46,Extra Large Freestyle Bucket,1995,399,410
Jan-47,Freestyle Elefant Villa,1996,399,191
Jan-48,Large Clearpack,1997,399,230
41485-1,Finn,2017,610,91
41486-1,Captain Phasma,2017,610,127
41487-1,Lloyd,2017,610,102
41488-1,Master Wu,2017,610,89
41489-1,Rey & Kylo Ren,2017,610,250
41490-1,Superman & Wonder Woman,2016,610,210
41491-1,Batman & The Joker,2016,610,206
41492-1,Iron Man & Captain America,2016,610,174
41493-1,Black Panther & Dr. Strange,2016,610,167
41496-1,Supergirl & Martian Manhunter,2017,610,231
41497-1,Spider-Man & Venom,2017,610,144
41498-1,Boba Fett & Han Solo in Carbonite,2017,610,329
41500-1,Flain,2014,580,58
Jan-50,Freestyle Building Set,1995,399,91
41501-1,Vulk,2014,580,69
41502-1,Zorch,2014,580,45
41503-1,Krader,2014,580,66
41504-1,Seismo,2014,580,50
41505-1,Shuff,2014,580,51
41506-1,Teslo,2014,580,54
41507-1,Zaptor,2014,580,61
41508-1,Volectro,2014,580,70
41509-1,Slumbo,2014,580,61
415-1,5 Sixteens and 4 Twenties (System),1966,371,9
41510-1,Lunk,2014,580,51
Jan-51,Girl's Freestyle Set,1995,399,274
41511-1,Flurr,2014,580,46
41512-1,Chomly,2014,580,68
4151270-1,Star Wars Co-Pack,2000,158,0
41513-1,Gobba,2014,580,57
41514-1,Jawg,2014,580,61
41515-1,Kraw,2014,580,70
41516-1,Tentro,2014,580,69
41517-1,Balk,2014,580,68
41518-1,Glomp,2014,580,64
4151847-1,Bionicle Trading Card Game 1: Gali & Pohatu,2001,324,12
4151848-1,Bionicle Trading Card Game 1: Tahu & Kopaka,2001,324,12
4151849-1,Bionicle Trading Card Game 1: Onua & Lewa,2001,324,12
41519-1,Glurt,2014,580,62
41520-1,Torts,2014,580,48
Jan-52,Large Freestyle Bucket,1995,399,409
41521-1,Footi,2014,580,72
41522-1,Scorpi,2014,580,70
41523-1,Hoogi,2014,580,69
41524-1,Mesmo,2014,580,64
41525-1,Magnifo,2014,580,61
41526-1,Wizwuz,2014,580,70
41527-1,Rokit,2015,580,66
41528-1,Niksput,2015,580,62
41529-1,Nurp-Naut,2015,580,52
41530-1,Meltus,2015,580,66
Jan-53,Large Freestyle Playcase,1995,399,698
41531-1,Flamzer,2015,580,60
41532-1,Burnard,2015,580,59
41533-1,Globert,2015,580,45
41534-1,Vampos,2015,580,59
41535-1,Boogly,2015,580,52
41536-1,Gox,2015,580,62
41537-1,Jinky,2015,580,59
41538-1,Kamzo,2015,580,58
41539-1,Krog,2015,580,60
41540-1,Chilbo,2015,580,65
41541-1,Snoof,2015,580,54
41542-1,Spugg,2015,580,51
41543-1,Turg,2015,580,56
41544-1,Tungster,2015,580,60
41545-1,Kramm,2015,580,68
41546-1,Forx,2015,580,65
41547-1,Wuzzo,2015,580,74
41548-1,Dribbal,2015,580,52
41549-1,Gurggle,2015,580,66
41550-1,Slusho,2015,580,53
41551-1,Snax,2015,580,51
41552-1,Berp,2015,580,68
41553-1,Vaka-Waka,2015,580,69
41554-1,Kuffs,2016,580,63
41555-1,Busto,2016,580,69
41556-1,Tiketz,2016,580,62
41557-1,Camillot,2016,580,64
41558-1,Mixadel,2016,580,63
41559-1,Paladum,2016,580,64
41560-1,Jamzy,2016,580,70
41561-1,Tapsy,2016,580,57
41562-1,Trumpsy,2016,580,54
41563-1,Splasho,2016,580,67
41564-1,Aquad,2016,580,70
41565-1,Hydro,2016,580,70
41566-1,Sharx,2016,580,55
41567-1,Skulzy,2016,580,66
41568-1,Lewt,2016,580,62
41569-1,Surgeo,2016,580,63
41570-1,Skrubz,2016,580,68
Jan-57,Freestyle Trial Size,1997,399,36
41571-1,Tuth,2016,580,67
41572-1,Gobbol,2016,580,62
41573-1,Sweepz,2016,580,61
41574-1,Compax,2016,580,66
41575-1,Cobrax,2016,580,64
41576-1,Spinza,2016,580,60
41577-1,Mysto,2016,580,64
41578-1,Screeno,2016,580,73
41579-1,Camsta,2016,580,62
41580-1,Myke,2016,580,63
Jan-58,Small Freestyle Box,1997,399,132
41585-1,Batman,2017,610,91
41586-1,Batgirl,2017,610,99
41587-1,Robin,2017,610,101
41588-1,The Joker,2017,610,151
41589-1,Captain America,2017,610,79
41590-1,Iron Man,2017,610,96
41591-1,Black Widow,2017,610,143
41592-1,The Hulk,2017,610,93
41593-1,Captain Jack Sparrow,2017,610,109
41594-1,Captain Armando Salazar,2017,610,118
41595-1,Belle,2017,610,139
41596-1,Beast,2017,610,116
41597-1,Go Brick Me,2018,610,708
41598-1,The Flash,2018,610,122
41599-1,Wonder Woman,2018,610,143
41600-1,Aquaman,2018,610,135
41601-1,Cyborg,2018,610,108
41602-1,Rey,2018,610,119
41603-1,Kylo Ren,2018,610,130
41604-1,Iron Man MK50,2018,610,101
41605-1,Thanos,2018,610,105
41606-1,Star-Lord,2018,610,113
41607-1,Gamora,2018,610,136
41608-1,Han Solo,2018,610,141
41609-1,Chewbacca,2018,610,149
416-1,4 Sixteens 2 Twenties (The Building Toy),1966,371,6
41610-1,Tactical Batman & Superman,2018,610,209
Jan-61,Girl's Freestyle Suitcase,1995,399,294
41611-1,Marty McFly & Doc Brown,2018,610,240
41612-1,Steve & Creeper,2018,610,160
41613-1,Mr. Incredible & Frozone,2018,610,160
41614-1,Owen & Blue,2018,610,234
41615-1,Harry Potter & Hedwig,2018,610,180
41616-1,Hermione Granger,2018,610,127
41617-1,Elsa,2018,610,130
41618-1,Anna & Olaf,2018,610,201
41619-1,Darth Vader,2018,610,104
41620-1,Stormtrooper,2018,610,124
Jan-62,Freestyle Multibox,1995,399,603
41621-1,Ron Weasley & Albus Dumbledore,2018,610,245
41622-1,Peter Venkman & Slimer,2018,610,228
41623-1,Ariel & Ursula,2018,610,361
41624-1,Mickey Mouse,2018,610,109
41625-1,Minnie Mouse,2018,610,129
41626-1,Groot & Rocket,2018,610,189
41627-1,Luke Skywalker & Yoda,2018,610,215
41628-1,Princess Leia Organa,2018,610,124
41629-1,Boba Fett,2018,610,161
41630-1,Jack Skellington & Sally,2018,610,193
Jan-63,Electric Freestyle Set,1995,399,351
41631-1,Newt Scamander & Gellert Grindelwald,2018,610,247
41632-1,Homer Simpson & Krusty the Clown,2018,610,215
41634-1,Emmet,2019,610,113
41635-1,Wyldstyle,2019,610,134
41636-1,Benny,2019,610,103
41637-1,Sweet Mayhem,2019,610,137
Jan-64,Mickey's Fire Engine,2000,388,27
Jan-65,Minnie's Birthday Party,2000,388,88
Jan-66,Mickey's Car Garage,2000,388,92
41662-1,Olivia's Flamingo Cube,2021,494,41
41663-1,Emma's Dalmatian Cube,2021,494,41
41664-1,Mia's Pug Cube,2021,494,40
41665-1,Stephanie's Cat Cube,2021,494,46
41666-1,Andrea's Bunny Cube,2021,494,45
41667-1,Olivia's Gaming Cube,2021,494,64
41668-1,Emma's Fashion Cube,2021,494,58
41669-1,Mia's Soccer Cube,2021,494,56
41670-1,Stephanie's Ballet Cube,2021,494,60
Jan-67,Mickey's Mansion,2000,388,130
41671-1,Andrea's Swimming Cube,2021,494,59
41677-1,Forest Waterfall,2021,494,93
41679-1,Forest House,2021,494,326
4168037-1,Belville Clock,2002,501,1
4168038-1,Belville Butterfly Buildable Watch,2002,501,37
41681-1,Forest Camper Van and Sailboat,2021,494,486
41682-1,Heartlake City School,2021,494,605
41683-1,Forest Horseback Riding Center,2021,494,511
41684-1,Heartlake City Grand Hotel,2021,494,1309
41685-1,Magical Funfair Roller Coaster,2021,494,974
41686-1,Magical Acrobatics,2021,494,223
41687-1,Magical Funfair Stalls,2021,494,361
41688-1,Magical Caravan,2021,494,348
41689-1,Magical Ferris Wheel and Slide,2021,494,545
41690-1,Friends Advent Calendar 2021,2021,216,370
Jan-69,"Freestyle Gift Item, 3+",1997,399,507
41691-1,Doggy Day Care,2021,494,221
41692-1,Vet Clinic Rescue Helicopter,2021,494,249
4169306a-1,Christmas Tree Ornament,2005,227,46
4169306b-1,Snowman Ornament,2005,227,36
4169306c-1,Santa Claus Ornament,2005,227,36
41693-1,Surfer Beachfront,2021,494,685
41694-1,Pet Clinic Ambulance,2022,494,54
41695-1,Pet Clinic,2022,494,120
41696-1,Pony-Washing Stable,2022,494,60
41697-1,Turtle Protection Vehicle,2022,494,90
41698-1,Pet Playground,2022,494,210
41699-1,Pet Adoption Caf茅,2022,494,292
41700-1,Beach Glamping,2022,494,391
41701-1,Street Food Market,2022,494,593
41702-1,Canal Houseboat,2022,494,737
41703-1,Friendship Tree House,2022,494,1114
41704-1,Main Street Building,2022,494,1682
41705-1,Heartlake City Pizzeria,2022,494,144
41706-1,Friends Advent Calendar 2022,2022,216,312
41707-1,Tree-Planting Vehicle,2022,494,336
41708-1,Roller Disco Arcade,2022,494,642
41709-1,Vacation Beach House,2022,494,686
41710-1,Surfer Beach Fun,2022,494,299
Jan-71,Spot & Friends,2001,674,53
41711-1,Emma's Art School,2022,494,844
41712-1,Recycling Truck,2022,494,259
41713-1,Olivia's Space Academy,2022,494,757
41714-1,Andrea's Theater School,2022,494,1154
41715-1,Ice Cream Truck,2022,494,84
41716-1,Stephanie's Sailing Adventure,2022,494,305
41717-1,Mia's Wildlife Rescue,2022,494,439
41718-1,Pet Day-Care Center,2022,494,593
41719-1,Mobile Fashion Boutique,2022,494,94
41720-1,Water Park,2022,494,373
Jan-72,Tina's House,2001,674,44
41721-1,Organic Farm,2022,494,826
41722-1,Horse Show Trailer,2022,494,1004
417-3,Cornerbricks (The Building Toy),1966,371,5
Jan-73,Max's Pitstop,2001,674,59
417-4,Cornerbricks (System),1966,371,10
Jan-74,Max Goes Flying,2001,674,173
Jan-75,Adventures with Max & Tina,2001,674,219
Jan-76,The Race of the Year,2001,674,326
Jan-77,Building Stories w/NaNa Bird,2001,674,384
41775-0,Unikitty! Series 1 - Random Bag,2018,625,0
41775-1,Rainbow Unikitty,2018,625,15
41775-10,Sleepy Unikitty,2018,625,15
41775-11,Queasy Unikitty,2018,625,15
41775-12,Dessert Puppycorn,2018,625,15
41775-13,Unikitty! Series 1 - Complete: All Sets,2018,625,0
41775-14,Unikitty! Series 1 - Sealed Box,2018,625,0
41775-15,Unikitty! Series 1 - Complete - All Parts,2018,625,155
41775-2,Angry Unikitty,2018,625,15
41775-3,Shades Puppycorn,2018,625,15
41775-4,Dinosaur Unikitty,2018,625,15
41775-5,Shades Unikitty,2018,625,15
41775-6,Dalmatian Puppycorn,2018,625,15
41775-7,Dessert Unikitty,2018,625,15
41775-8,Camouflage Unikitty,2018,625,15
41775-9,Alien Puppycorn,2018,625,15
Jan-78,Mickey's Fishing Adventure,2000,388,110
Jan-79,Large Creator Box,2002,674,500
4179688-1,Jack Stone Policeman Buildable Watch with Toy,2002,501,31
Jan-80,Animals (Explore),2002,505,90
Jan-81,Isla De Muerta,2011,263,161
418-2,2 x 4 Bricks (The Building Toy),1966,371,13
Jan-82,The Cannibal Escape,2011,263,280
418-3,2 x 4 Bricks (System),1966,371,21
Jan-83,The Mill,2011,263,368
Jan-84,Black Pearl,2011,263,805
4186868-1,"Large Train Engine with Tender Black (Motorizable, sets 4534, 4535)",2002,236,204
4186870-1,Open Freight Wagon (White Box),2002,236,121
4186872-1,Passenger Wagon Green (White Box),2002,236,194
4186874-1,Caboose (White Box),2002,236,170
4186875-1,9V Platform and Mini-Figures,2002,236,47
4186876-1,Passenger Wagon Blue (White Box),2002,236,192
4189224-1,"Dragon Sculpture, Ollie (LEGOLAND Billund Version)",2002,425,47
41900-1,Rainbow,2020,688,33
41901-1,Funky Animals,2020,688,33
41902-1,Sparkly Unicorn,2020,688,33
41903-1,Cosmic Wonder,2020,688,33
41904-1,Animal Picture Holders,2020,688,425
41905-1,Rainbow Jewelry Stand,2020,688,222
41906-1,Pineapple Pencil Holder,2020,688,353
41907-1,Desk Organizer,2020,688,407
41908-1,Extra DOTS - Series 1,2020,688,99
41909-1,Mermaid Vibes,2021,688,34
41910-1,Ice Cream Besties,2021,688,34
Jan-91,The Captain鈥檚 Cabin,2011,263,96
41911-1,Go Team!,2020,688,33
41912-1,Love Birds,2020,688,33
41913-1,Mega Pack,2020,688,282
41914-1,Picture Frame,2020,688,400
41915-1,Jewelry Box,2020,688,376
41916-1,Extra DOTS - Series 2,2020,688,99
41917-1,Magic Forest,2020,688,33
41918-1,Adventure,2021,688,34
41919-1,Power,2020,688,33
419-2,2 x 3 Bricks (The Building Toy),1966,371,15
Jan-92,Fountain of Youth,2011,263,129
41921-1,Extra DOTS - Series 3,2021,688,97
41922-1,Cool Cactus,2021,688,33
41923-1,Monster,2021,688,34
41924-1,Secret Holder,2021,688,453
41925-1,Secret Boxes,2021,688,275
41926-1,Creative Party Kit,2021,688,623
41927-1,Bag Tag Dog,2021,688,84
41928-1,Bag Tag Narwhal,2021,688,85
41929-1,Bag Tag Leopard,2021,688,84
419-3,2 x 3 Bricks (System),1966,371,25
41930-1,Bag Tag Panda,2021,688,84
Jan-93,The London Escape,2011,263,468
41931-1,Extra DOTS - Series 4,2021,688,91
41932-1,Extra DOTS - Series 5,2021,688,110
41933-1,Music,2021,688,33
4193351-1,Alpha Team Clock,2003,501,31
4193352-1,Bionicle Tahu Nuva Buildable Watch,2003,501,52
4193354-1,Drome Racers Watch,2003,501,0
4193357-1,Soccer Stadium Clock,2009,501,36
4193358-1,Spybotics Watch,2003,501,49
41934-1,Starlight,2021,688,34
41935-1,Lots of DOTS,2021,688,1040
41936-1,Pencil Holder,2021,688,323
41937-1,Multi Pack - Summer Vibes,2021,688,443
41938-1,Creative Designer Box,2021,688,849
41939-1,Bag Tag Dragon,2021,688,82
41940-1,Bag Tag Unicorn,2021,688,80
Jan-94,Whitecap Bay,2011,263,751
41942-1,Into The Deep,2022,688,36
41943-1,Gamer,2022,688,37
41944-1,Candy Kitty Bracelet & Bag Tag,2022,688,188
41945-1,Neon Tiger Bracelet & Bag Tag,2022,688,188
41946-1,Extra DOTS - Series 6,2022,688,108
41947-1,Mickey & Friends Bracelets Mega Pack,2022,688,327
41948-1,Cute Banana Pen Holder,2022,688,440
41949-1,Bag Tags Mega Pack - Messaging,2022,688,290
41950-1,Lots of DOTS 鈥?Lettering,2022,688,722
Jan-95,Queen Anne's Revenge,2011,263,1097
41951-1,Message Board,2022,688,533
41952-1,Big Message Board,2022,688,943
41953-1,Rainbow,2022,688,37
41954-1,Adhesive Patch,2022,688,95
41955-1,Stitch-on Patch,2022,688,95
41956-1,Picture Frames & Bracelet Ice Cream,2022,688,476
4195641-1,Star Wars Co-Pack,2002,158,0
41957-1,Adhesive Patches Mega Pack,2022,688,478
41958-1,Extra DOTS Series 7 - Sport,2022,688,105
41959-1,Cute Panda Tray,2022,688,519
41960-1,Big Box,2022,688,479
41961-1,Designer Toolkit - Patterns,2022,688,1096
41962-1,Unicorn Creative Family Pack,2022,688,812
41963-1,Mickey & Friends Stitch-On Patch,2022,688,95
41964-1,Back To School Project Box,2022,688,659
41999-1,4 x 4 Crawler Exclusive Edition,2013,1,1584
4月2日,Velveeta Set No. 4 with Carrying Case,1967,366,283
42000-1,Grand Prix Racer,2013,1,1141
Jan-00,Mining 4 x 4,2012,56,102
42001-1,Mini Off-Roader,2013,1,100
42002-1,Hovercraft,2013,1,170
42004-1,Mini Backhoe Loader,2013,1,246
42005-1,Monster Truck,2013,1,329
42006-1,Excavator,2013,1,720
42007-1,Moto Cross Bike,2013,1,253
42008-1,Service Truck,2013,1,1276
42009-1,Mobile Crane MK II,2013,1,2607
420-1,Police Car,1973,421,19
42010-1,Off-Road Racer,2013,1,160
Jan-01,Loader and Dump Truck,2012,56,139
42011-1,Race Car,2013,1,158
42020-1,Twin Rotor Helicopter,2014,1,145
Jan-02,Mining Truck,2012,56,269
42021-1,Snowmobile,2014,1,186
4202113-1,LEGOLAND Colored Pencils,2003,501,0
42022-1,Hot Rod,2014,1,414
42023-1,Construction Crew,2014,1,836
42024-1,Container Truck,2014,1,948
4202458-1,Minifigure Umbrella,2003,501,0
4202509-1,Orient Expedition Memo Pad Holder with Pencil,2003,501,0
42025-1,Cargo Plane,2014,1,1297
4202562-1,Soccer Ball,2003,501,0
4202596-1,Maharaja Lallu Key Chain,2003,503,0
4202599-1,Sam Sinister Key Chain,2003,503,0
42026-1,Black Champion Racer,2014,1,138
4202680-1,"Magnet Set, Alligator / Crocodile",2003,501,3
4202681-1,Lion Knights Flag Pole Magnet Set,2003,501,5
4202699-1,Sports Basketball Cap,2003,501,0
4202705-1,Sports Hockey Cap,2003,501,0
42027-1,Desert Racer,2014,1,149
42028-1,Bulldozer,2014,1,617
42029-1,Customized Pick up Truck,2014,1,1063
420-3,2 x 2 Bricks (The Building Toy),1966,371,20
42030-1,Remote-Controlled Volvo L350F Wheel Loader,2014,1,1636
Jan-03,Excavator Transport,2012,56,305
42031-1,Cherry Picker,2015,1,155
42032-1,Compact Tracked Loader,2015,1,252
42033-1,Record Breaker,2015,1,125
42034-1,Quad Bike,2015,1,148
42035-1,Mining Truck,2015,1,362
42036-1,Street Motorcycle,2015,1,375
42037-1,Formula Off-Roader,2015,1,494
42038-1,Arctic Truck,2015,1,913
42039-1,24 Hours Race Car,2015,1,1219
420-4,2 x 2 Bricks (System),1966,371,33
42040-1,Fire Plane,2015,1,578
Jan-04,The Mine,2012,56,748
42041-1,Race Truck,2015,1,608
42042-1,Crawler Crane,2015,1,1400
42043-1,Mercedes-Benz Arocs 3245,2015,1,2793
4204333-1,Red Brick Key Chain,2003,503,0
42044-1,Display Team Jet,2016,1,113
42045-1,Hydroplane Racer,2016,1,180
42046-1,Getaway Racer,2016,1,170
42047-1,Police Interceptor,2016,1,185
42048-1,Race Kart,2016,1,345
42049-1,Mine Loader,2016,1,476
42050-1,Drag Racer,2016,1,647
Jan-05,Off Road Command Center,2012,61,403
42052-1,Heavy Lift Helicopter,2016,1,1042
42053-1,Volvo EW160E,2016,1,1166
42054-1,CLAAS XERION 5000 TRAC VC,2016,1,1976
42055-1,Bucket Wheel Excavator,2016,1,3929
42056-1,Porsche 911 GT3 RS,2016,1,2704
42057-1,Ultralight Helicopter,2017,1,199
42058-1,Stunt Bike,2017,1,140
42059-1,Stunt Truck,2017,1,142
42060-1,Roadwork Crew,2017,1,365
Jan-06,9V Train Switching Track Collection,2006,236,28
42061-1,Telehandler,2017,1,260
Feb-06,Recycling Truck,2012,63,297
42062-1,Container Yard,2017,1,631
42063-1,BMW R 1200 GS Adventure,2017,1,603
42063-40,Technic 40 Year Anniversary Model,2017,1,573
42064-1,Ocean Explorer,2017,1,1327
42065-1,RC Tracked Racer,2017,1,370
42066-1,Air Race Jet,2017,1,1151
42068-1,Airport Rescue Vehicle,2017,1,1106
42069-1,Extreme Adventure,2017,1,2382
42070-1,6x6 All Terrain Tow Truck,2017,1,1862
Jan-07,City Garage,2012,63,938
42071-1,Dozer Compactor,2018,1,171
42072-1,WHACK!,2018,1,135
42073-1,BASH!,2018,1,139
42074-1,Racing Yacht,2018,1,331
42075-1,First Responder,2018,1,513
42076-1,Hovercraft,2018,1,1020
42077-1,Rally Car,2018,1,1005
42078-1,Mack Anthem,2018,1,2595
4207901-1,Star Wars MINI Bonus Pack,2003,158,0
42079-1,Heavy Duty Forklift,2018,1,592
42080-1,Forest Machine,2018,1,1003
Jan-08,4x4 Fire Truck,2012,58,243
42081-1,Volvo Concept Wheel Loader ZEUX,2018,1,1167
42082-1,Rough Terrain Crane,2018,1,4056
42083-1,Bugatti Chiron,2018,1,3599
42084-1,Hook Loader,2018,1,176
42088-1,Cherry Picker,2019,1,155
42089-1,Power Boat,2019,1,174
42090-1,Getaway Truck,2019,1,128
Jan-09,Fire Plane,2012,58,522
42091-1,Police Pursuit,2019,1,120
42092-1,Rescue Helicopter,2019,1,325
42093-1,Chevrolet Corvette ZR1,2019,1,579
42094-1,Tracked Loader,2019,1,827
42095-1,Remote-Controlled Stunt Racer,2019,1,324
42096-1,Porsche 911 RSR,2019,1,1580
42097-1,Compact Crawler Crane,2019,1,920
42098-1,Car Transporter,2019,1,2493
42099-1,4x4 X-treme Off-Roader,2019,1,958
Jan-42,Motor Case / Lower Part,1977,443,1
42100-1,Liebherr R 9800 Excavator,2019,1,4108
Jan-10,Coast Guard Platform,2008,55,469
42101-1,Buggy,2020,1,117
42102-1,Mini CLAAS XERION,2020,1,130
42103-1,Dragster,2020,1,225
42104-1,Race Truck,2020,1,227
42105-1,Catamaran,2020,1,405
42106-1,Stunt Show Truck & Bike,2020,1,610
42107-1,Ducati Panigale V4 R,2020,1,646
42108-1,Mobile Crane,2020,1,1292
42109-1,App-Controlled Top Gear Rally Car,2020,1,463
421-1,1 x 2 Bricks,1966,371,44
42110-1,Land Rover Defender,2019,1,2573
Jan-11,Starter Set 100,1998,470,53
42111-1,Dom鈥檚 Dodge Charger,2020,1,1077
42112-1,Cement Mixer,2020,1,1161
42113-1,Bell Boeing V-22 Osprey,2020,1,1636
42114-1,6x6 Volvo Articulated Hauler,2020,1,2193
42115-1,Lamborghini Si谩n FKP 37,2020,1,3696
42116-1,Skid Steer Loader,2021,1,139
42117-1,Race Plane,2021,1,154
42118-1,Monster Jam Grave Digger,2021,1,212
42119-1,Monster Jam Max-D,2021,1,230
421-2,2 eights 2 sixes 2 fours 8 twos 6 ones (The Building Toy),1966,371,20
42120-1,Rescue Hovercraft,2021,1,457
Jan-12,Starter Set 200,1998,470,95
42121-1,Heavy-Duty Excavator,2021,1,569
42122-1,Jeep Wrangler,2021,1,665
42123-1,McLaren Senna GTR,2021,1,830
42124-1,Off-Road Buggy,2021,1,374
42125-1,"Ferrari 488 GTE ""AF Corse #51""",2021,1,1677
42126-1,Ford F-150 Raptor,2021,1,1379
4212659-1,Photo Frame with Bird,2003,501,13
4212662-1,Photo Frame Castle,2003,501,17
4212666-1,Adventurers Photo Frame,2003,501,13
42127-1,The Batman - Batmobile,2021,1,1360
42128-1,Heavy Duty Tow Truck,2021,1,2017
4212838-1,Easter Chick,2004,229,62
4212847-1,Easter Chick in Egg,2004,229,99
4212850-1,Easter Egg [Orange],2004,229,158
4212852-1,Easter Egg [Blue],2004,229,178
42129-1,4x4 Mercedes-Benz Zetros Trial Truck,2021,1,2129
4212977-1,Letter Set,2003,500,23
42130-1,BMW Motorrad M 1000 RR,2022,1,1918
Jan-13,Super Set 200,1998,470,519
42131-1,Cat D11 Bulldozer,2021,1,3854
4213160-1,Xtreme Skateboard Key Chain,2003,503,0
42132-1,Motorcycle,2022,1,163
42133-1,Telehandler,2022,1,143
42134-1,Monster Jam Megalodon,2022,1,260
42135-1,Monster Jam El Toro Loco,2022,1,247
42136-1,John Deere 9620R 4WD Tractor,2022,1,390
42137-1,Formula E Porsche 99X Electric,2022,1,422
42138-1,Ford Mustang Shelby GT500,2022,1,544
42139-1,All-Terrain Vehicle,2022,1,764
42140-1,App-Controlled Transformation Vehicle,2022,1,772
Jan-14,Medium Bucket,1998,470,264
42141-1,McLaren Formula 1 Team 2022 (First Edition),2022,1,1432
42141-2,McLaren Formula 1 Team 2022 (Second Edition),2022,1,1429
42143-1,Ferrari Daytona SP3,2022,1,3778
42144-1,Material Handler,2022,1,835
42145-1,Airbus H175 Rescue Helicopter,2022,1,1999
Jan-15,Starter Set 300,1998,470,264
4215789-1,Bionicle Rahkshi Buildable Watch,2003,501,22
Jan-16,Super Set 100,1998,470,509
4216814-1,Clikits Heart Buildable Watch (Pink),2003,501,32
Jan-17,Playdesk and Bricks,1998,470,215
Jan-19,Brick Pack 100,1998,470,288
Jan-20,Large Box of Bricks,1998,470,428
422-1,"1 x 1, 1 x 2, 1 x 4, 1 x 6, 1 x 8 Bricks",1966,371,28
Jan-21,Challenger Set 100,1998,470,66
Jan-22,Challenger Set 300,1998,470,364
Jan-23,Challenger Set 400 with Motor,1999,470,548
Jan-24,Medium Bucket,1998,470,363
4224458-1,Pirate Key Chain,2003,503,0
4224461-1,Racer Key Chain,2003,503,0
4224464-1,Drome Racer Key Chain,2003,503,0
4224635-1,Sherpa Sangye Dorje Key Chain,2003,503,0
4224648-1,Pippin Reed Key Chain,2003,503,0
Jan-25,Challenger Set 350,1998,470,244
Jan-26,Freestyle Bucket,1998,470,517
4226751-1,Clikits Minibag Key Chain,2004,503,0
4228196-1,Jayko's Shield,2004,501,0
4228206-1,Jayko's Sword,2004,501,0
4228383-1,Vakama Promotional Set,2003,324,2
Jan-29,Brick Pack 300,1998,470,812
4229459-1,Clikits Wristband,2004,501,0
4229482-1,Clikits Belt,2004,501,0
Jan-32,Freestyle Set,1998,399,30
423-3,Curved and Round Bricks (The Building Toy),1966,371,28
4237176-1,Bohrok Shield,2004,501,0
Jan-39,Freestyle Set,1998,399,38
4243532-1,Stunt Pack,2004,112,35
4243534-1,Racers Hazard Kit,2004,112,35
4243694-1,Blue Spaceman Key Chain,2004,503,0
Jan-44,Large Bulk Bucket,1998,399,420
Jan-50,Medium Creator Box,2001,674,234
4250348-1,Knights' Kingdom Alarm Clock with Building Toy,2005,501,22
4250349-1,Knights' Kingdom Watch,2005,501,7
425-1,Fork Lift,1976,416,21
Jan-54,Freestyle Playdesk,1998,399,309
Jan-55,Backpack Set Blue,1998,399,405
4255959-1,Designer Set Pen,2004,501,19
Jan-58,Big Box Play Scape,1998,399,1010
4260543-1,Wizard Model,2004,501,0
4260545-1,Pirate Model,2004,501,0
4260547-1,Ollie Model,2004,501,0
426-1,7 Named Beams (The Building Toy),1966,371,2
4266913-1,Classic Calculator,2007,501,0
Jan-67,Large Bucket,1998,399,468
4267641-1,Knights' Kingdom Magnet Set,2006,501,6
4268591-1,DUPLO Small Knight Shield,2008,501,0
4269242-1,Star Wars Magnet Set,2006,501,4
4269244-1,Star Wars Magnet Set,2006,501,4
4270909-1,Party Cups,2007,501,0
4270911-1,Party Plates,2007,501,0
4270915-1,Party Napkins,2007,501,0
427-1,8 Plates 2 x 8 (The Building Toy),1966,371,8
4271003-1,Bionicle Toa Hordika Watch,2005,501,0
Jan-71,FreeStyle Box,1998,399,180
4271170-1,Yoda Carabiner Pen,2005,501,7
4271174-1,R2-D2 Carabiner Pen,2008,501,5
4271396-1,Clikits Heart Carabiner Pen,2005,501,0
Jan-74,Freestyle Playdesk,1998,399,508
4274258-1,Vintage Pen (Yellow),2005,501,12
4274259-1,Vintage Pen (Red),2005,501,13
4274291-1,Yoda Key Chain,2006,503,9
4277206-1,Letters and Keyring,2005,500,72
Jan-78,Blue Tub,2003,22,1000
Jan-79,CREATOR Strata Red {Red Tub},2003,22,1002
Jan-80,Freestyle Trial Size,1998,399,39
428-1,5 Plates 4 x 8 (The Building Toy),1966,371,5
Jan-81,Classic Trial Size,1999,470,25
Jan-82,Classic Trial Size,1999,470,37
Jan-83,Classic Trial Box,2000,470,53
Jan-84,Classic Trial Size,1999,470,123
Jan-85,Small Bucket,1999,470,256
4285957-1,Santa Carabiner Pen,2005,501,3
4285968-1,Transformation Kit Dirt Crusher (Red),2005,112,47
4285969-1,Transformation Kit Dirt Crusher (Blue),2005,112,47
4285970-1,Transformation Kit Dirt Crusher (Green),2005,112,47
4286013-1,Big Wheels Pack Dirt Crusher (Red),2005,112,10
4286024-1,Big Wheels Pack Dirt Crusher (Blue),2005,112,10
4286025-1,Big Wheels Pack Dirt Crusher (Green),2005,112,10
4286784-1,Dirt Crusher Gearbox with Light,2005,112,6
4287082-1,Antenna Pack for Dirt Crusher,2005,112,10
Jan-87,Santa Minifigure Snow Globe,2005,501,0
4287744-1,City Value Pack,2005,52,0
Jan-88,Large Bucket,1999,470,405
4288906-1,Battery Pack,2004,112,6
429-1,4 Plates 6 x 8 (The Building Toy),1966,371,4
Jan-91,Classic Build & Store Tub,1999,470,770
Jan-93,Classic Value Pack,1999,470,817
4293136-1,Dino Attack Parachute,2006,385,4
4293149-1,Dino Attack Kite,2006,501,0
4293150-1,Sand Mould Set,2006,501,0
4293151-1,Chalk Eggs,2006,501,0
4293771-1,City Firefighter Water Blaster,2006,501,0
4293811-1,Police Vest,2006,501,0
4293816-1,Coin Bank,2006,501,0
Jan-94,Helicopter ANA Promotional Set,2002,729,16
4294199-1,Germany Footballer Key Chain,2006,503,0
4294369-1,Shield of Sir Adric,2006,501,0
4294375-1,Axe of Sir Adric,2006,501,0
4294376-1,Helmet of Sir Adric,2006,501,0
4294895-1,Sword of Lord Vladek (with Sound),2006,501,0
Jan-96,Green Strata,2004,505,260
4296537-1,Tyrannosaurus Rex Wallet,2006,501,0
4296983-1,Dino 2010 Parachute,2006,384,4
4296984-1,Dino 2010 Kite,2006,501,0
Jan-97,Lightning Streak,2002,112,20
4297431-1,City Playing Cards,2006,501,0
4297455-1,Soccer Ball,2007,501,0
Jan-98,Blue Power,2002,112,24
Jan-99,Nesquik Quicky Racer,2002,112,18
4299934-1,Takeshi Key Chain,2006,503,0
4月3日,Basic Set,1973,469,234
Jan-00,Green Racer,2003,112,21
430-1,Biplane,1975,412,18
Jan-01,Blue Racer,2003,112,24
430-2,Six Trees and Bushes (The Building Toy),1966,371,6
Jan-04,Chopper Cop,1998,94,24
Jan-05,Xcyber,1997,144,36
Jan-06,Rings,1980,668,15
Jan-07,Rings,1980,668,15
Jan-08,Racing Car,2004,112,28
Jan-09,Blue Racer,2004,112,31
Jan-10,Orange Racer,2004,112,25
43101-0,Bandmates Series 1 - Random Box,2021,713,0
43101-1,Ice Cream Saxophonist,2021,713,8
43101-10,Cotton Candy Cheerleader,2021,713,10
43101-11,Bunny Dancer,2021,713,8
43101-12,Werewolf Drummer,2021,713,10
43101-13,Bandmates  Series 1 - Complete,2021,713,0
43101-2,Samurapper,2021,713,10
43101-3,Shark Singer,2021,713,8
43101-4,DJ Cheetah,2021,713,9
43101-5,Genie Dancer,2021,713,9
43101-6,Discowboy,2021,713,9
43101-7,Red Panda Dancer,2021,713,9
43101-8,Banshee Singer,2021,713,10
43101-9,Alien Keytarist,2021,713,9
43102-1,Candy Mermaid BeatBox,2021,713,57
43103-1,Punk Pirate BeatBox,2021,713,59
43104-1,Alien DJ BeatBox,2021,713,59
43105-1,Party Llama BeatBox,2021,713,68
43106-1,Unicorn DJ BeatBox,2021,713,70
43107-1,Hiphop Robot BeatBox,2021,713,59
43108-0,Bandmates  Series 2 - Random Box,2021,713,0
43108-1,Alien Dancer,2021,713,10
43108-10,Carnival Dancer,2021,713,10
43108-11,Vampire Bassist,2021,713,10
43108-12,Zombie Dancer,2021,713,10
43108-13,Bandmates  Series 2 - Complete,2021,713,0
43108-2,Discowgirl Guitarist,2021,713,11
43108-3,DJ Rasp-Beary,2021,713,8
43108-4,Dragon Guitarist,2021,713,11
43108-5,Karaoke Mermaid,2021,713,10
43108-6,DJ Captain,2021,713,9
43108-7,Puppy Singer,2021,713,9
43108-8,DJ Beatbox,2021,713,8
43108-9,Slime Singer,2021,713,10
43109-1,Metal Dragon BeatBox,2021,713,72
431-1,Gas Station (The Building Toy),1966,371,13
43110-1,Folk Fairy BeatBox,2021,713,75
43111-1,Candy Castle Stage,2021,713,331
43112-1,Robo HipHop Car,2021,713,373
43113-1,K-Pawp Concert,2021,713,500
43114-1,Punk Pirate Ship,2021,713,602
43115-1,The Boombox,2021,713,982
43170-1,Moana's Ocean Adventure,2020,579,46
43172-1,Elsa's Magical Ice Palace,2019,687,701
43173-1,Aurora's Royal Carriage,2020,579,62
43174-1,Mulan's Storybook Adventures,2020,579,125
43175-1,Anna and Elsa's Storybook Adventures,2020,687,133
43176-1,Ariel's Storybook Adventures,2020,579,105
43177-1,Belle's Storybook Adventures,2020,579,111
43178-1,Cinderella's Castle Celebration,2020,579,168
43179-1,Mickey Mouse & Minnie Mouse,2020,608,1739
43180-1,Belle's Castle Winter Celebration,2020,579,238
43181-1,Raya and the Heart Palace,2021,608,610
43182-1,Mulan's Training Grounds,2020,579,154
43183-1,Moana's Island Home,2020,579,202
43184-1,Raya and Sisu Dragon,2021,608,217
43185-1,Boun鈥檚 Boat,2021,608,247
43186-1,Bruni the Salamander Buildable Character,2021,687,96
43187-1,Rapunzel's Tower,2020,579,369
43188-1,Aurora's Forest Cottage,2020,579,301
43189-1,Elsa and the Nokk Storybook Adventures,2021,687,125
43191-1,Ariel's Celebration Boat,2021,579,115
43192-1,Cinderella鈥檚 Royal Carriage,2021,579,237
43193-1,"Ariel, Belle, Cinderella and Tiana's Storybook Adventures",2021,579,130
43194-1,Anna and Elsa's Frozen Wonderland,2021,687,154
43195-1,Belle and Rapunzel's Royal Stables,2021,579,254
43196-1,Belle and the Beast's Castle,2021,579,505
43197-1,The Ice Castle,2021,687,1709
43198-1,Anna鈥檚 Castle Courtyard,2022,687,74
43199-1,Elsa鈥檚 Castle Courtyard,2022,687,53
43200-1,Antonio's Magical Door,2021,608,99
43201-1,Isabela's Magical Door,2021,608,114
43202-1,The Madrigal House,2021,608,587
43203-1,"Aurora, Merida and Tiana鈥檚 Enchanted Creations",2022,579,558
43204-1,Anna and Olaf鈥檚 Castle Fun,2022,687,108
43205-1,Ultimate Adventure Castle,2022,579,698
43206-1,Cinderella's Castle,2022,579,365
43207-1,Ariel鈥檚 Underwater Palace,2022,579,503
43208-1,Jasmine and Mulan鈥檚 Adventure,2022,579,176
43209-1,Elsa and the Nokk鈥檚 Ice Stable,2022,687,53
432-1,Road Signs (The Building Toy),1966,371,8
433-1,6 Street Lamps with Curved Top (The Building Toy),1966,371,6
Jan-35,Black Robots Pod,2004,478,50
Jan-36,Picture Frame and Mirror,1980,668,48
Jan-37,Dragon Pod,2005,478,52
43380029-1,Jurassic World: The Indominus Escape (DVD),2017,501,0
Jan-38,Monster Pod,2005,478,49
Jan-39,Aqua Pod,2005,478,56
434-1,50 lettered bricks (The Building Toy),1966,371,50
43449842-1,Ninjago: Day of the Departed (DVD),2017,501,0
Jan-46,Robo Pod,2004,478,50
Feb-46,Robo Pod (Polybag),2004,478,47
Mar-46,Robo Pod (Toy Fair Nuernberg Promotion),2004,478,50
Jan-47,Auto Pod,2004,478,40
Feb-47,Auto Pod (Polybag),2004,478,37
Mar-47,Auto Pod (Toy Fair Nuernberg Promotion),2004,478,40
Jan-48,Aero Pod,2004,478,36
Feb-48,Aero Pod (Polybag),2004,478,33
Mar-48,Aero Pod (Toy Fair Nuernberg Promotion),2004,478,36
Jan-49,Wild Pod,2004,478,44
Feb-49,Wild Pod (polybag),2004,478,41
Mar-49,Wild Pod (Toy Fair Nuernberg Promotion),2004,478,44
435-1,Tipper Truck,1976,416,23
435-2,Garage Plate and Door (The Building Toy),1966,371,3
Jan-69,X-Tracker Watch,2000,501,0
437-1,50 numbered bricks (The Building Toy),1966,371,50
Jan-75,GEL-I Watch,2002,501,0
Jan-83,Time Teaching Clock,2000,501,13
Jan-91,Ghost Clock,2000,501,16
Jan-92,Soccer Clock,2001,501,0
Jan-93,Cat with Kittens Clock,2000,501,8
Jan-94,Dolphin Clock,2000,501,7
4月4日,Large House Set,1970,433,218
44000-1,Furno XL,2013,401,103
Jan-00,Creations and Bricks {Red Tub},2003,22,705
44001-1,Pyrox,2013,403,50
44002-1,Rocka,2013,401,43
44003-1,Scarox,2013,403,46
44004-1,Bulk,2013,401,50
44005-1,Bruizer,2013,403,62
44006-1,Breez,2013,401,49
44007-1,Ogrum,2013,403,59
44008-1,Surge,2013,401,66
44009-1,Dragon Bolt,2013,403,149
44010-1,Stormer,2013,401,69
Jan-01,Little Creations,2003,204,110
44011-1,Frost Beast,2013,403,60
44012-1,Evo,2013,401,51
44013-1,Aquagon,2013,403,41
44014-1,Jet Rocka,2013,401,290
44015-1,EVO Walker,2014,400,51
44016-1,JAW Beast vs. STORMER,2014,400,49
44017-1,STORMER Freeze Machine,2014,400,88
44018-1,FURNO Jet Machine,2014,400,79
44019-1,ROCKA Stealth Machine,2014,400,89
44020-1,FLYER Beast vs. BREEZ,2014,400,91
Jan-02,Sea Riders,2003,204,549
44021-1,SPLITTER Beast vs. FURNO & EVO,2014,400,108
44022-1,EVO XL Machine,2014,400,193
44023-1,ROCKA Crawler,2014,401,49
44024-1,TUNNELER Beast vs. SURGE,2014,400,59
44025-1,BULK Drill Machine,2014,401,113
44026-1,CRYSTAL Beast vs. BULK,2014,400,83
44027-1,BREEZ Flea Machine,2014,401,102
44028-1,SURGE & ROCKA Combat Machine,2014,401,188
44029-1,"QUEEN Beast vs. FURNO, EVO & STORMER",2014,400,218
Jan-03,Air Blazers,2003,204,705
Jan-04,Land Busters,2003,204,769
Jan-05,Large Creator Bucket,2003,22,1305
Jan-06,Buildings,2004,22,506
Jan-07,Transportation,2004,22,302
Jan-08,Animals,2004,22,202
Jan-10,Build and Create,2004,22,500
Jan-11,Blue Strata XXL,2004,22,1201
Jan-12,Einfallsreiches Bauen [Imaginative Building],2004,22,200
Jan-13,Arachno Pod,2005,478,57
Jan-14,LEGO Creator Bucket,2004,22,500
Jan-15,Auto Pod,2006,478,56
Jan-16,Robo Pod,2006,478,64
Jan-17,Aero Pod,2006,478,60
Jan-18,Dino Pod,2006,478,55
442-1,Space Shuttle,1979,130,39
Jan-21,Box of Bricks,2005,22,1000
Jan-22,Handy Box,2005,505,120
Jan-23,LEGO Creator Handy Box,2005,22,800
Jan-25,Better Building More Fun,2004,22,2000
4426075-1,Star Wars Clock,2008,501,20
Jan-27,Fire ATV,2012,58,50
Jan-28,City Advent Calendar 2012,2012,208,248
Jan-29,Helicopter Rescue,2012,60,425
442A-1,6 International Flags (The Building Toy),1971,371,6
442B-1,6 International Flags (The Building Toy),1971,371,6
Jan-30,Mobile Fire Command Center,2012,58,522
Jan-31,Ambulance,2012,60,199
Jan-32,Garbage Truck,2012,63,212
Jan-33,Dirt Bike Transporter,2012,64,206
Jan-34,Tipper Truck,2012,56,222
Jan-35,Car and Caravan,2012,63,218
Jan-36,Patrol Car,2012,61,97
Jan-37,Police Pursuit,2012,61,129
Jan-38,Robbers' Hideout,2012,61,317
Jan-39,Heavy-Duty Helicopter,2012,61,393
Jan-40,Forest Police Station,2012,61,633
Jan-41,Police Dog Van,2012,61,315
Jan-42,Glider,2012,53,101
Jan-43,Coca-Cola Defender 1,2002,462,4
Jan-44,Coca-Cola Defender 2,2002,462,4
Jan-45,Coca-Cola Middle Fielder 1,2002,462,4
Jan-46,Coca-Cola Forward 1,2002,462,4
Jan-47,Coca-Cola Forward 2,2002,462,4
Jan-48,Coca-Cola Defender 3,2002,462,4
Jan-49,Coca-Cola Defender 4,2002,462,4
Jan-50,Coca-Cola Middle Fielder 2,2002,462,4
445062-1,Star Wars Co-Pack,2004,158,0
445-1,Police Units,1976,421,49
Jan-51,Coca-Cola Forward 3,2002,462,4
445-2,Lighting Device Pack (The Building Toy),1966,371,3
Jan-52,Coca-Cola Forward 4,2002,462,4
Jan-53,Coca-Cola Goal Keeper,2002,462,4
Jan-54,Coca-Cola Referee,2002,462,6
Jan-55,Coca-Cola Hotdog Girl,2002,462,6
Jan-56,Coca-Cola Doctor,2002,462,5
Jan-57,Coca-Cola TV Cameraman,2002,462,4
Jan-58,Coca-Cola TV Camera,2002,462,10
Jan-59,Coca-Cola PK Kicker,2002,462,4
445A-1,Lighting Device Pack with Improved Plugs (The Building Toy),1970,371,8
Jan-60,Coca-Cola Goal,2002,462,7
Jan-61,Coca-Cola Bench,2002,462,7
Jan-62,Coca-Cola Hotdog Trolley,2002,462,19
Jan-63,Coca-Cola Light,2002,462,16
Jan-64,Coca-Cola Bottle Case,2002,462,8
Jan-65,Coca-Cola Vending Machine,2002,462,7
Jan-66,Coca-Cola Sign Board,2002,462,4
Jan-67,Coca-Cola Stretcher,2002,462,3
Jan-68,Coca-Cola Stand,2002,462,10
Jan-69,Coca-Cola Drink Stand,2002,462,9
Jan-70,Coca-Cola Ball,2002,462,2
Jan-71,Coca-Cola Secret A,2002,462,4
Jan-72,Coca-Cola Secret B,2002,462,4
Jan-73,Police Helicopter,2012,61,112
Jan-75,Jabba's Message,2003,158,46
Jan-76,Jabba's Prize,2003,158,40
Jan-77,T-16 Skyhopper,2003,158,98
Jan-78,Geonosian Fighter (Black Box),2003,158,170
Feb-78,Geonosian Fighter (Blue Box),2004,158,170
Jan-79,TIE Bomber,2003,158,229
Jan-80,Jabba's Palace,2003,158,234
Jan-81,Hailfire Droid,2003,158,680
Jan-82,AT-TE,2003,158,663
Jan-83,AT-AT [Black Box],2003,158,1070
Feb-83,AT-AT [Blue Box],2004,158,1070
Jan-84,X-wing Fighter & TIE Advanced,2003,158,72
Jan-85,Sebulba's Podracer & Anakin's Podracer,2003,158,72
Jan-86,AT-ST & Snowspeeder - Mini,2003,158,76
Jan-87,Jedi Starfighter & Slave I,2003,158,53
Jan-88,Millennium Falcon,2003,158,87
Jan-89,AT-AT - Mini,2003,158,98
Jan-90,Republic Gunship,2003,158,102
4490471-1,Piraka Ball Shooter / Zamor Sphere Launcher Accessory Pack,2006,501,0
Jan-91,MTT,2003,158,99
Jan-92,Star Destroyer - Mini,2004,158,87
Jan-93,Sith Infiltrator - Mini,2004,158,55
4493464-1,Sand Mould Set,2006,501,0
4493750-1,Exo-Force Cap,2006,501,0
4493753-1,England Footballer Key Chain,2006,503,0
4493780-1,Batman Magnet Set,2006,501,0
4493784-1,Toa Inika Sword,2006,501,0
4493785-1,Shield of the Vikings,2006,501,0
4493787-1,Sword of the Vikings,2006,501,0
Jan-94,Imperial Shuttle - Mini,2004,158,82
4494410-1,Batman Cap,2006,501,0
4494612-1,Dino Attack Stationery Set,2006,501,0
4494685-1,Knights' Kingdom Stationery Set,2006,501,0
4494686-1,Knights' Kingdom Notepad,2006,501,0
4494709-1,Toolbox Storage,2006,501,0
4494729-1,Princess Magnet,2006,501,7
Jan-95,AT-TE - Mini,2004,158,63
4495173-1,Creative Building Set,2006,34,705
Jan-96,Fun with Building Tub,2004,34,1000
Feb-96,50th Anniversary Tub,2005,22,1000
Mar-96,Fun with Building Tub - Reissue,2006,22,806
Jan-97,Pretend and Create,2004,22,1000
4498051-1,Football (Soccer) Magnet Set,2007,501,3
4499347-1,Bionicle Air Light School Backpack,2006,501,0
4499351-1,Bionicle Pencil Case with Pencils,2006,501,0
4499355-1,Bionicle Pencil Case,2006,501,0
4499357-1,Bionicle Gym Bag,2006,501,0
4499358-1,Bionicle Wallet,2006,501,0
4499385-1,Clikits Heart School Backpack,2006,501,0
4499389-1,Clikits Heart Pencil Case with Pencils,2006,501,0
4499395-1,Clikits Heart Pencil Case,2006,501,0
4499396-1,Clikits Heart Gym Bag,2006,501,0
4499397-1,"Clikits Wallet, Hearts And Circles",2006,501,0
4499536-1,Offre Speciale 4 Boites,2007,52,0
4499565-1,Santa Magnet Set,2006,227,17
4499574-1,Tic Tac Toe,2006,52,71
45000-1,Creative Builder,2013,507,122
Jan-00,Rebel Snowspeeder [Redesign] - Blue box,2004,158,217
45001-1,Playground Set with Storage,2013,516,106
Feb-00,"Rebel Snowspeeder (redesign), Original Trilogy Edition box",2004,158,211
45002-1,Tech Machines Set with Storage,2013,516,97
45003-1,Soft Starter Set,2013,526,84
45004-1,Cafe+ Set with Storage,2014,516,127
45005-1,StoryTales Set with Storage,2014,516,111
45005-2,StoryTales Set with Storage,2020,516,109
45006-1,Multi Vehicles,2014,516,32
45007-1,Large Farm,2014,516,156
4500744-1,Ludo,2006,52,358
45008-1,Math Train,2015,516,167
45009-1,Animal Bingo,2015,516,57
450-1,Fork Lift,1973,416,42
45010-1,Community People Set,2015,516,21
Jan-01,"Mos Eisley Cantina, Blue box",2004,158,197
45011-1,World People Set,2015,516,16
Feb-01,"Mos Eisley Cantina, Original Trilogy Edition box",2004,158,196
45012-1,Wild Animals Set,2015,516,104
45013-1,Caf茅+,2014,516,125
45014-1,StoryTales,2014,516,109
45015-1,Tech Machines,2013,516,95
45016-1,Tubes Experiment Set,2013,516,147
45017-1,Playground Set,2013,516,104
45018-1,"Build Me ""Emotions""",2016,516,188
45019-1,Creative LEGO DUPLO Brick Set,2016,516,160
45020-1,Creative LEGO Brick Set,2016,507,1000
Jan-02,X-wing Fighter,2003,158,564
45021-1,Our Town,2017,516,280
Feb-02,X-wing Fighter,2004,158,564
45022-1,Community Minifigure Set,2016,507,277
45023-1,Fantasy Minifigure Set,2016,507,221
45024-1,STEAM Park,2017,516,303
45025-1,Coding Express,2018,516,234
45026-1,Tubes,2020,516,150
45027-1,Letters,2020,516,130
45028-1,My XL World,2020,516,492
45029-1,Animals,2020,516,91
45030-1,People,2020,516,53
Jan-04,Millennium Falcon (Blue Box Version),2004,158,997
Feb-04,Millennium Falcon (Black Box Version),2004,158,997
Jan-05,Sea Machines,2004,204,168
4505914-1,Bionicle Piraka Duvet Set,2006,501,0
4505946-1,Duplo Zoo Duvet Set,2006,501,0
4505958-1,Brick Duvet Set,2006,501,0
Jan-06,Deep Sea Predators,2004,204,354
4507040-1,Bionicle Elastic Watch,2006,501,0
4507041-1,Dino 2010 Elastic Watch,2006,501,0
4507042-1,Exo-Force Elastic Watch,2006,501,0
Jan-07,Prehistoric Creatures,2004,204,726
45080-1,Creative Builder Cards Set,2013,516,0
Jan-08,Titan XP,2004,204,784
4508753-1,Magnets,2006,501,14
Jan-09,Playtable,2009,501,0
4509724-1,Magnets,2007,501,14
45100-1,StoryStarter Core Set,2013,507,1147
45101-1,StoryStarter Expansion Pack: Fairy Tale,2015,507,186
45102-1,StoryStarter Expansion Pack: Space,2015,507,186
45103-1,StoryStarter Expansion Pack: Community,2015,507,201
451-1,"1 x 6 x 3 Window, Red or White",1966,371,6
45110-1,BuildToExpress Core Set,2012,507,205
Jan-11,High Speed Train,2003,105,336
45120-1,LearnToLearn Core set,2014,507,2018
Jan-12,Cargo Train,2003,105,547
Jan-13,Grand Central Station,2003,105,351
Jan-14,Cargo Crane,2003,105,177
4514950-1,It's Zoo Time,2007,504,18
Jan-15,Straight Rails,1991,236,8
Feb-15,Straight Rails,2003,105,8
Jan-18,Creator Set,2004,22,805
Jan-19,Rail Crossing,1999,236,1
Jan-20,Curved Rails,1991,236,8
Feb-20,Curved Rails,2003,105,8
452-1,Mobile Ground Tracking Station,1979,130,79
45210-1,MoreToMath 1-2 Core Set,2015,507,520
4521221-1,Gold chrome plated C-3PO,2007,158,3
452-2,"1 x 6 x 2 Window, Red or White",1966,371,8
4524081-1,Mindstorms NXT CD,2007,258,0
Jan-24,Creator Advent Calendar 2002,2002,214,240
Jan-25,Road and Rail Repair,1994,236,85
Jan-26,Batman,2012,699,40
Jan-27,The Joker,2012,699,57
4527617-1,Castle Photo Frame,2008,501,68
Jan-28,Green Lantern,2012,699,38
Jan-29,Iron Man,2012,703,44
45300-1,WeDo 2.0 Core Set,2016,521,281
Jan-30,The Hulk,2012,703,39
45301-1,WeDo 2.0 Smart Hub,2016,521,1
45302-1,WeDo 2.0 Smart Hub Rechargeable Battery,2016,521,1
45303-1,WeDo 2.0 Medium Motor,2016,521,1
45304-1,WeDo 2.0 Motion Sensor,2016,521,1
45305-1,WeDo 2.0 Tilt Sensor,2016,521,1
453-1,Two Crater Plates,1979,143,2
Jan-31,Manual Points,1991,236,6
Feb-31,Manual Points,2003,105,6
453-2,"1 x 6 x 2 Shuttered Windows, Red or White",1966,371,8
Jan-32,Manual Level Crossing,1996,236,136
Jan-33,Train Track Snow Remover,1999,236,58
Jan-34,LEGO Express,2002,236,34
45345-1,SPIKE Essential,2021,507,448
Jan-35,LEGO Express Deluxe,2002,236,34
Jan-36,Blue Hopper Car,1991,236,166
Jan-37,Octan Twin Tank Rail Tanker,1993,236,174
Jan-38,Special Edition,2004,22,201
Jan-39,Manual Level Crossing,1991,236,115
45400-1,BricQ Motion Prime,2021,507,561
45401-1,BricQ Motion Essential,2021,507,523
4540313-1,Creative Bucket,2009,505,76
4540315-1,Creative Bucket (TRU Exclusive),2009,35,480
454-1,Two Lunar Landing Plates,1979,143,2
Jan-41,Rail and Road Service Truck,1999,236,126
454-2,"1 x 4 x 2 Window, Red or White",1966,371,9
Jan-43,Railroad Tractor Flatbed,1991,236,180
Jan-44,Car Transport Wagon with Car,1994,236,143
Jan-46,Road and Rail Maintenance,1991,236,77
Jan-47,Club Car,1993,236,293
4547551-1,Darth Vader,2008,158,7
Jan-48,Transformer and Speed Regulator,1991,236,3
4548431-1,Brick Tub 'Die Lego Show' - Limited Edition,2008,22,701
Jan-49,Container Double Stack,1993,236,451
45497-1,Small Storage,2017,528,0
45498-1,Medium Storage Bin (Black),2017,528,16
45499-1,Sorting Top Tray,2017,528,12
45500-1,EV3 Intelligent Brick,2013,262,1
45501-1,EV3 Rechargeable DC Battery,2013,262,1
45502-1,EV3 Large Servo Motor,2013,262,1
45503-1,EV3 Medium Servo Motor,2013,262,1
45504-1,EV3 Ultrasonic Sensor,2013,262,1
45505-1,EV3 Gyro Sensor,2013,262,1
45506-1,EV3 Color Sensor,2013,262,1
45507-1,EV3 Touch Sensor,2013,262,1
45508-1,EV3 Infrared Beacon,2013,262,1
45509-1,EV3 Infrared Sensor,2013,262,1
455-1,Lear Jet,1976,412,46
Jan-51,Crocodile Locomotive,1991,236,314
45514-1,EV3 Cable Pack,2013,262,7
45517-1,Transformer 10V,2015,518,1
455-2,"1 x 3 x 2 Window, Red or White",1966,371,12
Jan-52,Cargo Crane,1995,236,282
Jan-53,Train Wash,1999,236,190
Jan-54,Metro Station,1991,236,612
45544-1,EV3 Core Set,2013,518,547
Jan-55,Cargo Station,1995,236,394
45560-1,EV3 Expansion Set,2013,518,856
Jan-56,Train Station,1999,236,240
45570-1,Space Challenge Set,2014,518,1412
Jan-57,Freight Loading Station,1999,236,216
Jan-58,Metroliner,1991,236,789
Jan-59,Cargo Railway,1996,236,847
4559288-1,Power Miners (Swedish Release),2009,439,2
4559385-1,Power Miners (Polish Release),2009,439,2
4559387-1,Power Miners (Danish Release),2009,439,2
Jan-60,Railway Express,1999,236,668
45601-1,Large Hub,2020,529,2
45602-1,Large Angular Motor,2020,529,1
45603-1,Medium Angular Motor,2020,529,1
45604-1,Distance Sensor,2020,529,1
45605-1,Color Sensor,2020,529,1
45606-1,Force Sensor,2020,529,1
45607-1,Small Angular Motor,2021,529,1
45608-1,3脳3 Color Light Matrix,2021,529,1
45609-1,Small Hub,2021,529,2
456-1,Spirit of St. Louis,1977,412,50
45610-1,Large Hub Battery,2020,529,1
Jan-61,Railway Express with Transformer and Speed Regulator,1999,236,671
45611-1,Micro USB Connector Cable,2020,529,1
45612-1,Small Hub Battery,2021,529,1
456-2,"1 x 2 x 2 Window, Red or White",1966,371,15
Jan-62,Creator Box,2004,22,200
Jan-63,Load and Haul Railroad,1991,236,477
Jan-64,Freight Rail Runner,1994,236,594
Jan-65,Freight and Crane Railway,1996,236,918
Jan-66,Gear,2001,112,8
Jan-67,Surfer,2001,112,8
45678-1,SPIKE Prime,2020,507,533
45680-1,SPIKE Prime Expansion Set,2020,507,603
Jan-68,Loopin,2001,112,8
45681-1,SPIKE Prime Expansion Set (v2),2021,507,604
Jan-69,Warrior,2001,112,8
Jan-70,Shredd,2001,112,8
4570178-1,Series 1 - Sealed Box,2010,536,0
457-1,"1 x 1 x 2 Window, Red or White",1966,371,19
Jan-71,Spiky,2001,112,8
Jan-72,Scratch,2001,112,8
Jan-73,Lightor,2001,112,8
Jan-74,Rip,2001,112,8
Jan-75,Pulse,2001,112,8
Jan-76,Duster,2001,112,8
Jan-77,Snake,2001,112,8
Jan-78,Ghost,2001,112,9
Jan-79,Ice Ramp Racers,2001,112,112
45800-1,FLL World Class: Learning Unleashed Challenge Kit,2014,398,2098
45801-1,Trash Trek Challenge Kit,2015,398,1990
45802-1,Animal Allies Challenge Kit,2016,398,2167
4580305-1,Battles - DS,2009,501,0
45803-1,Creature Craze Inspire Set,2016,398,81
45804-1,HYDRO DYNAMICS Challenge Kit,2017,398,2052
45805-1,AQUA ADVENTURE Inspire Set,2017,398,710
45806-1,INTO ORBIT Challenge Kit,2018,398,1910
45807-1,Mission MOON Inspire Set,2018,398,693
45808-1,Mission MOON Discovery Set,2018,398,50
45809-1,City Shaper Challenge Kit,2019,398,2158
458-1,"1 x 2 x 1 Window, Red or White",1966,371,19
45810-1,BOOMTOWN BUILD Inspire Set,2019,398,738
45811-1,World Robotic Olympiad Brick Set,2016,507,724
45812-1,BOOMTOWN BUILD Discovery Set,2019,398,78
45813-1,RePLAY Challenge Kit,2020,398,1600
45814-1,PLAYMAKERS Explore Set,2020,398,779
45815-1,PLAYMAKERS Discover Set,2020,398,76
45816-1,CARGO CONNECT Challenge Kit,2021,398,1918
45817-1,CARGO CONNECT Explore Set,2021,398,885
45818-1,CARGO CONNECT Discover Set,2021,398,77
45820-1,SUPERPOWERED Challenge Kit,2022,398,2175
Jan-82,Red Bullet,2002,112,29
45821-1,SUPERPOWERED Explore Set,2022,398,994
45822-1,SUPERPOWERED Discover Set,2022,398,80
Jan-83,Maverick Storm,2002,112,31
Jan-84,Hot Scorcher,2002,112,58
Jan-85,Nitro Pulverizer,2002,112,61
Jan-86,Stunt Race Track,2002,112,168
4586940-1,Basic Set Limited Edition,2010,35,480
Jan-87,Duel Racers,2002,112,191
Jan-88,Off Road Race Track,2002,112,363
Jan-89,RC-Nitro Flash,2002,112,139
Jan-90,Flash Turbo,2002,112,28
4590556-1,Series 2 - Sealed Box,2010,537,0
459-1,"1 x 1 x 1 Windows Refill, Red or White",1966,371,20
Jan-91,Star Burst,2002,112,28
4591715-1,Golden Die [TRU Exclusive],2010,502,7
Jan-92,Red Monster,2002,112,25
Jan-93,Zero Hurricane & Red Blizzard,2002,112,74
Jan-94,Maverick Sprinter & Hot Arrow,2002,112,66
Jan-95,Zero Tornado & Hot Rock,2002,112,71
4595400-1,Rocket Kit,2010,123,26
Jan-96,Storming Cobra,2002,112,90
Jan-97,Captain America,2012,703,44
4599605-1,Easter Chicks,2010,229,15
Jan-00,Police Cruiser,2001,280,23
460-1,Rescue Units,1973,420,37
Jan-01,Fire Cruiser,2001,280,22
460-2,"1 x 2 x 3 Doors Refill, Red or White",1966,371,13
460-2R,"1 x 2 x 3 Doors Refill, Red",1966,371,50
460-2W,"1 x 2 x 3 Doors Refill, White",1966,371,50
Jan-03,Res-Q Wrecker,2001,280,29
Jan-04,Police Copter,2001,280,19
Jan-05,Fire Response SUV,2001,280,32
Jan-06,Aqua Res-Q Transport,2001,280,40
Jan-07,Copter Transport,2001,280,65
Jan-08,Bank Breakout,2001,280,68
Jan-09,Fire Attack Team,2001,280,97
Jan-10,Aqua Res-Q Super Station,2001,280,95
461-1,"Windows and Doors, Retailer Pack",1966,371,0
Jan-11,Police HQ,2001,280,140
Jan-12,Super Glider,2002,280,7
Jan-13,Turbo Chopper,2002,280,13
4613985-1,Build a Bullseye Target Gift Card Promotional,2010,227,32
Jan-14,Ultralight Flyer,2002,280,16
4614586-1,Series 4 - Sealed Box,2011,539,0
4614607-1,Series 5 - Sealed Box,2011,540,0
Jan-15,Red Recon Flyer,2002,280,21
Jan-16,Rapid Response Tanker,2002,280,35
Jan-17,Dual Turbo Prop,2002,280,32
Jan-18,Twin Rotor Cargo,2002,280,47
Jan-19,A.I.R. Patrol Jet,2002,280,66
Jan-20,A.I.R. Operations HQ,2002,280,175
462-1,Rocket Launcher,1979,130,77
Jan-21,Jack Stone Red Flash Station,2002,280,32
462-2,"2 x 8 Plates, White",1966,371,16
4622058-1,Atlantis: The Movie (DVD),2010,501,0
Jan-22,Res-Q Digger,2002,280,67
Jan-23,Pink Brick Box,2012,505,30
Jan-24,Brick Box,2012,505,31
Jan-25,Pink Brick Box,2012,35,224
Jan-26,Farm Brick Box,2012,35,232
Jan-27,Fun With Bricks,2012,505,85
Jan-28,Fun with Bricks,2012,35,600
Jan-29,Build and Play Box,2012,505,150
Jan-30,Build and Play Box,2012,35,1000
463-1,"4 x 8 Plates, White",1966,371,8
Jan-31,My First Build,2012,504,63
Jan-32,Building Plates,2012,505,3
Jan-35,Fun with Vehicles,2012,35,530
Jan-36,Police Building Set,2012,35,130
4636204-1,Promotional Giveaway,2011,435,11
Jan-37,Safari Building Set,2012,35,152
464-1,"6 x 8 Plates, White",1966,371,6
Jan-41,Speed Boat,2011,59,34
Jan-42,Fishing Boat,2011,59,65
Jan-43,Power Boat Transporter,2011,59,255
Jan-44,Marina,2011,59,298
Jan-45,Harbor,2011,59,552
4648578-1,Series 7 - Sealed Box,2012,542,0
4648586-1,Series 6 - Sealed Box,2012,541,0
4648593-1,Series 8 - Sealed Box,2012,543,0
4648933-1,Accessory Pack,2011,400,6
4648939-1,Golden Die,2011,502,8
Jan-51,Police Motorcycle,2003,279,12
Jan-52,Tow Truck,2003,279,26
Jan-53,Dump Truck,2003,279,28
Jan-54,Tanker Truck,2003,279,45
Jan-55,Quick Fix Station,2003,279,103
Jan-57,Fire Squad HQ,2003,279,149
Jan-58,Farm Animals,2005,650,5
4659018-1,Kits 2-6 Subscription,2011,432,0
Jan-59,Garbage Truck,2005,650,13
4659597-1,Friends - Bracelets,2012,501,0
4659602-1,Display Stand,2012,494,17
4659604-1,Friends Notebook,2012,501,0
4659607-1,Booster Pack,2012,400,6
4659612-1,Spinner Ring,2012,435,1
4659758-1,Build a Bullseye 3 in 1 Target Gift Card Promotional,2011,227,50
4660865-1,Target Lego Gift Card 2011 3 in 1 Set,2011,227,51
Jan-61,Construction Worker,2005,650,4
Jan-62,Post Office,2005,650,23
Jan-63,Zoo,2005,650,50
Jan-64,Fire Station,2005,650,59
Jan-65,Big Farm,2005,650,72
Jan-66,Speedy Police Car,2003,279,25
Jan-67,Loadin' Digger,2003,279,30
Jan-68,Outrigger Construction Crane,2003,279,67
Jan-69,Turbo-Charged Police Boat,2003,279,54
Jan-76,Police Key Chain,2004,503,19
Jan-77,Name Letter Pack,2004,301,67
Jan-79,Bricks and Creations Tub,2004,34,0
Feb-79,Bricks and Creations Tub - (TRU Exclusive),2005,34,0
4679a-1,Bricks and Creations Tub (Bottom Tub and its contents only),2004,34,1000
4679a-2,Bricks and Creations Tub - (TRU Exclusive) (Bottom Tub and its contents only),2005,34,1000
4679b-1,Super Value 500 LEGO Elements (Bonus box and its contents only),2004,34,0
4679b-2,Free 500 LEGO Bricks (Bonus box and its contents only),2005,34,500
Jan-80,Traffic Patrol,2004,650,3
Jan-81,Fire Truck,2004,650,21
Jan-83,Pony and Cart,2004,650,6
Jan-84,Pick Up Truck (Repair Truck),2004,650,5
Jan-85,Fork Lift,2004,650,11
Jan-86,Little Farm,2004,650,52
Jan-87,Tractor-Trailer,2004,650,9
Jan-88,Team Construction,2004,650,24
Jan-89,Playhouse,2004,652,61
Jan-90,Horse Stable,2004,650,31
Jan-91,Police Station,2004,650,64
Jan-92,Fire Car,2004,650,2
Jan-93,Ferrari F1 Race Car,2004,504,6
Jan-94,Ferrari F1 Racing Team,2004,504,39
Jan-95,Mini Knight Bus,2004,246,58
Jan-96,Blue Bucket,2004,22,200
470-1,"1 x 1, 1 x 2, 2 x 2, 2 x 3, 2 x 4 Plates (System)",1966,371,39
Jan-01,Sorting Hat,2001,246,50
Jan-02,The Final Challenge,2001,246,62
Jan-04,The Chamber of the Winged Keys,2001,246,180
Jan-05,Snape's Class,2001,246,167
Jan-06,Forbidden Corridor,2001,246,243
Jan-07,Hagrid's Hut,2001,246,298
Jan-08,Hogwarts Express,2001,246,414
Jan-09,Hogwarts Castle,2001,246,696
471-1,Tiles (System),1966,371,52
Jan-11,Flying Lesson,2002,246,24
Jan-12,Troll on the Loose,2002,246,72
471408-1,Lennox,2014,571,10
Jan-14,Gringott's Bank,2002,246,263
471518-1,Happy The Cute Dolphin,2015,494,17
471602-1,Pony Grooming Kit,2016,494,28
471701-1,Lloyd,2017,616,6
471702-1,Mia,2017,494,8
471801-1,Dolphin and Crab,2018,494,32
471904-1,Diamond's Show Jump,2019,494,32
471905-1,Emmet with Tools,2019,670,9
471906-1,Rex with Jetpack,2019,670,13
Jan-19,Quality Quidditch Supplies,2003,246,121
Jan-20,Knockturn Alley,2003,246,211
472-1,1:87 Nine Models,1964,368,0
472102-1,Emma & Baby Panda,2021,494,8
Jan-21,Hogwarts Classroom,2001,246,76
472201-1,Cute Foal with Food and Water Pump,2022,494,36
Jan-22,Gryffindor,2001,246,70
472210-1,Triceratops Baby,2022,722,1
Jan-23,Diagon Alley Shops,2001,246,85
Jan-26,Quidditch Practice,2002,246,132
Jan-27,Aragog in the Dark Forest,2002,246,183
Jan-28,Escape from Privet Drive,2002,246,282
Jan-29,Dumbledore's Office,2002,246,451
Jan-30,Chamber of Secrets,2002,246,597
Jan-31,Dobby's Release,2002,246,71
Jan-33,The Dueling Club,2002,246,134
Jan-35,Slytherin,2002,246,93
Jan-36,Freeing Dobby,2010,246,73
Jan-37,Quidditch Match,2010,246,153
Jan-38,Hagrid's Hut,2010,246,443
Jan-41,Blacktron Super Vehicle (Value 3-Pack),1993,129,1
Jan-42,Chill Speeder,2004,306,58
Jan-43,Ice Blade,2004,306,108
Jan-44,Tundra Tracker,2004,306,141
Jan-45,Blue Eagle vs. Snow Crawler,2004,306,257
Jan-46,Mobile Command Center,2004,306,425
Jan-48,Ogel's Mountain Fortress,2004,306,436
Jan-50,Draco's Encounter with Buckbeak,2004,246,37
Jan-51,Harry and the Marauder's Map,2004,246,109
Jan-52,Professor Lupin's Classroom,2004,246,159
Jan-53,Sirius Black's Escape,2004,246,192
Jan-54,Hagrid's Hut,2004,246,304
Jan-55,Knight Bus,2004,246,244
Jan-56,Shrieking Shack,2004,246,449
Jan-57,Hogwarts Castle,2004,246,938
Jan-58,Hogwarts Express,2004,246,388
Jan-59,Three Christmas Decorations - Santa Tree and Snowman,2004,227,0
Jan-62,Rescue from the Merpeople,2005,246,177
Jan-66,Graveyard Duel,2005,246,552
Jan-67,Harry and the Hungarian Horntail,2005,246,265
Jan-68,The Durmstrang Ship,2005,246,552
Feb-68,The Durmstrang Ship (with Bonus Minifigures),2005,246,569
Jan-70,Blizzard Blaster,2004,306,305
Jan-74,Scorpion Orb Launcher,2004,306,229
Jan-75,Knight and Squire,2004,647,21
Jan-76,Dragon Tower,2004,647,65
Jan-77,Knights' Castle,2004,647,168
Jan-78,Desert Biplane,2005,50,109
Jan-79,Defense Tower,2005,647,64
Jan-80,Box of Bricks,2005,22,500
Jan-81,Box of Bricks,2005,22,300
Jan-82,Box of Bricks,2005,22,200
Feb-82,Creator 200 Piece Box of Bricks - Individual Retail Version,2005,22,200
Jan-83,Basic Bricks,2005,505,30
Jan-84,Castle Black Dragon,2005,647,8
Jan-85,Black Castle,2005,647,386
Jan-88,Ogel Mutant Ray,2002,305,68
Jan-89,Alpha Team Aquatic Mech,2002,305,166
Jan-90,Alpha Team Robot Diver,2002,305,32
Jan-91,Alpha Team Sub-Surface Scooter,2002,305,45
Jan-92,Alpha Team Navigator and ROV,2002,305,93
Jan-93,Ogel Sub Shark,2002,305,115
Jan-94,Alpha Team Command Sub,2002,305,188
Jan-95,Ogel Underwater Base and AT Sub,2002,305,480
Jan-96,Ogel Mutant Squid,2002,305,62
Jan-97,Ogel Mutant Killer Whale,2002,305,57
Jan-98,Evil Ogel Attack,2002,305,21
Jan-99,Ogel Drone Octopus,2002,305,18
Jan-00,Jet Sub,2002,305,23
480-1,Rescue Helicopter,1975,417,62
Jan-01,Defense Archer,2000,197,15
480-4,"Slopes and Slopes Double 2 x 4, Red (The Building Toy)",1966,371,14
480-5,"Slopes and Slopes Double 2 x 4, Blue (The Building Toy)",1966,371,14
Jan-05,Ninja Knights,1999,434,31
480-6,"Slopes and Slopes Double 2 x 4, Red (System)",1966,371,23
Jan-06,Axe Cart,2000,197,28
480-7,"Slopes and Sloped Double 2 x 4, Blue (System)",1966,371,23
Jan-07,Fire Attack,2000,197,24
Jan-10,Blue Creator Bucket,2001,674,256
Jan-11,Defense Archer,2000,197,15
481-3,"Slopes and Slopes Double 2 x 3 and 2 x 1, Red (The Building Toy)",1966,371,21
481-4,"Slopes and Slopes Double 2 x 3 an 2 x 1, Blue (The Building Toy)",1966,371,21
481-5,"Slopes Regular, Double, Angle, Valley and Corner, Red (System)",1966,371,34
481-6,"Slopes Regular, Double, Angle, Valley and Corner, Blue (System)",1966,371,34
Jan-16,Knight's Catapult,2000,197,50
Jan-17,Dungeon,2000,197,39
Jan-18,Dragon Rider,2000,197,15
Jan-19,Rebel Chariot,2000,197,49
Jan-20,Princess' Palace,2005,662,81
Jan-21,Princess' Horse and Carriage,2005,662,18
Jan-22,Princess' Bedroom,2004,662,13
482-3,"Slopes and Slopes Double 2 x 2, Red (The Building Toy)",1966,371,22
482-4,"Slopes and Slopes Double 2 x 2, Blue (The Building Toy)",1966,371,22
Jan-24,Medium Bucket,2000,505,49
Jan-25,Princess and Horse,2007,662,8
Jan-26,Princess and Pony Picnic,2007,662,19
Jan-27,Medium Bucket,2001,505,45
Jan-28,Princess Royal Stables,2007,662,49
Jan-30,Bucket,2001,505,51
483-1,Alpha-1 Rocket Base,1979,130,187
Jan-33,Bucket,2000,505,51
483-4,"Angle, Valley and Corner Slopes, Red (The Building Toy)",1966,371,20
483-5,"Angle, Valley and Corner Slopes, Blue (The Building Toy)",1966,371,20
Jan-36,Medium Bucket,2001,505,51
Jan-37,Mini Trains,2008,672,73
Jan-38,Mini Vehicles,2008,672,79
Jan-39,Bucket,2000,505,69
Jan-40,The Burrow,2010,246,573
Jan-41,Hogwarts Express,2010,246,647
Jan-42,Hogwarts Castle,2010,246,1291
Jan-50,Spider-Man's First Chase,2003,706,191
485-1,Fire Truck,1976,417,72
Jan-51,The Origins,2003,706,220
485-2,Lighting Brick (System),1966,371,4
Jan-52,The Final Showdown,2003,706,360
Jan-53,Spider-Man's Street Chase,2004,706,82
Jan-54,Doc Ock's Bank Robbery,2004,706,181
Jan-55,Spider-Man's Train Rescue,2004,706,298
Jan-56,Doc Ock's Hideout,2004,706,486
Jan-57,Doc Ock's Fusion Lab,2004,706,238
Jan-58,Doc Ock's Crime Spree,2004,287,57
Jan-60,Doc Ock's Cafe Attack,2004,287,132
Jan-61,Police Boat,2007,650,27
Jan-62,Ambush,2008,647,15
Jan-63,Sentry and Catapult,2008,647,41
Jan-64,Castle,2008,647,115
Jan-65,The Forbidden Forest,2011,246,64
Jan-66,The Knight Bus,2011,246,281
Jan-67,Hogwarts,2011,246,466
Jan-68,Rahaga Gaaki,2005,324,28
Jan-69,Rahaga Pouks,2005,324,28
Jan-70,Rahaga Kualus,2005,324,28
487-1,Space Cruiser,1979,130,172
487-2,1 x 1 Bricks with Numbers (System),1966,371,44
Jan-74,Best Friend Notes,2005,500,11
Jan-75,Groovy Friends Gems,2005,500,13
Jan-76,Fun Friends Hair Bands,2005,500,22
Jan-77,Rahaga Norik,2005,324,28
Jan-78,Rahaga Bomonga,2005,324,28
Jan-79,Rahaga Iruini,2005,324,28
488-1,1 x 1 Bricks with Letters (System),1966,371,44
Jan-81,Robo Platoon,2005,204,219
Jan-82,Speed Wings,2004,204,162
Feb-82,Speed Wings - ANA version,2004,204,163
Jan-83,Gear Grinders,2005,204,279
Jan-84,Wild Hunters,2005,204,630
Jan-86,Building Bonanza,2004,204,667
Jan-88,Ocean Odyssey,2005,204,623
489-1,Traffic Signs,1966,371,14
Jan-91,Highway Haulers,2006,22,210
Jan-92,Prehistoric Power,2006,22,380
Jan-93,Revvin' Riders,2006,22,361
Jan-94,Mythical Creatures,2006,22,588
Jan-95,Motion Power,2006,672,613
Jan-96,Roaring Roadsters,2006,672,931
Jan-97,Police Trike,2008,61,24
Jan-98,Coast Guard Boat,2008,55,35
Jan-99,Farmer & Tractor,2009,57,28
Jan-00,Fire Helicopter,2008,58,34
490-1,Mobile Crane,1975,416,46
490-2,Trees and Bushes,1966,371,9
Jan-03,Lion,2005,204,42
Jan-04,Elephant,2005,204,34
Jan-05,Giraffe,2005,204,39
Jan-06,Helicopter,2005,204,16
Jan-08,Brick Box,2004,505,100
Jan-10,Hover Scout,1999,442,40
491-1,Formula 1 Racer,1977,423,67
Jan-11,Designer Set,2005,22,37
491-2,"Shell Station Brick and Sign, 6 Named Beams",1966,371,20
Jan-12,Police Jet Ski,2005,61,22
Jan-14,Fire Chief's Car,2005,58,31
Jan-15,Mini Construction,2007,672,68
Jan-16,Mini Animals,2007,672,77
Jan-17,Mini Robots,2007,672,77
Jan-18,Mini Flyers,2007,672,76
Jan-19,Blue Tub,2005,22,1500
Jan-20,Rapid Rider,1999,442,39
492-1,Truck & Payloader,1977,416,59
492-2,Nordic and American Flags,1966,371,8
Jan-24,Creator Advent Calendar 2004,2004,214,335
Jan-30,Rock Raiders Crew,1999,442,48
493-1,Space Command Center (Flatplate version),1979,130,193
493-2,European Flags,1966,371,8
493-3,Space Command Center (Craterplate version),1979,130,177
Jan-33,Street Sweeper,2007,63,14
Jan-34,Police Swamp Boat,2007,61,20
Jan-36,Medic and Patient,2007,60,18
Jan-37,Life Guard,2007,55,38
Jan-38,Fireman's Car,2007,58,28
Jan-39,Cool Cars,2007,672,206
Jan-40,Granite Grinder,1999,442,110
494-1,"Gates and Fence, Red (System)",1967,371,17
Jan-41,Sir Rascus,2005,198,4
494-2,"Gates and Fence, White (The Building Toy)",1967,371,17
Jan-42,Shadow Knight,2005,198,4
Jan-43,Lord Vladek,2005,198,4
Jan-44,Sir Jayko,2005,198,4
Jan-45,Sir Santis,2005,198,4
Jan-46,Sir Danju,2005,198,4
Jan-47,Yellow Sports Car,2006,112,28
Jan-48,Black and Red Racer,2006,112,22
Jan-49,Blue and Yellow Racer,2006,112,24
4950001-1,Clikits Daisy Buildable Watch,2003,501,34
4950002-1,Clikits Heart Buildable Watch,2004,501,34
4950006-1,Clikits Star Buildable Watch (Blue),2004,501,34
Jan-50,Loader - Dozer,1999,442,91
Jan-53,Fast Flyers,2007,672,305
Jan-54,Model Town House,2007,672,1174
Jan-55,Big Rig,2007,672,550
Jan-56,House,2007,672,731
Jan-57,Ferris Wheel,2007,672,1065
Jan-58,Monster Dino,2007,672,792
Jan-60,Giant Zoo,2006,650,126
Jan-61,Fun Zoo,2005,650,30
Jan-62,Baby Zoo,2006,650,18
Feb-62,Baby Zoo (re-release),2014,632,18
Mar-62,Baby Zoo (re-release),2009,650,18
Jan-63,Police Patrol,2006,650,8
Jan-64,Highway Help,2006,650,26
Jan-65,Police Action,2006,650,65
Jan-66,Doll's House,2006,652,95
Jan-67,Fire Helicopter,2006,650,14
Jan-68,Friendly Zoo,2005,650,84
Jan-69,Tractor Fun,2005,650,4
Jan-70,Chrome Crusher,1999,442,168
497-1,Galaxy Explorer,1979,130,342
Jan-71,Zoo Vehicles,2006,650,37
Jan-72,Animals,2007,650,13
Jan-73,Harvester,2007,650,14
Jan-74,Horse Stables,2007,650,36
Jan-75,Farm,2007,650,42
Jan-76,Cement Mixer,2007,650,12
Jan-77,Fire Truck,2007,650,27
Jan-78,Road Sweeper,2007,650,11
Jan-79,Ambulance,2007,650,7
Jan-80,Tunnel Transport,1999,442,351
Jan-81,The Chum Bucket,2007,272,337
Jan-82,Mrs. Puff's Boating School,2007,272,394
Jan-86,Digger,2007,650,19
Jan-87,Gravel Pit,2007,650,40
Jan-88,Construction Site,2007,650,87
Jan-90,Rock Raiders HQ,1999,442,411
49901-1,Extension Assortment for LEGO Composing Set 9550,1990,517,121
Jan-91,Police Helicopter,2007,61,31
499120-1,Portable Storage Case with Baseplate,2011,501,1
Jan-92,Fire Boat,2007,58,27
499307-1,Minifigure Storage Case (Sunglasses),2012,501,0
Jan-93,Cool Convertible,2008,672,648
499391-1,Portable Project Case,2012,501,1
Jan-94,Fierce Creatures,2008,672,193
Jan-95,Cargo Copter,2008,672,272
Jan-96,Beach House,2008,672,522
Jan-97,Transport Ferry,2008,672,1279
Jan-98,Stegosaurus,2008,672,731
Jan-99,Vestas Windmill,2008,673,822
5000021-1,Pirates of the Caribbean Classic Kit,2011,263,0
5000022-1,Hulk,2012,696,4
5000023-1,LEGO Store Special Event Minifigure Set,2012,408,12
5000027-1,Pirates of the Caribbean: On Stranger Tides Collection,2011,263,0
5000028-1,Chase McCain Key Light,2013,503,0
5000030-1,Booster Pack Kendo Jay,2012,435,31
5000062-1,Darth Maul,2012,158,7
5000063-1,TC-14,2012,158,3
5000067-1,Star Wars Sith Kit,2011,158,0
5000068-1,Harry Potter Classic Kit,2011,246,0
Jan-00,Replacement 4.5V Motor,1987,443,1
5000135-1,Kai Alarm Clock,2011,501,0
5000141-1,Jack Sparrow Watch,2011,501,31
5000142-1,Ninjago Jay with Minifigure Watch,2011,501,5
5000143-1,Boba Fett Watch,2011,501,36
5000144-1,Jack Sparrow Alarm Clock,2011,501,0
5000146-1,FC Bayern Key Chain (Dark Orange Hair),2012,503,0
5000147-1,FC Bayern Key Chain (Black Hair),2012,503,0
5000193818-1,Dr. Wu,2015,602,5
5000194-1,Hero Factory Polybag,2012,400,12
5000196304-1,The Hobbit - The Battle of the Five Armies (Blu-ray with Minifigures),2015,501,9
5000202-1,Elrond,2012,566,6
5000204-1,Forest Policeman Key Chain,2012,503,0
5000206-1,Harry Potter: Years 5-7 - PSP,2011,501,0
5000207-1,Harry Potter: Years 5-7 - PS3,2011,501,0
5000208-1,Harry Potter: Years 5-7 - Xbox 360,2011,501,0
5000209-1,Harry Potter: Years 5-7 - PC DVD-ROM,2011,501,0
5000210-1,Harry Potter: Years 5-7 - Wii,2011,501,0
5000211-1,Harry Potter: Years 5-7 - DS,2011,501,0
5000212-1,Harry Potter: Years 5-7 - 3DS,2011,501,0
5000214-1,Star Wars: Character Encyclopedia,2011,497,4
5000215-1,Harry Potter: Building the Magical World,2011,497,4
5000216-1,Hero Factory: Savage Planet (DVD),2011,501,0
5000245-1,Stephanie,2012,494,5
5000248-1,3-Drawer Storage (White - Red/Yellow/Blue),2012,501,4
5000249-1,Boba Fett Alarm Clock,2012,501,0
5000253-1,Kai ZX Minifigure Watch,2012,501,21
5000281-1,Chase McCain,2012,61,4
50003-1,Batman,2013,502,257
50004-1,Story Mixer,2013,502,425
5000437-1,Vintage Minifigure Collection Vol. 1 - 2012 Edition,2012,535,21
5000438-1,Vintage Minifigure Collection Vol. 2 - 2012 Edition,2012,535,22
5000439-1,Vintage Minifigure Collection Vol. 3 - 2012 Edition,2012,535,20
5000440-1,Vintage Minifigure Collection Vol. 4 - 2012 Edition,2012,535,25
5000441-1,Ninjago Surprise Bag,2012,501,0
50006-1,Legends Of Chima,2013,502,211
5000642-1,Star Wars Poster,2012,501,0
5000644-1,Monster Fighters Promotional Pack,2012,558,12
5000646-1,City Poster,2012,501,0
5000672-1,The LEGO Ideas Book - Unlock Your Imagination,2011,497,0
5000704-1,Duplo: Find a Pair Game,2013,501,0
5000728-1,DC Universe Super Heroes Collection,2012,699,0
5001050-1,ZipBin Millennium Falcon Messenger Bag,2012,501,0
5001089-1,Duplo Bunny / Rabbit Plush,2012,501,0
5001090-1,Batman 2: DC Super Heroes - 3DS,2012,501,0
5001091-1,Batman 2: DC Super Heroes - DS,2012,501,0
5001092-1,Batman 2: DC Super Heroes - PC DVD-ROM,2012,501,0
5001093-1,Batman 2: DC Super Heroes - PS3,2012,501,0
5001094-1,Batman 2: DC Super Heroes - PS Vita,2012,501,0
5001095-1,Batman 2: DC Super Heroes - Wii,2012,501,0
5001096-1,Batman 2: DC Super Heroes - Xbox 360,2012,501,0
5001097-1,Star Wars ZipBin Toy Box & Playmat,2012,501,0
Jan-01,Wheel Bushes for 4.5V Basic Motor,1987,443,4
50011-1,The Battle of Helm's Deep,2013,502,338
5001121-1,BR LEGO Minifigure,2013,535,5
5001125-1,Sort & Store,2012,501,0
5001126-1,Limited Edition Ruled Notebook (Black),2012,501,0
5001127-1,Limited Edition Ruled Notebook (Yellow),2012,501,0
5001128-1,Limited Edition Plain Notebook (Lime),2012,501,0
5001129-1,Limited Edition Plain Notebook (Red),2012,501,0
5001130-1,The Battle of Helm's Deep Collection,2012,566,0
5001132-1,The Lord of the Rings Collection,2012,566,0
5001133-1,Monster Fighters Collection,2012,558,0
5001134-1,Mining Collection,2012,56,0
5001135-1,Marvel Super Heroes Collection,2012,703,0
5001136-1,Buildable Galaxy Collection,2012,158,0
5001137-1,Battle Pack Collection,2012,158,0
5001140-1,Ninjago: Masters of Spinjitzu (DVD),2012,501,0
5001141-1,Ninjago: Masters of Spinjitsu Season 1,2012,501,0
5001159-1,Darth Vader Key Light,2012,503,0
5001160-1,Stormtrooper Key Light,2012,503,0
5001162-1,R2-D2 Poster,2012,501,0
5001163-1,Lord of the Rings Poster,2012,501,0
5001164-1,3-Drawer Storage (White - Lime/Purple/Dark Pink),2012,501,4
5001167-1,Mini TIE Fighter & Poster Collection,2012,158,0
5001252-1,2013 Calendar,2012,501,0
5001261-1,Sorting Trays,2012,501,0
5001270-1,Level One - Kits 2-3,2012,432,0
5001273-1,Level Two - Kits 4-6,2012,432,0
5001286-1,Mini Box 8,2012,501,0
5001307-1,Buildable Galaxy Collection II,2012,158,0
5001308-1,The Old Republic Collection,2012,158,0
5001309-1,Return of the Jedi Collection,2012,158,0
5001310-1,Yoda Key Light,2012,503,0
5001311-1,Darth Maul Key Light,2012,503,0
5001313-1,Darth Vader Flashlight,2012,501,0
5001314-1,Stormtrooper Flashlight,2012,501,0
5001351-1,Darth Maul Alarm Clock,2012,501,0
5001352-1,The Mummy Alarm Clock,2012,501,0
5001353-1,Lord Vampyre Alarm Clock,2012,501,0
5001354-1,Mummy Buildable Watch,2012,501,0
5001355-1,Kai Alarm Clock,2012,501,0
5001357-1,Kendo Cole Buildable Watch,2012,501,7
5001366-1,Lloyd Alarm Clock,2012,501,0
5001368-1,Olivia Buildable Watch,2012,501,0
5001369-1,Stephanie Buildable Watch,2012,501,22
5001375-1,Lord Vampyre Buildable Watch,2012,501,20
5001377-1,Lunch Box,2012,501,0
5001380-1,Mini Box 4,2012,501,0
5001383-1,Storage Brick 2 x 2 (All Colors),2012,501,0
5001386-1,Storage Brick 2 x 4 (All Colors),2012,501,0
5001512-1,Darth Vader LED Desk Lamp,2013,501,0
5001621-1,Han Solo (Hoth),2013,158,5
5001622-1,LEGO Store Employee,2013,408,5
5001623-1,Jor-El,2013,701,5
5001632-1,The Lord of the Rings - Wii,2012,501,0
5001633-1,The Lord of the Rings - PS3,2012,501,0
5001634-1,The Lord of the Rings - PS Vita,2012,501,0
5001635-1,The Lord of the Rings - Xbox 360,2012,501,0
5001636-1,The Lord of the Rings - DS,2012,501,0
5001641-1,The Lord of the Rings - PC DVD-ROM,2012,501,0
5001643-1,The Lord of the Rings - 3DS,2012,501,0
5001709-1,Clone Trooper Lieutenant,2013,158,5
5001909-1,Ninjago: Rise of the Green Ninja - DVD,2012,501,0
5001925-1,Horizon Express Kit,2013,673,0
5002032-1,Star Wars 2014 Pocket Calendar,2013,501,0
5002041-1,The LEGO Movie Accessory Pack,2014,578,50
5002044-1,The LEGO Movie Emmet & Wyldstyle Lenticular Sticker,2014,501,1
5002045-1,Pyjamas Emmet,2014,578,4
Jan-02,Rubber Chain Tracks,1987,443,2
5002111-1,Friends Activity Book,2014,497,0
5002112-1,Bracelets,2014,494,18
5002113-1,Beach Hammock,2014,494,26
5002115-1,Playmat Set,2014,571,0
5002116-1,Polybag,2014,571,13
5002118-1,City Playmat,2014,501,0
5002119-1,City Notebook,2014,501,0
5002120-1,Duplo Farm Placemat,2014,501,0
5002121-1,Puppy and Kennel,2014,504,1
5002122-1,TC-4,2014,158,3
5002123-1,Darth Revan,2014,158,7
5002125-1,Electro,2015,706,5
5002126-1,Martian Manhunter,2014,695,4
5002127-1,Flashback Shredder,2014,570,6
5002130-1,Good Morning Bilbo Baggins,2014,562,4
5002131-1,Friends Notebook and Pencils Set,2014,501,0
5002132-1,Friends Stickers and Scene Set,2014,501,0
5002134-1,Phoenix Temple Accessory Pack,2014,571,0
5002136-1,Arctic Accessory Set,2014,65,25
5002139-1,Star Wars Choose Your Side Key Chain,2014,503,0
5002144-1,Dareth vs. Nindroid,2014,435,10
5002145-1,Rocket Raccoon,2014,704,13
5002146-1,Minifigure Collection 2013 Vol. 1,2013,535,20
5002147-1,Minifigure Collection 2013 Vol. 2,2013,535,21
5002148-1,Minifigure Collection 2013 Vol. 3,2013,535,22
5002194-1,City Undercover - Wii U,2013,501,0
5002195-1,Ninjago: Masters of Spinjitzu Season Two (DVD),2013,501,0
5002197-1,Minifigure Collector's Box,2013,501,0
5002198-1,Star Wars: The Empire Strikes Out - DVD,2013,501,5
5002201-1,Friends Brick Light,2013,501,0
5002202-1,Batman The Movie - DC Super Heroes Unite (DVD),2013,501,4
5002203-1,Radio DJ Robot,2014,578,4
5002204-1,Western Emmet,2014,578,6
5002207-1,Classic Minifigure Link Watch,2013,501,0
5002208-1,Crawley Buildable Watch with Toy,2013,501,31
5002209-1,Lennox Buildable Watch with Toy,2013,501,32
5002210-1,C-3PO and R2-D2 Buildable Watch with Toy,2013,501,31
5002211-1,Darth Vader vs Obi-Wan Buildable Watch with Toy,2013,501,38
5002212-1,Chewbacca Buildable Watch with Toy,2013,501,30
5002417-1,Cragger Alarm Clock,2013,501,0
5002420-1,City Undercover: The Chase Begins - 3DS,2013,501,0
5002421-1,Laval Alarm Clock,2013,501,0
5002422-1,The Joker Alarm Clock,2013,501,0
5002423-1,Batman Alarm Clock,2013,501,0
5002424-1,Superman Alarm Clock,2013,501,0
5002467-1,Friends 2x4 Brick Key Light (Pink),2013,503,0
5002468-1,Santa Key Light,2013,503,0
5002470-1,LED Brick Light,2013,501,0
5002471-1,2x4 Brick Key Light (Red),2013,503,0
5002506-1,Minifigures: Character Encyclopedia,2013,497,6
5002512-1,Gold Leader's Y-Wing Starfighter and Watch Bundle,2013,158,0
5002513-1,Hoth Echo Base and Watch Bundle,2013,158,0
5002514-1,Palpatine's Arrest and Watch Bundle,2013,158,0
5002517-1,Lord of the Rings Tower of Orthanc Poster,2013,501,0
5002518-1,Builder Case (Pink / Blue),2013,501,0
5002520-1,Builder Case (Black / Blue),2013,501,0
5002664-1,Legends of Chima: Laval's Journey - 3DS,2013,501,0
5002665-1,Legends of Chima: Laval's Journey - DS,2013,501,0
5002666-1,Legends of Chima: Laval's Journey - PS Vita,2013,501,0
5002670-1,The Calendar 2014,2013,501,0
5002671-1,Friends ZipBin: Heartlake Place,2013,501,0
5002672-1,Friends ZipBin Wristlet,2013,501,0
5002673-1,Legends of Chima: The Power of the CHI (DVD),2013,501,0
5002674-1,2014 Weekly Notebook Diary / Planner (Black),2013,501,0
5002675-1,2014 Daily Diary / Planner (Lime),2013,501,0
5002676-1,2014 Weekly Notebook Diary / Planner (Red),2013,501,0
5002677-1,2014 Daily Diary / Planner (Yellow),2013,501,0
5002678-1,Builder Case (Yellow / Blue),2013,501,0
5002679-1,Legends of Chima Backpack,2013,501,0
5002773-1,Legends of Chima: Brickmaster: The Quest for CHI,2013,497,187
5002774-1,Batman 2: DC Super Heroes - Wii U,2013,501,0
5002779-1,iPod Touch Case (Yellow),2013,501,0
5002780-1,LEGO Play Book: Ideas to Bring Your Bricks to Life,2013,497,0
5002785-1,Friends: Sticker-Party!,2013,497,0
5002790-1,Marvel Super Heroes: Universe in Peril - 3DS,2013,501,0
5002792-1,Marvel Super Heroes - PC DVD-ROM,2013,501,0
5002793-1,Marvel Super Heroes: Universe in Peril - PS Vita,2013,501,0
5002794-1,Marvel Super Heroes - PS3,2013,501,0
5002796-1,Marvel Super Heroes - Wii U,2013,501,0
5002797-1,Marvel Super Heroes - Xbox 360,2014,501,0
5002804-1,2x4 Brick Key Light (Green),2013,503,0
5002805-1,2x4 Brick Key Light (Blue),2013,503,0
5002812-1,Classic Spaceman Minifigure,2014,126,18
5002813-1,Train Ornament,2014,228,26
5002887-1,The LEGO Book,2009,497,0
5002887-2,"The LEGO Book, Expanded and Fully Revised",2012,497,0
5002887-3,The LEGO Book - New Edition,2018,497,1
5002888-1,LEGO Minifigure Year by Year: A Visual History (Stormtrooper Version),2013,497,12
5002888-2,LEGO Minifigure Year by Year: A Visual History (No Minifigs Version),2016,497,0
5002888-3,LEGO Minifigure Year by Year: A Visual History (Lennox Version),2013,497,12
5002889-1,DC Universe Super Heroes: Batman Visual Dictionary,2012,497,4
5002890-1,Friends: Brickmaster: Treasure Hunt in Heartlake City,2012,497,103
5002891-1,The LEGO Movie Poster Sticker,2013,501,0
5002900-1,iPod Touch Case (Red),2013,501,0
5002901-1,iPod Touch Case (Lime),2013,501,0
5002912-1,R2-D2 Key Light,2014,503,0
5002913-1,Superman Key Light,2014,503,0
5002914-1,Emmet Key Light,2014,503,0
5002915-1,Batman Key Light,2014,503,0
5002916-1,Unikitty Key Light,2014,503,0
5002917-1,Yoda Desk Lamp,2014,501,0
5002918-1,Ninjago Lenticular Sticker,2015,501,0
5002919-1,Scenery and Dagger Trap,2015,435,25
5002920-1,Accessory Pack,2015,435,27
5002921-1,Ninjago Stickers,2015,501,0
5002922-1,Ninjago Role Play,2015,501,0
5002927-1,Friends Character Cards,2015,501,0
5002928-1,Party Polybag,2015,494,11
5002929-1,Friends Interior Design Kit,2015,494,27
5002930-1,Hair Accessories,2015,494,6
5002931-1,Disco Dance Floor,2015,494,26
5002932-1,Duplo Puzzle,2015,501,0
5002933-1,Duplo Bunny / Rabbit Plush,2015,501,0
5002934-1,Duplo Storage Bag,2015,501,0
5002936-1,City Playmat,2015,501,0
5002937-1,City Space Stationery Set,2011,501,0
5002938-1,Stormtrooper Sergeant,2015,158,6
5002939-1,The Phantom,2015,158,23
5002940-1,Star Wars Wall Stickers,2015,501,0
5002941-1,Bionicle Hero Pack,2015,324,9
5002942-1,Bionicle Villain Pack,2015,324,10
5002943-1,Winter Soldier,2015,702,4
5002946-1,Silver Centurion,2016,702,12
5002947-1,Admiral Yularen,2015,158,4
5002948-1,C-3PO,2015,158,3
5003022-1,Bad Cop Alarm Clock,2014,501,0
5003023-1,Bad Cop Minifigure Link Watch,2014,501,0
5003024-1,Lucy Wyldstyle Buildable Watch,2014,501,0
5003026-1,Wyldstyle Alarm Clock,2014,501,0
5003027-1,Emmet Alarm Clock,2014,501,0
5003079-1,Friends - 3DS,2013,501,0
5003082-1,Pirates Adventure,2015,154,28
5003083-1,Christmas Tree Ornament,2015,227,32
5003084-1,The Hulk,2015,702,27
5003085-1,Minifigure Pack,2015,435,17
5003096-1,Fire Collection,2014,58,0
5003097-1,Collection,2014,494,0
Jan-03,"Light Bricks, 4.5V",1987,443,2
5003101-1,Conveyor Belt Links Pack,2014,525,50
5003102-1,Yellow Bands,2014,525,20
5003104-1,Medium Pulley Wheels,2014,525,50
5003105-1,Lift Arms,2014,525,50
5003106-1,Lever Arms,2014,525,50
5003107-1,Large Tires with Hubs,2014,525,4
5003108-1,Pneumatic T-Pieces,2014,525,25
5003109-1,Red Bands,2014,525,20
5003110-1,Linear Actuator,2014,525,2
5003111-1,Air Storage Tanks,2014,525,2
5003112-1,5.5M Cross Axles,2014,525,50
5003113-1,9M Cross Axles,2014,525,50
5003114-1,Specialty Connector Pegs,2014,525,50
5003115-1,3M Connector Pegs w/ Friction Ridge (Blue),2014,525,100
5003116-1,Levers and Half Beams,2014,525,25
5003117-1,Technic Specialty Beams,2014,525,25
5003118-1,Connector Pegs with Friction Ridge and Cross Axle,2014,525,100
5003119-1,1/2 Bushings,2014,525,100
5003120-1,Bushings,2014,525,100
5003121-1,Connector Pegs,2014,525,100
5003122-1,Connector Pegs with Friction Ridge (Black),2014,525,100
5003123-1,Connector Pegs with Cross Axle,2014,525,100
5003124-1,Connector Pegs with Knobs,2014,525,100
5003125-1,1-1/2M Connector Pegs,2014,525,100
5003126-1,2M Cross Axles with Grooves,2014,525,100
5003127-1,3M Cross Axles,2014,525,100
5003128-1,Cross Axles with Knobs,2014,525,100
5003129-1,4M Cross Axles,2014,525,50
5003130-1,5M Cross Axles,2014,525,50
5003131-1,6M Cross Axles,2014,525,50
5003132-1,8M Cross Axles,2014,525,50
5003133-1,10M Cross Axles,2014,525,50
5003134-1,12M Cross Axles,2014,525,50
5003135-1,Axle Extenders,2014,525,50
5003136-1,Catches,2014,525,50
5003137-1,8 Tooth Spur Gears,2014,525,100
5003138-1,16 Tooth Gears,2014,525,50
5003139-1,20 Tooth Double Conical Wheels,2014,525,25
5003141-1,24 Tooth Gears,2014,525,50
5003143-1,40 Tooth Gears,2014,525,25
5003144-1,Cross Blocks,2014,525,50
5003145-1,Catches with Cross Holes,2014,525,50
5003147-1,1x2 Technic Bricks,2014,525,50
5003148-1,Gear Casings,2014,525,10
5003149-1,Bobbins,2014,525,25
5003150-1,Chain Links,2014,525,100
5003152-1,O Rings and Pulley Wheels,2014,525,50
5003153-1,Assorted Tire Pack,2014,525,8
5003154-1,12 Tooth Black Double Conical Wheels,2014,525,25
5003155-1,7M Cross Axles,2014,525,50
5003156-1,Turntables,2014,525,2
5003157-1,Small Wide Tires and Hubs,2014,525,16
5003158-1,Technic Triangles,2014,525,25
5003159-1,Cam Wheels,2014,525,25
5003160-1,2 Stud Axles with Grooves (Red),2014,525,100
5003161-1,2M Friction Snaps with Cross Hole (Red),2014,525,100
5003162-1,Track and Sprockets,2014,525,110
5003163-1,Technic Studless Beams,2014,525,35
5003164-1,Technic Angle Beams,2014,525,30
5003165-1,Technic Beams with Snaps,2014,525,30
5003166-1,Technic Crossblocks,2014,525,30
5003167-1,Tracks,2014,525,120
5003168-1,Sprockets,2014,525,22
5003170-1,1x2 Angled Roof Tiles,2014,525,100
5003171-1,Misc Yellow Brick Pack,2014,524,30
5003172-1,Specialty Yellow Brick Pack,2014,524,40
5003173-1,White Plates,2014,525,35
5003174-1,Misc Red Brick Pack,2014,524,40
5003175-1,Specialty Red Bricks Pack,2014,525,30
5003176-1,Technic 1x16 Red Bricks,2014,525,10
5003177-1,Technic Misc Red Bricks,2014,525,20
5003178-1,WeDo Miscellaneous Pack,2012,521,40
5003179-1,Simple Machines Yellow Assortment Pack,2012,525,35
5003180-1,WeDo Minifigure Pack,2012,521,24
5003181-1,4M Axles with Stop,2014,525,100
5003182-1,Simple and Motorized Mechanisms Blue Beams Pack,2014,525,20
5003183-1,Simple and Motorized Mechanisms 1x16 Blue Beams Pack,2014,525,10
5003184-1,Simple and Motorized Mechanisms 1x12 Blue Beams Pack,2014,525,10
5003185-1,Simple and Motorized Mechanisms White Elements Pack,2014,525,25
5003186-1,Simple and Motorized Mechanisms Blue Plates Pack,2014,525,25
5003187-1,Simple and Motorized Mechanisms White Beams Pack,2014,525,25
5003188-1,Simple and Motorized Mechanisms Blue Angle Beams Pack,2014,525,15
5003189-1,3M Connector Pegs,2014,525,100
5003190-1,Simple and Motorized Mechanisms Misc Gear Assortment Pack,2014,525,25
5003191-1,Simple and Motorized Mechanisms Tires and Hubs,2014,525,25
5003192-1,Simple and Motorized Mechanisms Misc Connectors,2014,525,45
5003193-1,Simple and Motorized Mechanisms 2M Cross Axles,2014,525,100
5003194-1,Simple and Motorized Mechanisms White Band Pack,2014,525,20
5003195-1,Simple and Motorized Mechanisms Misc String,2014,525,1
5003197-1,Technic Connectors,2014,525,146
5003198-1,Technic Plates and Bricks,2014,525,52
5003199-1,Technic Beams,2014,525,37
5003200-1,Technic Connectors,2014,525,268
5003201-1,Technic Gears,2014,525,43
5003202-1,"Wheels, Tires, and Axles",2014,525,84
5003203-1,Half Bushings (Yellow),2013,525,100
5003205-1,Shock Absorbers,2013,525,10
5003206-1,Bricks with Cross Hole,2013,525,50
5003207-1,1x4 Gray Technic Bricks,2013,525,30
5003208-1,1x6 Gray Technic Bricks,2013,525,30
5003209-1,1x8 Gray Technic Bricks,2013,525,20
5003210-1,1x10 Gray Technic Bricks,2013,525,20
5003211-1,1x12 Gray Technic Bricks,2013,525,10
5003212-1,1x16 Gray Technic Bricks,2013,525,10
5003213-1,Universal Joints,2013,525,10
5003215-1,3 x 3 Plates (Red),2013,524,25
5003216-1,Technic Tank Treads,2013,525,6
5003217-1,Balloon Tires,2013,525,8
5003218-1,Technic Angular Wheels,2013,525,25
5003219-1,NXT Misc Parts Pack,2013,519,40
5003220-1,Gray Plates,2013,525,50
5003221-1,Lamp Covers,2013,443,30
5003222-1,Technic Beam Frames,2013,525,10
5003223-1,Large Truck Tires and Rims,2013,524,4
5003224-1,Medium Truck Tires and Rims,2013,524,8
5003225-1,StoryStarter Scenes Replacement Pack,2014,524,18
5003226-1,StoryStarter Character Replacement Pack,2014,524,185
5003227-1,StoryStarter Props Replacement Pack,2014,524,160
5003228-1,StoryStarter Details Replacement Pack,2014,524,256
5003229-1,StoryStarter Settings Replacement Pack,2014,524,515
5003230-1,StoryStarter Spinner Cards and Stickers Replacement Pack,2013,524,0
5003231-1,White and Yellow Bricks,2014,524,93
5003232-1,Bricks,2014,524,209
5003233-1,Technic Pin Connector Hub with 2 Pins,2014,525,50
5003234-1,Rubber Technic Axle Connectors,2014,525,50
5003236-1,EV3 3M Technic Colors,2014,525,50
5003237-1,EV3 Left & Right Panels,2014,525,16
5003238-1,EV3 Technic Angle Beams,2014,525,40
5003239-1,EV3 20 Tooth Double Conical Wheels,2014,525,25
5003240-1,EV3 Small Turntables,2014,525,10
5003241-1,EV3 Robot Educator Special Elements,2014,525,40
5003242-1,EV3 Technic Special Elements,2014,525,30
5003243-1,EV3 Technic Axles Connectors,2014,525,25
5003244-1,EV3 Tire Parts Pack,2014,525,8
5003245-1,EV3 Technic Ball Pivots,2014,525,4
5003246-1,Rubber Track Elements,2015,524,30
5003403-1,NXT Homeschool Pack,2011,519,1
5003406-1,Early Simple Machines III Homeschool Pack,2014,516,1
5003407-1,Homeschool NXT with Resource Set,2014,519,1
5003408-1,Homeschool Pneumatics Extension Pack,2008,532,1
5003417-1,WeDo Homeschool Pack,2014,521,1
5003420-1,WeDo Amazing Mechanisms Extension Activity Pack,2010,521,0
5003421-1,WeDo Play Soccer Extension Activity Pack,2010,521,0
5003422-1,WeDo Software v1.2 and Activity Pack Site License,2009,521,2
5003423-1,Jr.FLL Plus Kit,2009,521,0
5003424-1,Homeschool Renewable Energy Extension Pack,2014,532,1
5003426-1,WeDo Wild Animals Extension Activity Pack,2010,521,0
5003427-1,WeDo Adventure Stories Extension Activity Pack,2010,521,0
5003428-1,WeDo Extension Activities Bundle Pack,2010,521,0
5003430-1,Fairytale Homeschool Pack,2014,507,0
5003431-1,Green City Challenge Starter Pack with NXT & Resource Set,2014,519,2
5003432-1,Green City Challenge Set and Activity Combo Pack,2014,519,1
5003435-1,Jr.FLL Robotics Kit with WeDo Resource Set,2011,521,0
5003436-1,BuildToExpress 8 Pack & BuildToExpress Special Activities & Jr.FLL Guide,2015,507,0
5003439-1,NXT Expansion Center Pack,2014,519,1
5003440-1,WeDo Extension Activities Pack Bundle,2010,521,0
5003441-1,WeDo Extension Activities Pack Bundle II,2010,521,0
5003450-1,StoryStarter Homeschool Pack,2014,507,0
5003452-1,StoryStarter Package - 30 Students,2016,507,0
5003463-1,FIRST LEGO League EV3 Robot Set,2014,518,1
5003465-1,Early Simple Machines III Set with Teacher's Guide,2014,516,1
5003466-1,Simple Machines with Teacher's Guide,2014,529,1
5003467-1,Create and Play Center Pack,2014,516,0
5003468-1,Playtable Creative Center Bundle,2011,507,0
5003470-1,Exploring Transportation Center Pack,2014,533,0
5003471-1,Community Builder Center Pack,2014,507,0
5003472-1,Playful Learning Center Pack,2015,516,0
5003473-1,Creative Builder Center Pack,2013,516,0
5003474-1,Creative Builder Homeschool Pack,2014,516,0
5003475-1,WeDo Homeschool Expansion Pack,2014,521,2
5003476-1,Homeschool Simple and Motorized Mechanisms Renewable Energy Bundle,2014,529,2
5003477-1,Homeschool Simple and Motorized Mechanisms Pneumatics Bundle,2016,529,2
5003479-1,EV3 Homeschool with Design Engineering Projects Pack,2016,518,2
5003480-1,EV3 Homeschool Combo Pack,2013,518,0
5003481-1,BuildToExpress Homeschool Pack,2014,507,1
5003482-1,WeDo Homeschool STEM Pack,2014,521,1
5003483-1,Duplo Playtable Creative Play Center,2015,516,0
5003484-1,Explore Animals Center Pack,2014,516,0
5003486-1,Early Simple Machines III Pack,2014,516,1
5003487-1,Build! Explore! Learn! Preschool Activity Pack,2016,507,0
5003488-1,EV3 Space Challenge and Activity Pack,2014,518,1
5003489-1,Build Explore Play Pack,2014,516,0
5003544-1,The LEGO Movie Video Game - 3DS,2014,501,0
5003545-1,The LEGO Movie Video Game - PS4,2014,501,0
5003547-1,The LEGO Movie Video Game - Wii U,2014,501,0
5003548-1,The LEGO Movie Video Game: Limited Edition - PS4,2014,501,0
5003555-1,The LEGO Movie Video Game - PS Vita,2014,501,0
5003556-1,The LEGO Movie Video Game - Xbox 360,2014,501,0
5003557-1,The LEGO Movie Video Game - PS3,2014,501,0
5003559-1,The LEGO Movie Video Game - Xbox One,2014,501,0
5003561-1,Legends of Chima Lunch Set,2014,501,0
5003562-1,Legends of Chima Sorting System,2014,501,0
5003563-1,Friends Lunch Set,2014,501,0
5003564-1,Friends Sorting System,2014,501,0
5003568-1,Storage Brick 1 x 2 (All Colors),2014,501,0
5003573-1,The Hobbit Poster,2013,501,0
5003578-1,Legends of Chima The Lion the Crocodile and the Power of CHI!,2014,501,0
5003579-1,Batman Head Lamp,2014,501,0
5003580-1,Catwoman Key Light,2014,503,0
5003582-1,Superman Head Lamp,2014,501,0
5003583-1,Darth Vader Head Lamp,2014,501,0
5003584-1,Bad Cop Key Light,2014,503,0
5003586-1,President Business Key Light,2014,503,0
5003799-1,Mixels Collection 1,2014,580,0
5003801-1,Infernites,2014,580,0
5003802-1,Cragsters,2014,580,0
5003803-1,Electroids,2014,580,0
5003804-1,The LEGO Movie: Elizabeth Banks is Wyldstyle,2014,501,0
5003805-1,The LEGO Movie: Will Arnett is Batman Poster,2014,501,0
5003806-1,The LEGO Movie: Chris Pratt is Emmet Poster,2014,501,0
5003807-1,The LEGO Movie: Will Ferrell is Lord Business,2014,501,0
5003808-1,Mixels Collection 2,2014,580,0
5003809-1,Frosticons,2014,580,0
5003810-1,Fang Gang,2014,580,0
5003811-1,Flexers,2014,580,0
5003812-1,Mixels Collection 3,2014,580,0
5003814-1,Glorp Corp,2014,580,0
5003815-1,Spikels,2014,580,0
5003818-1,Wiztastics,2014,580,0
5003826-1,Jr.FLL Robotics Kit,2015,521,0
5003828-1,Marvel Super Heroes Collection,2014,696,0
5003832-1,Invasion From Below Collection 1,2014,400,0
5003833-1,Friends Collection,2014,494,0
5003835-1,Microfighters Collection,2014,158,0
5003836-1,3-in-1 Collection,2014,672,0
5003838-1,Legend Beasts Collection,2014,571,0
5003839-1,Speedorz Collection,2014,572,0
5003840-1,Invasion From Below Collection 2,2014,400,0
5003841-1,DK Readers: Friends: Freundinnen f眉r immer,2014,497,0
5004049-1,The LEGO Movie Video Game - PC DVD-Rom,2014,501,0
5004059-1,Energy Parts Pack,2014,532,46
5004060-1,Flip-Top Playtable,2016,501,0
5004061-1,Eductation Playtable,2003,501,0
5004064-1,Batman Buildable Watch,2014,501,0
5004065-1,Superman Minifigure Link Watch,2014,501,0
5004066-1,The LEGO Movie The Original Motion Picture Soundtrack,2014,501,0
5004067-1,The LEGO Movie Lunch Set,2014,501,0
5004076-1,Minifigure Gift Set (Target Exclusive),2014,535,30
5004077-1,2015 Target Minifigure Gift Set,2015,535,25
5004081-1,Plastic Man,2014,700,4
5004092-1,Pneumatics,2014,525,24
Jan-04,Keys for Windup Motor,1987,443,2
5004102-1,The LEGO Movie: The Essential Guide,2014,497,0
5004103-1,Star Wars: Brickmaster: Battle for the Stolen Crystals,2013,497,191
5004115-1,Watch System - Brick Black,2014,501,0
5004116-1,Stephanie Buildable Watch with Toy,2014,501,4
5004117-1,Multi-stud Red Adult Tachymeter Watch,2014,501,0
5004118-1,Kai Alarm Clock,2014,501,0
5004119-1,Brick White Adult Watch,2014,501,0
5004120-1,Star Wars: The Yoda Chronicles (DVD),2014,501,4
5004122-1,Jr.FLL Base Kit,2013,398,0
5004127-1,Kai Buildable Watch,2014,501,0
5004128-1,Happiness Yellow Adult Watch,2014,501,0
5004129-1,Zane Alarm Clock,2014,501,0
5004130-1,Olivia Buildable Watch with Toy,2014,501,4
5004131-1,Zane Buildable Watch,2014,501,0
5004187-1,The Flash Key Light,2014,503,0
5004189-1,Arctic Collection,2014,65,0
5004190-1,Creator 3-in-1 Vehicles Collection,2014,672,0
5004191-1,Guardians of the Galaxy / X-Men Collection,2014,704,0
5004192-1,Minecraft Micro World Collection,2014,577,0
5004193-1,Technic Racer Collection,2014,1,0
5004195-1,"Star Wars: The Visual Dictionary, Updated and Expanded",2014,497,4
5004196-1,Star Wars: Ultimate Sticker Collection: Choose Your Side!,2014,497,0
5004197-1,Friends: Character Encyclopedia,2014,497,6
5004202-1,The Hobbit - 3DS,2014,501,0
5004204-1,The Hobbit - PS3,2014,501,0
5004205-1,The Hobbit - PS4,2014,501,0
5004206-1,The Hobbit - PS Vita,2014,501,0
5004207-1,The Hobbit - Wii U,2014,501,0
5004208-1,The Hobbit - Xbox 360,2014,501,0
5004209-1,The Hobbit - Xbox One,2014,501,0
5004213-1,The Hobbit - PC DVD-ROM,2014,501,0
5004226-1,Ninjago: Nindroids - 3DS,2014,501,0
5004227-1,Ninjago: Nindroids - PS Vita,2014,501,0
5004229-1,Great Vehicles Collection,2014,158,0
5004230-1,Star Wars Poster,2014,501,0
5004231-1,Star Wars Yoda Chronicles: The Battle Continues Poster,2014,501,0
5004236-1,The LEGO Movie: Special Edition (DVD),2014,501,0
5004237-1,The LEGO Movie (Blu-Ray + DVD + Digital),2014,501,0
5004238-1,The LEGO Movie: Everything Is Awesome Edition (Blu-Ray + DVD + Digital),2014,501,6
5004239-1,Teenage Mutant Ninja Turtles Collection,2014,570,0
5004240-1,Fire Speedorz Collection,2014,572,0
5004241-1,Jake and the Never Land Pirates Collection,2014,638,0
5004242-1,Ultimate Jungle Collection,2014,494,0
5004243-1,Classic Collection,2014,158,0
5004245-1,DC Comics Super Heroes Collection,2014,653,0
5004248-1,Andrea Key Light,2014,503,0
5004249-1,Emma Key Light,2014,503,0
5004250-1,Mia Key Light,2014,503,0
5004251-1,Olivia Key Light,2014,503,0
5004252-1,Stephanie Key Light,2014,503,0
5004259-1,Holiday Ornament Collection,2014,228,0
5004260-1,Friends Animal Collection,2014,494,0
5004261-1,The Hobbit Ultimate Kit,2014,562,0
5004262-1,1x2 Brick Key Light (Blue),2014,503,0
5004263-1,1x2 Brick Key Light (Green),2014,503,0
5004264-1,1x2 Brick Key Light (Red),2014,503,0
5004268-1,Storage Brick 1 x 1 (All Colors),2014,501,0
5004281-1,Angry Kitty Key Light,2014,503,0
5004282-1,Astro Kitty Key Light,2014,503,0
5004283-1,Bizniz Kitty Key Light,2014,503,0
5004284-1,Queasy Kitty Key Light,2014,503,0
5004293-1,Friends: Adventure Pack,2014,497,0
5004304-1,DC Super Heroes: All Mixed Up In Gotham City T-Shirt,2015,501,0
5004324-1,The LEGO Movie: Benny T-Shirt,2015,501,0
5004327-1,The LEGO Movie Everything is Awesome T-Shirt,2015,501,0
5004335-1,The LEGO Movie (DVD),2014,501,0
5004338-1,Friends: Friends Are Forever (DVD),2015,501,0
5004339-1,Batman 3: Beyond Gotham - 3DS,2014,501,0
5004340-1,Batman 3: Beyond Gotham - PS Vita,2014,501,0
5004341-1,Batman 3: Beyond Gotham - PS3,2014,501,0
5004346-1,Star Wars 2015 Pocket Calendar,2014,501,0
5004348-1,Batman 3: Beyond Gotham - PS4,2014,501,0
5004349-1,Batman 3: Beyond Gotham - Wii U,2014,501,0
5004350-1,Batman 3: Beyond Gotham - Xbox 360,2014,501,0
5004351-1,Batman 3: Beyond Gotham - Xbox One,2014,501,0
5004363-1,Brick USB Flash Drive,2015,501,2
5004388-1,Nexo Knights Intro Pack,2016,605,8
5004389-1,Battle Station,2016,605,20
5004390-1,King's Guard,2016,605,5
5004391-1,Sky Pirates Battle,2016,435,32
5004393-1,Stone Armor Cole,2016,435,7
5004394-1,Ninjago Movie Maker,2017,616,49
5004395-1,Jewelry and Sticker Pack,2016,494,15
5004397-1,Friends Lanyard and Stickers,2014,501,5
5004398-1,Friends Playmat,2016,494,26
5004401-1,Wildlife Puzzle,2016,504,3
5004402-1,Duplo Wall Stickers,2014,501,0
5004403-1,City Playmat,2016,501,0
5004404-1,Police Chase,2016,52,40
5004406-1,First Order General,2016,158,4
5004408-1,Rebel A-wing Pilot,2016,158,5
5004409-1,Bionicle 2016 Accessory Pack,2016,324,5
5004419-1,Classic Knights Minifigure,2016,199,45
5004420-1,Toy Soldier,2016,227,34
5004421-1,Musicians Minifigure Collection,2016,535,17
5004422-1,Warriors Minifigure Collection,2016,535,17
5004430-1,MoreToMath 1-2 Combo Pack,2015,507,0
5004435-1,MoreToMath 1-2 Package - 30 Students,2015,507,0
5004437-1,2016 Wall Calendar,2015,501,0
5004452-1,StoryStarter Space Expansion Pack - 30 Students,2016,507,0
5004458-1,Tribe Packs,2015,571,0
5004459-1,Protector of Fire 鈥?Power Up,2015,324,0
5004460-1,Strainor vs Flinx,2015,571,0
5004461-1,Swamp Police and Crooks,2015,52,0
5004462-1,Protector of Ice 鈥?Power Up,2015,324,0
5004463-1,Protector of Jungle 鈥?Power Up,2015,324,0
5004464-1,Vet Collection,2015,494,0
5004465-1,Protector of Stone 鈥?Power Up,2015,324,0
5004466-1,Protector of Earth 鈥?Power Up,2015,324,0
5004467-1,Protector of Water 鈥?Power Up,2015,324,0
5004468-1,Easter Minifigure,2016,229,4
5004534-1,Jungle Cole Alarm Clock,2015,501,0
5004535-1,Jungle Kai Alarm Clock,2015,501,0
5004540-1,Zane Buildable Watch,2015,501,30
5004544-1,City Fireman Alarm Clock,2015,501,0
5004549-1,Mixels Collection 4,2015,580,0
5004550-1,Speed Champions Collection,2015,601,0
5004551-1,Glowkies,2015,580,0
5004552-1,Super Heroes Avengers Collection,2015,702,0
5004553-1,Infernites,2015,580,0
5004554-1,Ultra Agents Collection,2015,303,0
5004556-1,Orbitons,2015,580,0
5004557-1,Pirates Collection,2015,154,0
5004558-1,Pirates Collection 2,2015,154,0
5004559-1,Speed Champions Collection 2,2015,601,0
5004565-1,StoryStarter Community Expansion Set and Curriculum Pack,2015,507,0
5004566-1,StoryStarter Fairy Tale Expansion Set and Curriculum Pack,2015,507,0
5004567-1,StoryStarter Space Expansion Set and Curriculum Pack,2015,507,0
5004568-1,Community Transportation Center Pack,2015,516,0
5004569-1,Playful Learning Center Pack,2015,516,0
5004570-1,Creative Builder Center Pack,2015,516,0
5004571-1,Create & Play Center Pack,2015,516,0
5004572-1,Ninjago: Rebooted: Fall of the Golden Master (DVD),2015,501,0
5004573-1,Athletes Minifigure Collection,2016,535,20
5004574-1,Cops & Robbers Minifigure collection,2016,535,17
5004589-1,Legends of Chima: Quest for the Legend Beasts (DVD),2015,501,0
5004590-1,Bat Pod,2015,697,338
5004591-1,Star Wars Episode IV Poster,2015,501,0
5004600-1,Wonder Woman Alarm Clock,2015,501,0
5004601-1,Wonder Woman Buildable Watch,2015,501,0
5004602-1,Batman Buildable Watch,2015,501,0
5004603-1,Superman Buildable Watch,2015,501,0
5004604-1,Classic Buildable Watch [Blue],2015,501,0
5004605-1,Boba Fett Minifigure Watch,2015,501,34
5004606-1,Darth Maul Buildable Watch with Toy,2015,501,32
5004607-1,Darth Vader Buildable Watch,2015,501,36
5004608-1,Luke Skywalker Buildable Watch with Toy,2015,501,22
5004609-1,Stormtrooper Buildable Watch with Toy,2015,501,29
5004610-1,Yoda Buildable Watch with Toy,2015,501,29
5004611-1,Emmet Buildable Watch,2014,501,24
5004720-1,Ninjago: Shadow of Ronin - PS Vita,2016,501,0
5004721-1,Ninjago: Shadow of Ronin - 3DS,2016,501,0
5004735-1,Space Port Collection,2015,52,0
5004736-1,Space Port Shuttle Collection,2015,52,0
5004737-1,Deep Sea Explorers Collection,2015,52,0
5004741-1,Mixels Collection 5,2015,580,0
5004742-1,Star Wars Episode V Poster,2015,501,0
5004743-1,Klinkers,2015,580,0
5004744-1,Lixers,2015,580,0
5004745-1,Star Wars Episode II Poster,2015,501,0
5004745-2,Star Wars Episode I Poster,2015,501,0
5004745-3,Star Wars Episode VI Poster,2015,501,0
5004746-1,Star Wars Episode III Poster,2015,501,0
5004750-1,Kai Key Light,2015,503,0
5004751-1,Wonder Woman Key Light,2015,503,0
5004752-1,Boba Fett Key Light,2015,503,0
5004796-1,Jay Key Light,2015,503,0
5004797-1,The Joker Key Light,2014,503,0
5004798-1,Star Wars: The Dark Side,2014,497,5
5004799-1,Architecture: The Visual Guide,2014,497,0
5004803-1,Ninjago: Nindroids Attack!,2014,497,7
5004805-1,Jurassic World  - 3DS,2015,501,0
5004806-1,Jurassic World - PS3,2015,501,0
5004807-1,Jurassic World - Wii U,2015,501,0
5004808-1,Jurassic World - Xbox 360,2015,501,0
5004809-1,Pop Star Collection,2015,494,0
5004810-1,Scooby-Doo Collection,2015,603,0
5004815-1,Ultimate Spider-man Collection,2015,706,0
5004816-1,Batman Collection,2015,697,0
5004817-1,Possession 2 in 1 Collection,2015,435,0
5004818-1,Minecraft Collection,2015,577,0
5004819-1,Elves Collection,2015,600,0
5004820-1,Doc McStuffins Collection,2015,648,0
5004822-1,Buildable Figures Collection,2015,158,0
5004830-1,WeDo 2.0 ReadyGo 8-Student Pack,2016,521,0
5004831-1,WeDo 2.0 ReadyGo 12-Student Pack,2016,521,0
5004832-1,WeDo 2.0 ReadyGo 16-Student Pack,2016,521,0
5004833-1,WeDo 2.0 ReadyGo 24-Student Pack,2016,521,0
5004837-1,WeDo 2.0 YouCreate Package - 24 Students,2016,521,0
5004838-1,WeDo 2.0 Add-On Power Pack,2016,521,2
5004849-1,Legends of Chima: Legend of the Fire CHI - DVD,2015,501,0
5004851-1,Friends: Friends Together Again (DVD),2015,501,0
5004852-1,Friends: The Adventure Guide,2015,497,6
5004853-1,Star Wars Character Encyclopedia: Updated and Expanded,2015,497,6
5004854-1,Star Wars in 100 Scenes,2015,497,0
5004855-1,Awesome Ideas,2015,497,0
5004868-1,Munchos,2015,580,0
5004869-1,Glorp Corp,2015,580,0
5004870-1,Weldos,2015,580,0
5004876-1,Medivals,2016,580,0
5004877-1,Mixies,2016,580,0
5004878-1,MCPD,2016,580,0
5004881-1,Pyrratz,2016,580,0
5004882-1,MCFD,2016,580,0
5004883-1,Medix,2016,580,0
5004890-1,Minifigure Display Case 8 - Red,2015,501,8
5004891-1,Newzers,2016,580,0
5004892-1,Minifigure Display Case 16 (Red),2015,501,16
5004892-2,Nindjas,2016,580,0
5004893-1,Trashoz,2016,580,0
5004894-1,Storage Brick Multi-Pack,2015,501,0
5004895-1,Storage Brick Multi-Pack,2015,501,0
5004896-1,Square Drinking Bottle (Blue),2015,501,0
5004897-1,Square Drinking Bottle (Red),2015,501,0
5004899-1,Star Wars: The New Yoda Chronicles (DVD),2015,501,0
5004906-1,Great LEGO Sets: A Visual History,2015,497,0
5004911-1,Crafting Kit,2017,605,4
5004913-1,Nexo Knights Collector Case,2017,501,8
5004914-1,Armor Pod,2017,605,25
5004915-1,Master Wu Key Chain,2017,503,0
5004916-1,Kai's Dojo Pod,2017,616,37
5004920-1,Ski Pod,2017,494,23
5004928-1,Kiss Kiss Tuxedo Batman,2017,503,0
5004929-1,Batman Battle Pod,2017,708,28
5004930-1,Accessory Pack,2017,708,39
5004931-1,Birthday Card,2017,206,20
5004932-1,My Travel Companion,2017,301,41
5004933-1,Build to Learn,2017,507,41
5004934-1,Christmas Ornament,2017,227,66
5004936-1,Iconic Cave,2017,535,11
5004938-1,Ninjago Minifigure Collection,2017,435,29
5004939-1,The LEGO Batman Movie Minifigure Collection,2017,535,27
5004940-1,City Jungle Minifigure Collection,2017,535,21
5004941-1,Classic Minifigure Collection,2017,535,18
5004942-1,A LEGO Brickumentary (DVD),2015,501,0
5005008-1,Star Wars: Small Scenes from a Big Galaxy,2015,497,0
5005011-1,Anakin Skywalker Buildable Watch with Toy,2016,501,34
5005013-1,Boba Fett Minifigure Link Watch,2015,501,0
5005029-1,Star Wars: The Power Of The Sith Activity Book,2015,497,0
5005030-1,Star Wars: Spot The Spy Droid,2014,497,22
5005032-1,Darth Vader Buildable Watch,2016,501,0
5005040-1,I Love That Minifigure,2015,497,7
5005042-1,Ninjago Luggage Tag,2016,501,0
5005043-1,City Luggage Tag,2016,501,0
5005044-1,EV3 How to Start Leaflet,2016,518,0
5005047-1,Nexo Knights Character Poster,2016,501,0
5005051-1,Friends: Girlz 4 Life (DVD),2016,501,0
5005054-1,Let's Build Social Skills Together Pack,2016,516,0
5005057-1,Marvel Avengers - Xbox 360,2016,501,0
5005058-1,Marvel Avengers - Wii U,2016,501,0
5005059-1,Marvel Avengers - PS3,2016,501,0
5005060-1,Marvel Avengers - 3DS,2016,501,0
5005061-1,Star Wars: Droid Tales (DVD),2016,501,0
Jan-05,Battery Box 4.5V,1987,443,1
5005103-1,EV3 Comprehensive Solution (8 Student Pack),2017,518,0
5005107-1,Buildable Ruler,2016,501,28
5005108-1,Round Eraser Set (Blue and Yellow),2016,501,0
5005109-1,3 Gel Pens,2016,501,0
5005110-1,Pencil Box,2016,501,2
5005111-1,9 Pencils,2016,501,2
5005112-1,Pencil Sharpeners,2016,501,0
5005113-1,Aaron Alarm Clock,2016,501,0
5005114-1,Aaron Buildable Watch,2017,501,0
5005115-1,Clay Alarm Clock,2016,501,0
5005116-1,Clay Buildable Watch,2017,501,0
5005117-1,Jay Alarm Clock,2016,501,0
5005118-1,Lloyd Alarm Clock,2016,501,0
5005119-1,Jay Buildable Watch,2017,501,0
5005120-1,Lloyd Buildable Watch,2017,501,0
5005121-1,Kai Alarm Clock,2016,501,0
5005122-1,Kai Buildable Watch,2017,501,0
5005134-1,Star Wars Episode VII Poster,2016,501,0
5005136-1,Star Wars: The Force Awakens Deluxe Edition - PS4,2016,501,0
5005137-1,Star Wars: The Force Awakens - Xbox 360,2016,501,0
5005138-1,Star Wars: The Force Awakens Deluxe Edition - Xbox One,2016,501,0
5005139-1,Star Wars: The Force Awakens - PS4,2016,501,0
5005140-1,Star Wars: The Force Awakens - Xbox One,2016,501,0
5005141-1,Star Wars: The Force Awakens - Wii U,2016,501,0
5005144-1,Journal Band (White),2016,501,1
5005145-1,Stationery Organizer,2016,501,1
5005146-1,9 Gel Pens,2016,501,0
5005147-1,9 Markers,2016,501,0
5005148-1,9 Colored Pencils,2016,501,2
5005149-1,Star Wars: Ultimate Factivity Collection,2016,497,0
5005156-1,Gingerbread Man,2016,227,3
5005159-1,Star Wars: Build Your Own Adventure,2016,497,73
5005160-1,Stationery Kit,2016,501,0
5005165-1,Star Wars: Chronicles of the Force,2016,497,3
5005166-1,Ninjago: Character Encyclopedia: Updated and Expanded,2016,497,9
5005167-1,Stormtrooper Buildable Watch,2017,501,0
5005168-1,Jay Costume,2018,501,0
5005171-1,Nya Costume,2018,501,0
5005172-1,Lloyd Costume,2018,501,0
5005173-1,Kai Costume,2018,501,0
5005174-1,City: Build Your Own Adventure,2016,497,99
5005175-1,Batman Hydration Bottle,2017,501,0
5005177-1,Square Drinking Bottle (Black),2015,501,0
5005182-1,Nexo Knights: Season 1 (DVD),2016,501,0
5005205-1,VIP Key Chain,2013,503,0
5005207-1,Batman Lunch Set,2017,501,0
5005208-1,The LEGO Batman Movie Collector Box,2017,501,0
5005209-1,Minifigure Display Case (The LEGO Batman Movie),2017,501,16
5005212-1,Darth Vader and Boba Fett Buildable Watch with Toy,2017,501,40
5005213-1,Early Language and Literacy Pack,2016,516,0
5005214-1,Introduction to Math and Literacy Pack,2016,516,0
5005215-1,Early Math and Science Pack,2016,516,0
5005216-1,Minifigures Pack,2016,507,0
5005217-1,Death Star Ultimate Kit,2016,158,0
5005219-1,Batman Buildable Watch,2017,501,0
5005220-1,Robin Buildable Watch,2017,501,0
5005221-1,2017 Wall Calendar,2016,501,0
5005222-1,Batman Alarm Clock,2017,501,0
5005223-1,Robin Alarm Clock,2017,501,0
5005224-1,Batgirl Buildable Watch,2017,501,0
5005226-1,Batgirl Alarm Clock,2017,501,0
5005227-1,The Joker Buildable Watch,2017,501,0
5005228-1,Harley Quinn Alarm Clock,2017,501,0
5005229-1,The Joker Alarm Clock,2017,501,0
5005230-1,Zane's Kendo Training Pod,2018,435,28
5005231-1,Training Kit,2018,435,0
5005233-1,Hamleys Royal Guard,2017,535,5
5005236-1,Friends Clubhouse,2018,494,29
5005237-1,Friendship Rings,2018,494,31
5005238-1,Pet Go-Kart Racers,2018,494,60
5005239-1,Castle Room,2018,625,50
5005244-1,Teen Groot Key Chain,2018,503,0
5005249-1,Easter Bunny Hut,2018,229,6
5005250-1,Party Banana Juice Bar,2018,535,5
5005251-1,Penguin Winter Hut,2018,535,6
5005253-1,Reindeer Head,2018,227,28
5005254-1,Harry Potter Minifigure Collection,2018,535,25
5005255-1,Jurassic World Minifigure Collection,2018,535,18
5005256-1,Marvel Super Heroes Minifigure Collection,2018,535,23
5005257-1,Ninjago Minifigure Collection,2018,535,25
5005260-1,2017 Colorable Wall Calendar,2016,501,0
5005270-1,EV3 Science Add-On Pack,2017,518,0
5005272-1,Our Community Pack,2018,516,0
5005273-1,Batman Luggage Tag,2017,501,0
5005295-1,Pencils with Toppers,2017,501,2
5005296-1,Harley Quinn Luggage Tag,2017,501,0
5005297-1,3 Book Markers,2017,501,0
5005298-1,BB-8 Key Light,2017,503,0
5005299-1,Batgirl Key Light,2017,503,0
5005300-1,The Joker Key Light,2017,503,0
5005301-1,Harley Quinn Key Light,2017,503,0
5005317-1,Easter Bunny Batman Key Light,2017,503,0
5005318-1,365 Things to Do with LEGO Bricks,2016,497,0
5005319-1,The Batman Movie: The Essential Guide,2016,497,0
5005320-1,Batman Prestige Costume,2017,501,0
5005321-1,Batgirl Prestige Costume,2017,501,0
5005322-1,Chewbacca Buildable Watch with Toy,2017,501,28
5005323-1,Marvel Super Heroes: Universe in Peril - DS,2013,501,0
5005325-1,LEGO Logo Shopping Bag,2017,501,0
5005326-1,Canvas Tote Bag,2017,501,0
5005331-1,Batman Key Light,2017,503,0
5005341-1,First Order Stormtrooper Key Light,2017,503,0
5005343-1,Pop-Up: A Journey Through the LEGO Universe,2016,497,0
5005344-1,Factastic: A LEGO Adventure in the Real World,2019,497,0
5005345-1,The LEGO Batman Movie Ultimate Vehicle Kit,2017,708,0
5005346-1,LEGO Batman Movie Robin Poster,2017,501,0
5005347-1,LEGO Batman Movie Batgirl Poster,2017,501,0
5005348-1,LEGO Batman Movie Batman Poster,2017,501,0
5005349-1,LEGO Batman Movie Harley Quinn Poster,2017,501,0
5005351-1,Brick Print Heritage Backpack (Pink/Purple),2017,501,0
5005352-1,Cinch Bucket (Blue),2017,501,0
5005353-1,Cinch Bucket (Red),2017,501,0
5005354-1,Brick Print Lunch Bag (Pink/Purple),2017,501,0
5005355-1,Brick Print Lunch Bag (Red/Blue),2017,501,0
5005356-1,Brick Print Heritage Backpack (Red/Blue),2017,501,0
5005358-1,Minifigure Factory,2018,598,85
5005359-1,Minifigure Collector Frame,2018,598,55
5005360-1,Star Wars: The Freemaker Adventures - Complete Season One,2016,501,0
5005364-1,City Undercover - Xbox One,2017,501,0
5005365-1,City Undercover - PS4,2017,501,0
5005366-1,Worlds - PS4,2017,501,0
5005367-1,Kai Alarm Clock,2017,501,0
5005368-1,Lloyd Alarm Clock,2017,501,0
5005369-1,Kai Buildable Watch,2017,501,0
5005370-1,Lloyd Buildable Watch,2017,501,0
5005371-1,Ninjago: Skybound: Season 6 (DVD),2017,501,0
5005372-1,Worlds - Xbox One,2017,501,0
5005373-1,City Undercover - Nintendo Switch,2017,501,0
5005375-1,Minifigure Display Case 16 (Black),2017,501,16
5005376-1,Darth Vader,2018,158,37
5005378-1,Star Wars: The Amazing Book of LEGO Star Wars,2018,497,0
5005379-1,DC Comics Super Heroes: The Awesome Guide,2017,497,5
5005380-1,Robin Luggage Tag,2017,501,0
5005381-1,Batgirl Luggage Tag,2017,501,0
5005382-1,Easter Bunny Batman Luggage Tag,2017,501,0
5005388-1,Nya Minifigure Key Light,2017,503,0
5005392-1,Kai Minifigure Key Light,2017,503,0
5005394-1,Jay Minifigure Key Light,2017,503,0
5005396-1,Construction Worker Mask,2017,501,0
5005399-1,Storage Brick Drawer 2 x 4 (All Colors),2017,501,0
5005403-1,Storage Brick Drawer 2 x 2 (All Colors),2017,501,0
5005404-1,The LEGO Ninjago Movie Sorting Box,2018,501,0
5005405-1,The LEGO Ninjago Movie Small Storage Box,2018,501,0
5005406-1,Ninjago Movie Play & Display Case,2018,501,6
5005408-1,Summer Fun Kit,2017,52,0
5005409-1,Summer Fun Kit,2017,494,0
5005410-1,Ultimate Mech Kit,2017,616,0
5005411-1,Jay Battle Kit,2017,616,0
5005412-1,Nya Battle Kit,2017,616,0
5005413-1,The Ninjago Movie Bow & Arrow,2017,501,0
5005414-1,The Ninjago Movie Hammer,2017,501,0
5005415-1,The Ninjago Movie Spear,2017,501,0
5005416-1,The Ninjago Movie Nunchucks,2017,501,0
5005417-1,The Ninjago Movie Katana,2017,501,0
5005424-1,The Ninjago Movie Sword,2017,501,0
5005425-1,Iconic Yellow Hands,2017,501,0
5005426-1,Cowgirl Mask,2017,501,0
5005427-1,Police Officer Mask,2017,501,0
5005428-1,Firefighter Mask,2017,501,0
5005429-1,Pick a Brick Box,2018,501,0
5005431-1,Visit Ninjago City Poster,2017,501,0
5005432-1,Ninjago: Hands of Time: Season 7 (DVD),2017,501,0
5005433-1,The Ninjago Movie Video Game - Nintendo Switch,2017,501,0
5005434-1,The Ninjago Movie Video Game - Xbox One,2017,501,0
5005435-1,The Ninjago Movie Video Game - PS4,2017,501,0
5005443-1,Millennium Falcon Poster,2017,501,0
5005444-1,Millennium Falcon Poster,2017,501,0
5005445-1,Millennium Falcon Poster,2017,501,0
5005469-1,Absolutely Everything You Need to Know,2017,497,4
5005470-1,BB-8 Buildable Watch,2017,501,0
5005471-1,Yoda Minifigure Link Watch,2019,501,0
5005472-1,Kylo Ren Buildable Watch,2017,501,0
5005474-1,Stormtrooper Buildable Watch,2017,501,0
5005509-1,Brick Pouch (Red),2018,501,0
5005510-1,Brick Pouch (Pink),2018,501,0
5005511-1,Brick Pouch (Orange),2018,501,0
5005512-1,Brick Pouch (Green),2018,501,0
5005513-1,Brick Pouch (Blue),2018,501,0
5005514-1,Brick Pouch (Black),2018,501,0
5005515-1,Brick Lunch Bag (Yellow),2018,501,0
5005516-1,Brick Lunch Bag (Orange),2018,501,0
5005517-1,Brick Lunch Bag (Navy),2018,501,0
5005518-1,Brick Lunch Bag (Gray),2018,501,0
5005519-1,Brick Lunch Bag (Green),2018,501,0
5005520-1,Brick Backpack (Yellow),2018,501,0
5005521-1,Brick Backpack (Orange),2018,501,0
5005522-1,Storage Head S (Girl),2020,501,0
5005523-1,Brick Backpack (Navy),2018,501,0
5005524-1,Brick Backpack (Gray),2018,501,0
5005525-1,Brick Backpack (Green),2018,501,0
5005526-1,Blue Print Heritage Classic Backpack,2019,501,0
5005527-1,Storage Head L (Girl),2018,501,0
5005528-1,Storage Head L (Boy),2018,501,0
5005529-1,Storage Head S (Boy),2019,501,0
5005530-1,Brick Lunch Bag (Pink),2018,501,0
5005531-1,Brick Lunch Bag (Blue),2018,501,0
5005532-1,Brick Lunch Bag (Red),2018,501,0
5005533-1,Brick Lunch Bag (Black),2018,501,0
5005534-1,Brick Backpack (Pink),2018,501,0
5005535-1,Brick Backpack (Blue),2018,501,0
5005536-1,Brick Backpack (Red),2018,501,0
5005537-1,Brick Backpack (Black),2018,501,0
5005538-1,4-Piece Organizer Tote and Playmat,2018,501,0
5005539-1,Brick Pouch (Yellow),2018,501,0
5005542-1,Luggage Tag (2 x 4 Red),2017,501,0
5005543-1,Luggage Tag (2 x 4 Blue),2017,501,0
5005552-1,NINJAGO Easter Bundle,2018,435,0
5005553-1,Friends Easter Bundle,2018,494,0
5005554-1,City Easter Bundle,2018,52,0
5005570-1,The LEGO Ninjago Movie (Blu-Ray + DVD + Digital),2018,501,0
5005571-1,The LEGO Ninjago Movie (DVD),2018,501,0
5005573-1,The Hulkbuster: Ultron Edition Art Print,2018,501,1
5005574-1,The Hulkbuster: Ultron Edition Black & White Art Print,2018,501,1
5005577-1,Star Wars: The Freemaker Adventures: Season Two [DVD],2018,501,0
5005578-1,Pencils,2019,501,0
5005579-1,Erasers (Minifigure Heads),2018,501,0
5005580-1,Luggage Tag (Banana Guy),2018,501,0
5005581-1,Erasers (Bricks),2018,501,0
5005582-1,Luggage Tag (Hot Dog Guy),2018,501,0
5005584-1,Building a Dream,2018,497,0
5005587-1,Minifigure Beach Tote,2018,501,0
5005606-1,Minifigures: Mix & Match,2019,497,0
5005607-1,"Picture Book: I'm Fun, Too!",2018,497,0
5005608-1,Science: A LEGO Adventure in the Real World,2018,497,2
5005609-1,Fireman Buildable Watch with Toy,2018,501,4
5005610-1,Classic Buildable Watch (Adult Pink),2017,501,25
5005611-1,Police Officer Buildable Watch,2018,501,0
5005613-1,Olivia Buildable Watch,2018,501,0
5005614-1,Emma Buildable Watch,2018,501,0
5005616-1,Stephanie Buildable Watch,2018,501,0
5005617-1,Luggage Tag (Girl),2019,501,0
5005618-1,Luggage Tag (Boy),2019,501,0
5005620-1,Luggage Tag (2 x 4 Lavender),2018,501,0
5005623-1,Luggage Tag (2 x 4 Azure),2019,501,0
5005624-1,UCS Y-Wing Blueprint Poster,2018,501,0
5005625-1,Pencils + Topper,2018,501,1
5005626-1,Jurassic World Blue Buildable Watch,2018,501,0
5005629-1,Chain Reactions,2015,497,40
5005630-1,Iconic Big Storage Bucket,2019,501,0
5005631-1,"Ninjago: How to Draw Ninjas, Villains, and More!",2017,497,0
5005632-1,Crazy Action Contraptions (Klutz) Vol. 2,2008,498,112
5005633-1,Gadgets,2018,498,58
5005634-1,Storage Head L (Skeleton Skull),2018,501,0
5005654-1,"Star Wars: Choose Your Path, Be The Hero, Discover The Galaxy!",2018,497,3
5005655-1,Disney Princess: Build Your Own Adventure,2018,497,83
5005656-1,Ninjago: Build Your Own Adventure: Greatest Ninja Battles,2018,497,72
5005657-1,Braille DUPLO Farm,2018,497,0
5005659-1,Star Wars: Ideas Book,2018,497,0
5005664-1,Spooky!: Ultimate Sticker Collection,2014,497,0
5005665-1,License To Build,2018,501,0
5005666-1,Animal Atlas,2018,497,60
5005667-1,Ghost Key Light,2014,503,0
5005668-1,Skeleton Key Light,2018,503,0
5005674-1,Ninjago: Ultimate Sticker Collection,2018,497,0
5005678-1,Harry Potter: Witches and Wizards Character Handbook,2018,497,0
5005679-1,Long Sleeve Shirt - Minifigure Head,2019,501,0
5005689-1,Hoodie (Dark Blue),2019,501,0
5005690-1,Kai Alarm Clock,2018,501,0
5005691-1,Lloyd Alarm Clock,2018,501,0
5005692-1,Kai Buildable Watch,2018,501,0
5005693-1,Lloyd Buildable Watch,2018,501,0
5005695-1,Ninjago: Ninja vs. Dragon Hunters,2018,497,12
5005697-1,Countdown to Christmas,2018,497,1
5005698-1,Emmet Alarm Clock,2019,501,0
5005699-1,Wyldstyle Alarm Clock,2019,501,0
5005700-1,Emmet Buildable Watch,2019,501,0
5005701-1,Unikitty Buildable Watch,2019,501,4
5005703-1,Wyldstyle Buildable Watch,2019,501,0
5005704-1,Star Wars Surprise Box,2018,158,0
5005705-1,Hot Dog Guy Key Light,2019,503,0
5005706-1,Banana Guy Key Light,2019,503,0
5005722-1,Early Learning Bundle (Center),2018,516,0
5005730-1,DC Comics Super Heroes: Visual Dictionary,2018,497,5
5005731-1,City: Busy Word Book,2019,497,0
5005733-1,Batman Luggage Tag,2019,501,0
5005734-1,Emmet Luggage Tag,2019,501,0
5005735-1,Sweet Mayhem Luggage Tag,2019,501,0
5005736-1,Unikitty Luggage Tag,2019,501,0
5005737-1,Unikitty Night Light,2019,501,0
5005738-1,Sticker Roll,2019,501,1
5005739-1,Batman Key Light,2019,503,0
5005740-1,Emmet Key Light,2019,503,0
5005741-1,Unikitty Key Light,2019,503,0
5005747-1,Black VIP Frame (Card Display),2018,598,42
5005749-1,Adventures in the Arctic Collection,2018,52,0
5005750-1,Farm Fun Collection,2018,632,0
5005751-1,Adventures in Heartlake City Collection,2018,494,0
5005752-1,Diesels and Dragons Collection,2018,435,0
5005753-1,Infinity Stone Conquest Bundle,2018,702,0
5005754-1,Life of Luke Skywalker Collection,2018,158,0
5005757-1,Bunny Suit Guy Key Light,2019,503,0
5005761-1,The LEGO Movie 2 Silicone NiteLite [Boy],2019,501,0
5005762-1,The LEGO Movie 2 Silicone NiteLite [Girl],2019,501,0
5005763-1,Unikitty Torch,2019,501,0
5005765-1,Bag Tag (The LEGO Movie 2),2019,501,0
5005769-1,Sorting Case To Go - Transparent Red,2018,501,0
5005770-1,Lunch Set Iconic Girl,2019,501,0
5005772-1,Minifigure Display Case 16 (Blue),2019,501,20
5005775-1,The LEGO Movie 2 Awesome Trading Cards,2019,501,0
5005777-1,The LEGO Movie 2 Awesome (Trading Card) Collector Album,2019,501,0
5005810-1,Brick Crossbody Bag (Holographic),2019,501,0
5005811-1,Minifigure Color Me Crowd Heritage Classic Backpack,2019,501,0
5005812-1,Minifigure Color Me Crowd Lunch Bag,2019,501,0
5005813-1,Brick Backpack (Holographic),2019,501,0
5005814-1,Brick Backpack (Gold Metallic),2019,501,0
5005816-1,Brick Crossbody Bag (Gold Metallic),2019,501,0
5005818-1,Boba Fett Bag Tag,2019,501,0
5005819-1,Darth Vader Bag Tag,2019,501,0
5005820-1,R2-D2 Bag Tag,2019,501,0
5005821-1,Yoda Bag Tag,2019,501,0
5005822-1,Ford Mustang Key Chain,2019,503,0
5005823-1,Darth Vader Alarm Clock (20th Anniversary Edition),2019,501,0
5005824-1,Darth Vader Buildable Watch (20th Anniversary Edition),2019,501,0
5005825-1,Stormtrooper Bag Tag,2019,501,0
5005826-1,"The LEGO Movie 2: The Awesomest, Most Amazing, Most Epic Movie Guide in the Universe!",2018,497,0
5005827-1,Technic Easter Bundle,2019,559,0
5005828-1,Ninjago Easter Bundle,2019,559,0
5005829-1,Friends Easter Bundle,2019,559,0
5005830-1,City Easter Bundle,2019,559,0
5005834-1,The LEGO Movie 2: Emmet Plush Clip,2020,501,0
5005836-1,The LEGO Movie 2: Unikitty Plush Clip,2020,501,0
5005838-1,Notebook with Pen,2019,501,0
5005839-1,Brick Hip Pack (Red),2019,501,0
5005840-1,WeDo 2.0 Core + Add-On Homeschool Bundle,2016,521,0
5005842-1,The LEGO Movie 2: Sweet Mayhem Plush Clip,2020,501,0
5005843-1,The LEGO Movie 2: Benny Plush Clip,2020,501,0
5005844-1,Emmet Minifigure Plush,2019,501,0
5005845-1,Lucy with Goggles Plush,2019,501,0
5005846-1,Unikitty Plush,2019,501,0
5005847-1,Sweet Mayhem Plush,2019,501,0
5005848-1,Angry Kitty Plush,2019,501,0
5005849-1,Star Wars: The Visual Dictionary: Anniversary Edition,2019,497,4
5005871-1,Desk Drawer 2 x 4 (All Colors),2018,501,0
5005872-1,Desk Drawer 2 x 2 (Red),2018,501,0
5005873-1,3-Drawer Storage (Red),2019,501,4
5005875-1,3-Drawer Storage (Blue),2019,501,4
5005876-1,Captain Marvel Black & White Art Print,2019,501,1
5005877-1,Captain Marvel Art Print,2019,501,1
5005878-1,Buildable Mother's Day Card,2020,206,48
5005880-1,Children's Day Lucky Box,2019,598,0
5005881-1,Avengers: Endgame Art Print,2019,501,1
5005882-1,Avengers: Endgame Black & White Art Print,2019,501,1
5005882-2,Avengers: Endgame Black & White Art Print (Signed Sketch),2019,501,1
5005883-1,Spider-Man: Far From Home Art Print,2019,501,1
5005884-1,Spider-Man: Far From Home Black & White Art Print,2019,501,1
5005885-1,The LEGO Movie 2: The Second Part (Blu-ray + DVD + Digital),2019,501,0
5005886-1,Storage Head S (Pumpkin),2020,501,0
5005887-1,Star Wars 20th Anniversary Lightsaber Poster (Blue),2019,501,0
5005887-2,Star Wars 20th Anniversary Lightsaber Poster (Red),2019,501,0
5005888-1,Star Wars 20th Anniversary Art Print,2019,501,1
5005889-1,Desk Drawer 2 x 2 (Blue),2018,501,0
5005890-1,Sorting Case To Go - Transparent Blue,2018,501,0
5005893-1,Wall Hanger Set (White/Black/Light Bluish Gray),2018,501,0
5005894-1,Wall Hanger Set (Pink/Light Blue/White),2018,501,0
5005895-1,Star Wars: Visual Dictionary New Edition,2019,497,4
5005900-1,Minifigure Notebook,2019,501,0
5005901-1,Lloyd Luggage Tag,2019,501,0
5005902-1,Mechanical Pencil,2019,501,2
5005903-1,Luggage Tag (2 x 4 Bright Pink),2019,501,0
5005904-1,Christmas Ideas,2019,497,41
5005905-1,Harry Potter: Build Your Own Adventure,2019,497,101
5005906-1,Wall Hanger Set (Red/Blue/Yellow),2019,501,0
5005907-1,NASA Apollo 11 Lunar Lander Patch,2019,501,0
5005910-1,VIP Reversible Canvas Tote Bag,2019,501,0
5005912-1,Harry Potter: The Magical Guide to the Wizarding World,2019,497,0
5005918-1,Minifigure Belight Backpack,2019,501,0
5005919-1,Friends Belight Backpack,2019,501,0
5005920-1,NINJAGO Belight Backpack,2019,501,0
5005921-1,NINJAGO Pencil Roll,2019,501,0
5005922-1,Friends Pencil Roll,2019,501,0
5005923-1,Minifigure Pencil Roll,2019,501,0
5005924-1,Teen Minifigure Backpack,2019,501,0
5005926-1,Minifigure Drawstring Bag,2019,501,0
5005927-1,Kindergarten Backpack,2019,501,0
5005928-1,Minifigure Lunch Box,2019,501,0
5005929-1,Ninjago Lunch Box,2019,501,0
5005933-1,Stranger Things Sketchbook,2019,501,0
5005946-1,Disney Ksi臋偶niczka: Baw si臋 z Ksi臋偶niczkami,2019,497,18
5005947-1,Jurassic World: Jurassic Hero,2019,497,8
5005948-1,Ninjago: Wielkie Starcie,2019,497,16
5005956-1,Stranger Things Poster,2019,501,0
5005963-1,12-Pack Marker Set,2019,501,0
5005967-1,Disney Princess: Meet the Princesses,2019,497,25
5005969-1,Back To School Pack,2019,501,0
5005996-1,Belgian Patent LEGO Elements 1958,2019,683,0
5005997-1,"1st Edition Elephant Water Colour Print, Circa 1937",2019,683,0
5005998-1,French Patent LEGO DUPLO Brick 1968,2020,683,0
5005999-1,"1st Edition of Wooden Duck Print, 1958",2019,683,0
5006001-1,Spanish Patent LEGO Elements 1958,2020,683,0
5006002-1,Illustration Wooden Toy Hen and Chicks,2019,683,0
5006003-1,Australian Patent LEGO Minifigure 1977,2019,683,0
5006004-1,"1st Edition Print British Patent, 1968",2020,683,0
5006005-1,Yellow Spread LEGO System Brochure 1958,2021,683,0
5006006-1,German Patent LEGO Toy Car 1963,2020,683,0
5006007-1,Japanese Patent LEGO DUPLO Brick 1968 Art Print,2019,683,0
5006008-1,VIP Gifting Set,2019,501,0
5006009-1,Classic Red Brick Costume,2019,501,0
5006010-1,Skeleton Deluxe Costume,2019,501,0
5006012-1,Guy Deluxe Costume,2019,501,0
5006013-1,Mummy Deluxe Costume,2019,501,0
5006016-1,Picnic Blanket,2019,501,0
5006017-1,Lunch Box,2019,501,0
5006027-1,Batman Deluxe Costume,2019,501,0
5006030-1,Santa Bag Tag,2019,501,0
5006031-1,R2-D2 Holiday Bag Tag,2019,501,0
5006032-1,Chewbacca Holiday Bag Tag,2019,501,0
5006033-1,Darth Vader Holiday Bag Tag,2019,501,0
5006034-1,Yoda Holiday Bag Tag,2019,501,0
5006035-1,Stormtrooper Holiday Bag Tag,2020,501,0
5006044-1,Amazing Vehicles,2019,497,61
5006057-1,Locking Notebook with Gel Pen,2020,501,0
5006058-1,"Ninjago: Visual Dictionary, New Edition",2019,497,5
5006061-1,Classic Bricks Bundle,2019,683,0
5006062-1,Lifestyle Bundle,2019,683,0
5006063-1,Minifigure Bundle,2019,683,0
5006065-1,Black Friday 2019 Minifigure,2019,408,3
5006066-1,Black Friday 2019 Brick,2019,408,1
5006068-1,Central Perk Mug,2021,501,0
5006072-1,Lifestyle Bundle,2019,683,0
5006073-1,Leicester Minifigure Bag Tag,2022,501,0
5006074-1,Lester Key Light,2020,503,0
5006085-1,Buildable 2x4 Red Brick,2019,598,72
5006086-1,LEGO Masters Shopping Bag,2019,501,0
5006087-1,Hydration Bottle with Strap (Clear),2020,501,0
5006093-1,Van Gogh Postcard,2021,501,0
5006097-1,The Book of Bedtime Builds,2019,497,68
Jan-06,Replacement 2-Piece Battery Motor Housing,1987,443,2
5006148-1,International Space Station Patch,2020,501,0
5006152-1,Minifigure Display Case 8 (Black),2020,501,8
5006156-1,Play and Display Case (Red),2020,501,0
5006157-1,Play and Display Case (Blue),2020,501,6
5006161-1,Storage Head S (Silly),2020,501,0
5006171-1,The United Trinity Statue,2020,598,37
5006176-1,Magnet Set (All Colors),2022,501,0
5006186-1,Storage Head S (Winking),2020,501,0
5006201-1,Brick Erasers,2021,501,0
5006202-1,Note Brick (Blue),2021,501,0
5006203-1,Paint Party Puzzle,2020,501,0
5006204-1,Still Life with Bricks: The Art of Everyday Play,2020,497,0
5006205-1,Brick Notebook,2020,501,0
5006207-1,Still Life with Bricks: 100 Collectible Postcards,2020,497,0
5006210-1,Storage Head Mini (Silly),2020,501,0
5006211-1,Storage Head Mini (Winking),2020,501,0
5006215-1,Picture Frame,2020,501,0
5006216-1,Starter Kit Bundle with Gift,2020,690,0
5006218-1,HYPE X LEGO NINJAGO Jay Kids鈥?Oversized T-Shirt,2021,501,0
5006219-1,HYPE X LEGO NINJAGO Kai Kids鈥?Oversized T-Shirt,2021,501,0
5006220-1,HYPE X LEGO NINJAGO Nya Kids鈥?T-Shirt,2021,501,0
5006223-1,HYPE X LEGO NINJAGO Squad Script T-Shirt,2021,501,0
5006227-1,HYPE X LEGO NINJAGO Grey Just Hype Faces Pullover Hoodie,2021,501,0
5006228-1,HYPE X LEGO NINJAGO Grey Just Hype Faces Sweatpants,2021,501,0
5006230-1,Wall Hanger Rack,2020,501,0
5006231-1,HYPE X LEGO NINJAGO Nya Adults鈥?T-Shirt,2021,501,0
5006232-1,HYPE X LEGO NINJAGO Nya Adults鈥?Shorts,2021,501,0
5006233-1,HYPE X LEGO NINJAGO Squad Logo Adults鈥?Long Sleeve T-Shirt,2021,501,0
5006236-1,HYPE X LEGO NINJAGO Black Just Hype Faces T-Shirt,2021,501,0
5006237-1,HYPE X LEGO NINJAGO Gray Just Hype Faces T-Shirt,2021,501,0
5006254-1,Star Wars Collectible Cards,2020,501,0
5006256-1,Ninjago: Choose Your Ninja Mission,2020,497,9
5006257-1,Star Wars: Character Encyclopedia: New Edition,2020,497,7
5006258-1,Storage Head Mini (Boy),2020,501,0
5006259-1,Storage Head Mini (Girl),2020,501,0
5006260-1,Organizer Cubes,2021,501,0
5006262-1,Build Yourself Happy,2019,497,0
5006272-1,Secret Diary with Lock,2021,688,30
5006273-1,Notebook with Elastic Band,2021,688,18
5006274-1,Marker 6 Pack,2021,688,40
5006275-1,Gel Pen 6 Pack,2021,688,25
5006277-1,Hard Pencil Case,2021,688,48
5006278-1,Round 4x4 Key Chain,2021,688,12
5006279-1,Single Gel Pen with DOTS (Lavender),2021,688,8
5006287-1,Single Gel Pen with DOTS (Medium Azure),2021,688,8
5006288-1,Key Chain with Mini Notebook,2021,688,21
5006289-1,Pencil Box with Minifigure,2020,501,5
5006290-1,Yoda's Lightsaber,2020,158,140
5006291-1,2x4 Teal Brick,2020,598,110
5006293-1,Chariot,2020,598,127
5006294-1,Mechanical Pencil with Minifigure,2021,501,5
5006295-1,Notebook with 1 Pen [Minifigure],2021,501,0
5006303-1,"Fiat Art Print: ""Tutto Bene""",2020,501,0
5006304-1,"Fiat Art Print: ""Three Cars""",2020,501,0
5006305-1,"Fiat Art Print: ""Nuova Italia""",2020,501,0
5006306-1,"Fiat Art Print: ""Rome""",2020,501,0
5006307-1,"Fiat Art Print: ""Modern""",2020,501,0
5006309-1,"Fiat Art Print: ""Florentine""",2020,501,0
5006310-1,"Fiat Art Print: ""Nuova Russo""",2020,501,0
5006312-1,Desk Drawer 2 x 2 (Black),2022,501,0
5006313-1,Desk Drawer 2 x 2 (White),2022,501,0
5006330-1,VIP Metal Key Chain,2020,503,0
5006357-1,Stocking - Green Brick,2020,501,0
5006358-1,Small Brick Backpack (All Colors),2021,501,0
5006360-1,Minifigure Packable Patch Backpack,2020,501,0
5006363-1,Han Solo in Carbonite Metal Key Ring,2020,503,0
5006364-1,The Mandalorian Key Light,2020,503,0
5006365-1,Nurse Key Light,2020,503,0
5006366-1,Surgeon Key Light,2020,503,0
5006367-1,The Mandalorian with The Child Bag Tag,2020,501,0
5006368-1,The Child Bag Tag,2020,501,0
5006371-1,Nurse Bag Tag,2020,501,0
5006372-1,Lightsaber Gel Pen Multipack,2020,501,0
5006376-1,Surgeon Bag Tag,2020,501,0
5006387-1,Levi's x LEGO Logo Shirt,2020,501,0
5006396-1,Limited Edition Super Mario Gold Coin,2021,501,0
5006396-2,Limited Edition Silver Coin,2021,501,0
5006405-1,Levi's x LEGO Logo T-Shirt (Minifigure),2020,501,0
5006414-1,Levi's x LEGO Logo T-Shirt (Black Brick),2020,501,0
5006416-1,Levi's x LEGO Logo T-Shirt (Yellow Brick),2020,501,0
5006420-1,Levi's x LEGO Logo T-Shirt (Minifigure Head),2020,501,0
5006463-1,Mystery Brick Key Ring GWP,2020,503,0
5006468-1,Space Logo Collectible Coin,2021,501,0
5006469-1,Octan Logo Collectible Coin,2021,501,0
5006470-1,VIP Collectible Gold Coin,2021,501,0
5006471-1,Pirates Logo Collectible Coin,2021,501,0
5006472-1,Castle Logo Collectible Coin,2021,501,0
5006473-1,Collectable Coin Display Case,2021,501,0
5006482-1,VIP Holiday Gift Set,2020,501,0
5006490-1,Micro Stud Bag (Dark Blue),2021,501,0
5006491-1,Crossbody Handbag - Retro Logos,2021,501,0
5006492-1,Micro Stud Bag (Bright Pink),2021,501,0
5006493-1,Micro Stud Bag (Medium Azure),2021,501,0
5006494-1,Micro Stud Bag (Lime),2021,501,0
5006495-1,Duplo Monkey Backpack,2021,501,0
5006498-1,Duplo Panda Backpack,2021,501,0
5006526-1,adidas x LEGO Sport Infant Shoes [Blue],2021,501,0
5006527-1,adidas x LEGO Sport Infant Shoes [Red],2021,501,0
5006528-1,adidas x LEGO Sport Infant Shoes [Yellow],2021,501,0
5006529-1,adidas x LEGO Sport Junior Shoes,2021,501,0
5006530-1,adidas x LEGO Sport Junior Shoes,2021,501,0
5006531-1,adidas x LEGO Sport Junior Shoes,2021,501,0
5006532-1,adidas x LEGO Sport Kids Shoes,2021,501,0
5006533-1,adidas x LEGO Sport Kids Shoes,2021,501,0
5006534-1,adidas x LEGO Sport Kids Shoes,2021,501,0
5006535-1,adidas x LEGO DUPLO Onesie,2021,501,0
5006536-1,adidas x LEGO DUPLO Onesie,2021,501,0
5006537-1,adidas x LEGO DUPLO Onesie,2021,501,0
5006538-1,adidas x LEGO DUPLO T-Shirt and Shorts Set,2021,501,0
5006539-1,adidas x LEGO DUPLO T-Shirt and Shorts Set,2021,501,0
5006540-1,adidas x Classic LEGO Bricks Boxy Hoodie,2021,501,0
5006541-1,adidas x Classic LEGO Bricks Boxy Hoodie,2021,501,0
5006543-1,adidas x Classic LEGO Cuffed Pants,2021,501,0
5006544-1,adidas x Classic LEGO Graphic T-Shirt,2021,501,0
5006545-1,adidas x Classic LEGO Graphic T-Shirt,2021,501,0
5006546-1,adidas x Classic LEGO Graphic T-Shirt,2021,501,0
5006548-1,adidas x Classic LEGO Graphic T-Shirt,2021,501,0
5006549-1,adidas x Classic LEGO Graphic T-Shirt,2021,501,0
5006550-1,adidas x Classic LEGO Bricks Half-Zip Warm Jacket,2021,501,0
5006551-1,adidas x Classic LEGO Bricks Half-Zip Warm Jacket,2021,501,0
5006553-1,adidas x Classic LEGO Two-In-One Slim Pants,2021,501,0
5006554-1,adidas x Classic LEGO Hoodie and Pants Set,2021,501,0
5006555-1,adidas x Classic LEGO Hoodie and Pants Set,2021,501,0
5006556-1,adidas x Classic LEGO Sweatshirt and Pants Set,2021,501,0
5006557-1,adidas x Classic LEGO Sweatshirt and Pants Set,2021,501,0
5006558-1,adidas x Classic LEGO Bricks Sweatshirt,2021,501,0
5006559-1,adidas x Classic LEGO Bricks Sweatshirt,2021,501,0
5006560-1,adidas x Classic LEGO Bricks Sweatshirt,2021,501,0
5006562-1,adidas x Classic LEGO Bricks Techfit Tights,2021,501,0
5006565-1,adidas x Classic LEGO Bricks Long Sleeve Fitted T-Shirt,2021,501,0
5006566-1,adidas x Classic LEGO Bricks Loose Fit T-Shirt,2021,501,0
5006567-1,adidas x Classic LEGO Bricks Loose Fit T-Shirt,2021,501,0
5006568-1,adidas x Classic LEGO Bricks Loose Fit T-Shirt,2021,501,0
5006569-1,adidas x Classic LEGO T-Shirt,2021,501,0
5006582-1,LEGO Originals Art Prints Bundle,2021,683,0
5006594-1,VIP Ghostbusters Art Print,2020,501,0
5006604-1,Drinking Bottle (Red),2021,501,0
5006605-1,Drinking Bottle (Blue),2021,501,0
5006606-1,Drinking Bottle - Large (Red),2021,501,0
5006607-1,Drinking Bottle - Large (Blue),2021,501,0
5006608-1,3-Drawer Storage (Gray),2021,501,0
5006609-1,Brick Shelf 8 Knobs (All Colors),2021,501,0
5006618-1,Brick Shelf 4 Knobs (All Colors),2021,501,0
5006622-1,The Child Plush,2020,501,0
5006623-1,Yoda Plush,2019,501,0
5006624-1,Chewbacca Plush,2019,501,0
5006625-1,Unicorn Girl Plush,2020,501,0
5006626-1,Butterfly Girl Plush,2020,501,0
5006627-1,Shark Suit Guy Plush,2020,501,0
5006628-1,BricQ Motion Essential Hybrid Learning Classroom Starter Pack,2021,507,0
5006631-1,BricQ Motion Prime Hybrid Learning Classroom Starter Pack,2021,507,0
5006636-1,adidas x LEGO Backpack,2021,501,0
5006637-1,adidas x LEGO Two-in-One Convertible Bag,2021,501,0
5006638-1,adidas x LEGO Engineered Crew Socks 3 Pairs,2021,501,0
5006639-1,adidas x LEGO Graphic Cap,2021,501,0
5006640-1,adidas x LEGO Graphic Cap,2021,501,0
5006641-1,adidas x LEGO Bottle,2021,501,0
5006642-1,adidas x LEGO Crew Socks 3 Pairs,2021,501,0
5006643-1,adidas x Classic LEGO Bricks Half-Zip Warm Jacket,2021,501,0
5006655-1,Porsche Welcome Pack,2021,501,1
5006657-1,SPIKE Prime Hybrid Learning Classroom Pack,2022,507,0
5006662-1,HYPE X LEGO NINJAGO Eyes Cap,2021,501,0
5006663-1,HYPE X LEGO NINJAGO Just Hype Faces Backpack,2021,501,0
5006664-1,HYPE X LEGO NINJAGO Shopping Bag,2021,501,0
5006665-1,HYPE X LEGO NINJAGO Kai Cap,2021,501,0
5006666-1,HYPE X LEGO NINJAGO Cityscape Backpack,2021,501,0
5006667-1,HYPE X LEGO NINJAGO Nya Backpack,2021,501,0
5006670-1,At Home STEAM Learning Bundle,2021,507,0
5006673-1,BricQ Motion Prime Science Starter Pack,2021,507,0
5006675-1,Middle School Plus Bundle,2021,507,0
5006741-1,Brick Backpack (Navy),2021,501,0
5006744-1,Ulysses Space Probe,2021,598,236
5006745-1,Carousel,2021,598,136
5006746-1,Swing Ship Ride,2021,598,152
5006771-1,VIDIYO Sticker Sheet,2021,501,2
5006772-1,VIDIYO VIP Welcome Pack,2021,501,2
5006775-1,Brick Backpack (Lilac),2021,501,0
5006786-1,ETDM Concept Art,2021,501,0
5006787-1,Pirate Punk Concept Art,2021,501,0
5006788-1,TROPICON Concept Art,2021,501,0
5006789-1,Robo HIP HOP Concept Art,2021,501,0
5006790-1,K-PAWP Concept Art,2021,501,0
5006791-1,Candy Pop Concept Art,2021,501,0
5006794-1,Signed L.L.A.M.A. Poster,2021,501,0
5006795-1,TROPICON Wardrobe Poster,2021,501,0
5006805-1,100 Ways to Rebuild the World,2020,497,0
5006806-1,City: Build Your Own Adventure: Catch The Crooks,2020,497,70
5006807-1,Cute Ideas,2020,497,35
5006808-1,Disney Princess: Enchanted Treasury,2020,497,4
5006809-1,The LEGO Games Book,2020,497,45
5006811-1,LEGO Minifigure: A Visual History New Edition,2020,497,5
5006814-1,"Winnie the Pooh Sketch: ""Friday""",2021,501,0
5006815-1,"Winnie the Pooh Sketch: ""Paths""",2021,501,0
5006816-1,"Winnie the Pooh Sketch: ""Buddy Boys""",2021,501,0
5006817-1,"Winnie the Pooh Sketch: ""Good Day""",2021,501,0
5006818-1,"Winnie the Pooh Sketch: ""Hello""",2021,501,0
5006823-1,Gear Bots,2020,498,62
5006824-1,Make Your Own Movie,2018,497,36
5006848-1,Shark Suit Guy Key Light,2022,503,0
5006849-1,Disney Princess: Meet Belle,2021,497,0
5006850-1,Disney Princess: Meet Moana,2021,497,0
5006851-1,Super Nature,2021,497,51
5006853-1,Star Wars: Yoda's Galaxy Atlas,2021,497,7
5006854-1,Life Hacks,2021,497,0
5006855-1,Grogu Bag Tag,2021,501,0
5006858-1,Statue of Liberty Bag Tag,2022,501,0
5006860-1,Grogu Key Light,2021,503,0
5006865-1,Creationary Travel Edition,2021,501,0
5006866-1,Storage Brick Multi-Pack 4 Pieces,2022,501,0
5006875-1,Desk Drawer 2 x 2 (Light Bluish Gray),2022,501,0
5006880-1,Harry Potter: Magical Treasury: A Visual Guide to the Wizarding World,2020,497,5
5006881-1,Ninjago: Character Encyclopedia: New Edition,2021,497,5
5006883-1,Halloween Ideas,2020,497,30
5006890-1,Rebuildable Flying Car,2021,598,113
5006911-1,Vintage Camera,2021,598,179
5006955-1,Storage Head L (Silly),2021,501,0
5006956-1,Storage Head L (Winking),2021,501,0
5006974-1,Sorting Box (Blue),2022,501,0
5006976-1,Brick Hip Pack (Navy),2021,501,0
5006978-1,Masters' Book of Secrets,2021,497,0
5007016-1,1950's Retro Tin Sign,2021,501,0
5007023-1,VIP Fleece Blanket,2021,501,0
5007024-1,Anniversary Box,2021,497,9
5007029-1,Luigi Key Chain,2021,503,0
5007029-2,Luigi Key Chain (Gold),2021,503,0
5007030-1,Ice Cube Tray (Blue),2022,501,0
5007043-1,Spider-Man Comic Print,2021,501,0
5007060-1,The Team-Up Bundle,2021,690,0
5007061-1,The Creative Bundle,2021,690,0
5007062-1,The Ultimate Bundle,2021,690,0
5007065-1,Mystery Minifigure Mini Puzzle (Red Edition),2021,501,0
5007066-1,Space Stars,2021,501,0
5007067-1,Ideas Minifigure Space Mission Puzzle,2022,501,0
5007068-1,Ice Cream Dreams Puzzle,2020,501,0
5007070-1,Minifigure Faces Puzzle,2020,501,0
5007071-1,Minifigure Puzzle,2020,501,0
5007072-1,Rainbow Bricks Puzzle,2021,501,0
5007089-1,Vintage-style Octan Cap,2022,501,0
5007090-1,Retro Space Logo Cap,2022,501,0
5007093-1,Retro Spinning Keychain 1950s Logo,2022,503,0
5007094-1,Kids Silly Face Cap,2022,501,0
Jan-07,Basic Motor 4.5V,1987,443,1
5007107-1,Wooden Book Rack (Light Oak),2021,501,0
5007108-1,Wooden Book Rack (Dark Oak),2021,501,0
5007109-1,Wooden Picture Frame (Light Oak),2021,501,0
5007110-1,Wooden Picture Frame (Dark Oak),2021,501,0
5007111-1,Wooden Desk Drawer 2 x 4 (Light Oak),2021,501,0
5007112-1,Wooden Wall Hanger Set (Dark Oak),2021,501,0
5007113-1,Wooden Desk Drawer 2 x 2 (Light Oak),2021,501,0
5007114-1,Wooden Wall Hanger Set (Light Oak),2021,501,0
5007115-1,Wooden Desk Drawer 2 x 2 (Dark Oak),2021,501,0
5007116-1,Wooden Desk Drawer 2 x 4 (Dark Oak),2021,501,0
5007117-1,Belle & Beast Art Print,2021,501,0
5007118-1,Frozen Art Print,2021,501,0
5007119-1,Rapunzel Art Print,2021,501,0
5007136-1,Darth Vader Minifigure Plush,2019,501,0
5007137-1,Stormtrooper Minifigure Plush,2019,501,0
5007138-1,The Mandalorian Bag Tag,2022,501,0
5007155-1,Ninjago Tin Sign,2022,501,0
5007156-1,City Tin Sign,2022,501,0
5007157-1,Friends Tin Sign,2022,501,0
5007158-1,Rebuild The World Tin Sign,2022,501,0
5007159-1,LEGO Logo Tin Sign,2022,501,0
5007172-1,I [Heart] BCN Tote Bag,2021,501,0
5007178-1,Minifigure Notes: 20 Notecards and Envelopes,2021,501,0
5007179-1,Small Parts: The Secret Life of Minifigures,2020,497,0
5007180-1,2022 Wall Calendar,2021,501,0
5007181-1,City Fire Chief Plush Throw,2022,501,0
5007182-1,City Town Map Plush Throw,2022,501,0
5007183-1,City Police Plush Throw,2022,501,0
5007184-1,Butterfly Plush Throw,2022,501,0
5007185-1,Mermaid Plush Throw,2022,501,0
5007203-1,City Pair Cards,2022,501,0
5007204-1,Disney Princess Ultimate Celebration Bundle,2021,579,0
5007211-1,Mighty LEGO Mechs,2021,497,0
5007212-1,How to Build LEGO Cars,2021,497,0
5007213-1,How to Build LEGO Houses,2021,497,0
5007215-1,Magical Ideas,2021,497,32
5007219-1,DOTS Felt Stickers,2022,501,0
5007220-1,DOTS Craft Tape,2022,501,0
5007224-1,Note Brick (Yellow),2021,501,0
5007225-1,Disney Princess Mosaic and Artwork,2021,501,0
5007226-1,Stormtrooper Notebook,2022,501,0
5007227-1,Boba Fett Notebook,2022,501,0
5007229-1,Shark Suit Guy Bag Tag,2022,501,0
5007230-1,Silicone NiteLite (All Colors),2022,501,0
5007235-1,Brick 1x2 Backpack (Green),2021,501,0
5007249-1,Brick 1x2 Backpack (Black),2021,501,0
5007253-1,Brick 1x2 Backpack (Bright Red),2021,501,0
5007259-1,UK Policeman Key Light,2022,503,0
5007260-1,UK Policeman Bag Tag,2022,501,0
5007273-1,Minifigure Lunch Set,2019,501,0
5007274-1,Friends: Girls Rock Lunch Set,2022,501,0
5007275-1,Ninjago Lunch Set,2022,501,0
5007290-1,Darth Vader Key Light,2022,503,0
5007291-1,Stormtrooper Key Light,2022,503,0
5007326-1,I Love London Bag Tag,2022,501,0
5007332-1,The Secrets of LEGO House,2022,497,0
5007337-1,Luigi鈥檚 Mansion Madness Bundle,2022,690,0
5007338-1,The Beach Blast Bundle,2022,690,0
5007367-1,Harry Potter: Magical Secrets,2020,497,7
5007368-1,Jurassic World: Dinosaur Adventures,2020,497,6
5007369-1,City: Stop the Fire!,2021,497,20
5007373-1,Harry Potter: Let's Play Quidditch,2021,497,6
5007374-1,Everything Is Awesome: A Search-and-Find Celebration of LEGO History,2022,497,0
5007403-1,Mandalorian Beskar Key Chain,2022,503,0
5007405-1,"Star Wars: The Skywalker Saga Deluxe Edition 鈥?Xbox Series X/S, Xbox One",2022,501,0
5007406-1,Star Wars: The Skywalker Saga Deluxe Edition 鈥?Nintendo Switch,2022,501,0
5007407-1,Star Wars: The Skywalker Saga Deluxe Edition 鈥?PlayStation 5,2022,501,0
5007408-1,Star Wars: The Skywalker Saga Deluxe Edition 鈥?PlayStation 4,2022,501,0
5007418-1,Ferrari Daytona SP3: The Sense of Perfection,2022,497,0
5007429-1,LEGO CON 2022 T-Shirt,2022,501,0
5007433-1,LEGO CON 2022 Pullover Hoodie,2022,501,0
5007483-1,Brick Wallet,2021,501,0
5007484-1,Minifigure Print Wallet,2020,501,0
5007500-1,Limited Edition Star Wars UCS Print,2022,501,0
5007501-1,Exclusive Star Wars Landspeeder Print,2022,501,0
5007504-1,Vintage LEGO Logo Poster,2022,501,0
5007505-1,Duck Lenticular Sticker,2022,501,0
5007542-1,5-Minute Builds,2021,497,50
5007543-1,City: Cop vs. Robber,2020,497,16
5007545-1,90 Years of Play Tote Bag,2022,501,0
Jan-08,Brick Separator,1990,443,1
Jan-09,"Building Plate 16 x 32, Yellow",1990,443,1
Jan-50,Universal Building Set,1976,469,390
Jan-10,"Building Plate 16 x 32, Green",1990,443,1
5010909-1,Creative Animals with Building Plate Bundle,2020,505,0
Jan-11,9V Basic Motor,1992,443,1
Jan-12,Soccer Player with Goal,2003,462,15
501-3,JUMBO Pull Toy,1966,369,9
Jan-13,Basketball,2003,459,25
Jan-14,Hockey Players,2003,461,27
Jan-15,Skateboard Bill,2003,460,17
Jan-16,Basketball Promotional Set,2003,459,17
Jan-17,Hockey Promotional Set,2003,461,35
Jan-18,Gravity Games Promotional Set,2003,460,17
Jan-21,Wagons,1998,443,2
502-2,Pre-School Medium Set,1968,369,8
Jan-22,Bricks with Studs,1998,443,4
Jan-23,Fences,1998,443,4
Jan-24,Duplo Train,1997,443,4
Jan-25,Tubes,1999,443,7
Jan-26,"Toolo Loader, Hook and Turntable",1997,443,3
Jan-27,Start-Stop Rail and Straight Rail,1996,634,3
Jan-28,Plate 4 x 4,1996,443,1
Jan-29,Family (Caucasian),1996,504,11
Jan-30,Signs for Use with Lighting Bricks 9V,1992,443,16
503-1,Basic Building Set,1987,467,39
Jan-31,"Propellers, Wheels, Rotor Unit",1987,443,15
503-2,Pre-School Large Set,1968,369,16
Jan-32,Jack,1987,443,1
Jan-33,1x4 Lighting Brick and 4 Colour Globes,1987,443,5
Jan-34,1x2 Lighting Brick and 4 Colour Globes,1987,443,5
Jan-35,"Town Siren, 2 x 2",1987,443,1
Jan-36,"Space Siren, 2 x 2",1987,443,1
Jan-37,Current Carrying Plates,1988,443,9
Jan-38,9V Battery Box,1988,443,1
Jan-39,Monorail Stop / Reverse Switch,1987,443,3
Jan-40,Monorail 9V Motor,1988,443,1
504-1,Basic Building Set,1985,467,41
Jan-41,Wire for 9V (9cm),1988,453,1
Jan-42,"Space Light and Radar Plates, Disks, Cones",1991,443,50
Jan-43,"Mini Antennas, Control Sticks and Antennas",1991,443,26
5043101-1,Bandmates Bundle,2021,713,0
5043102-1,The Ultimate Boombox Bundle,2021,713,0
5043103-1,Punk Pirate Bundle,2021,713,0
5043104-1,Candy and Robo Bundle,2021,713,0
5043105-1,The Dynamic Diva Bundle,2021,713,0
5043106-1,Robo and Bandmates Bundle,2021,713,0
5043107-1,The Ultimate Pop Bundle,2021,713,0
Jan-44,"Plateau, Approach for Harbour",1991,443,3
Jan-45,"Magnets, Magnet Holders",1991,443,12
Jan-46,"Hub, Tire and Wheel Suspension",1991,443,10
Jan-47,"Hinges, Couplings, Turntables",1993,443,30
Jan-48,Town Accessories,1993,443,36
Jan-49,Transparent Windows and Bricks,1993,443,8
Jan-50,Plane Accessories,1993,443,27
Jan-51,"Windscreens, Seats, Steering Wheel",1993,443,14
Jan-52,"Antennas, Control Sticks",1993,443,39
Jan-53,"Small Plates with Tool Holders, Disks, Cones",1993,443,76
Jan-54,Decorated Elements,1993,443,28
Jan-55,Magnets and Magnet Holders,1993,443,12
Jan-56,Space Elements,1993,443,37
Jan-57,Space Accessories,1993,443,27
Feb-57,Body Art Set,2005,500,0
Jan-58,Pirate Accessories,1993,443,32
Jan-59,Castle Equipment,1993,443,34
Jan-60,Cannons,1993,443,16
5060222-1,Police Patrol Bundle,2020,61,0
Jan-61,"Connector Leads, 75cm and 25cm",1987,456,6
Jan-62,Shunting Trip Posts and Signal,1987,456,4
Jan-63,Power Supply Rail,1987,456,1
Jan-64,Locomotive Wheels,1987,456,8
Jan-65,3m Wiring and Two-Way Plug,1987,443,11
Jan-66,Magnetic Train Coupler,1987,456,6
Jan-67,"Rubber Wheel Rims, Grey",1987,456,8
Jan-68,Motor Frame and Coupling,1987,456,5
Jan-69,12V Lighting Bricks,1987,443,2
Jan-70,"Wheel Sets, Black",1987,456,2
507-1,Basic Building Set,1987,467,60
Jan-71,"Wheel Sets, Large, Red",1987,456,2
Jan-72,"Wagonplate, 6 x 28 Studs",1987,456,1
Jan-73,Light Transmitting Elements for Train Sets,1987,456,7
Jan-74,"Bogie Plates, Black",1987,456,2
Jan-75,"Battery Tender, Red",1987,456,2
5075546-1,Ultimate Mischief Maker Bundle,2021,689,0
5075547-1,Mega Minion Mayhem Bundle,2021,689,0
Jan-76,Plates 2 x 8,1989,443,8
Jan-77,Sliding Gates and Rails,1987,443,6
Jan-78,Crane Accessories,1993,443,15
Jan-79,Change-Over Unit,1989,456,1
50799-1,Knights' Kingdom Adventure Box,2005,198,1
Jan-80,Remote Control for Switch,1989,456,1
508-1,Basic Building Set,1985,467,66
Jan-81,Remote Control for Signal,1989,456,1
Jan-82,Flash Light Unit,1989,456,1
Jan-83,Remote Control for Crossing,1989,456,1
Jan-84,12V Light Brick,1989,443,1
Jan-85,Power Supply Rail with Socket,1989,456,1
Jan-86,12V Motor (old),1993,443,1
Jan-87,Toolo Wrench,1996,443,1
Jan-88,Long Beams,1995,443,4
Jan-89,African Family,1995,504,11
Jan-90,Asian Family,1995,504,11
509-1,38 Slimbricks Assorted Sizes,1965,371,38
Jan-91,Hispanic Family,1995,504,11
Jan-98,Toolo Screwdriver,1992,443,1
Jan-99,Pneumatic Valves,1997,453,1
50999-1,Friendship Box,2005,500,1
Jan-00,TECHNIC Battery Box,1987,453,1
510-1,Basic Building Set,1985,467,102
Jan-01,4.5v TECHNIC Motor,1987,453,1
510-2,Tiles,1965,371,52
Jan-02,"Pneumatic Tube, 60 cm and 100 cm",1987,453,2
510-3,Building Set,1969,505,17
Jan-03,"Pneumatic Spring Cylinder, 48 mm",1987,453,1
Jan-04,"Pneumatic Cylinder, 48 mm",1987,453,1
Jan-05,"Pneumatic Cylinder, 64 mm",1987,453,1
Jan-06,Two-Way Valve and Non-Return Valve,1987,453,2
Jan-07,Pneumatic Pump 2 Cylinder,1991,453,1
Jan-08,Pneumatic Piston 2 Cylinder,1989,453,1
Jan-09,Pneumatic Tubes and Pieces,1989,453,6
Jan-10,Pneumatic Value Pack,1997,453,0
Feb-10,"Cross Axles, Nuts",1990,453,26
511-1,Building Set,1969,505,27
Jan-11,"9V Motor Wire, 128cm",1990,453,1
Jan-12,"Lifting Grabs, Crane Hook",1987,453,3
Jan-13,TECHNIC Airscrew,1987,453,1
Jan-14,Extra 9 Volt Motor,1991,453,1
Jan-15,9V Battery Box,1992,453,1
Jan-16,Pneumatic Cylinder 1.25,1997,453,1
Jan-17,Compressor Pump,1997,453,7
Jan-18,TECHNIC Cables,1995,453,35
Jan-19,Micro Motor,1996,453,4
Jan-20,Polarity Switch,1993,453,2
512-1,Building Set,1970,505,20
Jan-21,Decorated Elements,1994,443,30
Jan-22,Pirate Accessories,1994,443,29
Jan-24,Wheels and Bearings,1994,443,28
Jan-25,Spaceport Accessories,1995,443,36
Jan-26,Crane and Digger Accessories,1995,443,18
Jan-27,Antennas and Control Sticks,1995,443,37
Jan-28,"Transparent Plates, Bricks, Toolholders",1996,443,80
Jan-29,Space Accessories,1996,443,25
Jan-30,"Windows, Seats, Steering Wheels",1996,443,14
513-1,Building Set,1970,505,31
Jan-31,"Hinges, Couplings, Turntables",1996,443,30
Jan-32,"Wheels, Bearings and Suspension",1995,443,32
Jan-33,Town Accessories,1996,443,47
Jan-34,Cannons and Wheels,1995,443,28
Jan-35,Castle Accessories,1995,443,34
Feb-35,Castle Accessories,1996,443,39
Jan-36,Belville Accessories,1995,443,18
Jan-37,Town Accessories,1994,443,44
Jan-38,Castle Accessories,1994,443,39
Jan-39,Cannons with Wheels,1994,443,28
Jan-40,"Bricks, Red",1987,443,62
514-1,Pre-School Building Set,1972,504,25
Jan-41,"Bricks, Blue",1987,443,62
Jan-42,"Bricks, White",1987,443,62
Jan-43,"Bricks, Yellow",1987,443,62
Jan-44,"Bricks, Black",1987,443,62
Jan-45,"Bricks, Gray",1987,443,62
Jan-46,"Plates, Blue",1987,443,42
Jan-47,"Plates, Red",1987,443,42
Jan-48,Wheels,1987,443,40
Jan-49,Doors and Windows,1987,443,38
Jan-50,Pirate Elements,1990,443,35
515-1,Basic Building Set,1990,467,115
Jan-51,"Roof Bricks, Red, 45 Degrees",1987,443,59
51515-1,Robot Inventor,2020,258,949
51519-1,Round Eraser Set (Lime and Red),2015,501,0
515-2,Building Set,1973,505,31
Jan-52,"Roof Bricks, Red, 25 Degrees",1987,443,60
Jan-53,Plane Accessories,1991,443,23
Jan-54,Decorated Elements,1991,443,26
Jan-55,Space Jets and Wings,1991,443,19
Jan-56,Transparent Bricks,1991,443,17
Jan-57,Town and Space Equipment,1991,443,32
Jan-58,"T-Junction, Circle Plates",1990,443,2
Jan-59,Straight Runways,1990,443,2
Jan-60,Aquazone Accessories,1995,443,21
51608-1,Friends Brick Erasers,2012,501,0
516-1,Bricks and Half Bricks,1975,505,20
Jan-61,Inverted Slope Bricks,1987,443,16
Jan-62,Fences and Gates,1987,443,10
Jan-63,"Turntables, 4 x 4 and 2 x 2",1987,443,8
51639-1,12 Gel Pens,2018,501,0
Jan-64,"Hinges, Turntables and Couplings",1991,443,20
Jan-65,"Hinges, Couplings and Tilting Bearings",1991,443,32
Jan-66,"Lampholders, Plates with Holder",1991,443,18
Jan-67,"Hinges, Tilt Bearings",1987,443,16
Jan-68,Digger Bucket Assembly,1987,443,4
Jan-69,Crane Set Assembly,1987,443,7
517-1,Basic Building Set,1987,467,123
Jan-71,Decorated Elements,1987,443,28
517-2,"Bricks, Half Bricks and Arches",1975,505,20
Jan-72,Rocket Stages,1987,443,30
Jan-73,Space Jet & Wings,1987,443,19
Jan-74,Wheels and Bearings,1987,443,28
51750-1,Vacation Batman Luggage Tag,2017,501,0
Jan-75,Space Elements,1987,443,26
51757-1,The LEGO Batman Movie: Eraser Set,2017,501,0
51758-1,The LEGO Batman Movie: Eraser Set,2017,501,0
51759-1,The LEGO Batman Movie: 3 Eraser Set,2017,501,0
51760-1,The LEGO Batman Movie: 3 Eraser Set,2017,501,0
Jan-76,Transparent Bricks,1987,443,19
Jan-77,Town and Space Accessories,1987,443,35
Jan-78,Plane Accessories,1987,443,23
Jan-79,Hinges and Couplings,1987,443,26
Jan-80,"T-Junction, Circle (Airport)",1987,443,2
518-1,2 x 4 Plates (cardboard box version),1962,371,24
Jan-81,"Runways, Straight (Airport)",1987,443,2
Jan-82,Hinges and Couplings,1989,443,19
Jan-83,Hinges and Couplings,1989,443,32
Jan-84,Castle Equipment,1989,443,38
Jan-85,Dustbins with Lids,1989,443,8
Jan-86,Fence,1989,443,10
51864-1,The LEGO Ninjago Movie: 2 Pencils Set,2017,501,2
Jan-87,Bricks with Groove and Garage Panels,1989,443,26
51876-1,The LEGO Ninjago Movie: Eraser Set,2017,501,0
518-8,"Bricks, Half Bricks and Trolley",1975,505,17
Jan-88,"Seats, Steering Wheels and Windscreens",1989,443,10
51882-1,Lloyd Luggage Tag,2017,501,0
51883-1,Kai Luggage Tag,2017,501,0
51884-1,Sensei Wu Luggage Tag,2017,501,0
51885-1,Nya Luggage Tag,2017,501,0
51886-1,Garmadon Luggage Tag,2017,501,0
51887-1,Jay Luggage Tag,2017,501,0
518-9,2 x 4 Plates (architectural hobby und modelbau version),1962,371,26
Jan-89,Ladder (Black and Grey),1989,443,16
Jan-90,Seats and Windscreens,1989,443,7
519-1,2 x 3 Plates (cardboard box version),1962,371,30
Jan-91,Balloon Tires,1989,443,4
Jan-92,Cypress Trees,1989,443,2
Jan-93,Sloping Frames,1989,443,6
51932-1,The LEGO Batman Movie: Batman Eraser,2017,501,0
51933-1,The LEGO Batman Movie: The Joker Eraser,2017,501,0
51934-1,The LEGO Batman Movie: Harley Quinn Eraser,2017,501,0
51935-1,The LEGO Batman Movie: Batgirl Eraser,2017,501,0
51936-1,The LEGO Batman Movie: Robin Eraser,2017,501,0
51940-1,The LEGO Batman Movie: Brick Eraser Set,2017,501,0
Jan-94,"Hinge Plate, Fork-Lift",1989,443,3
51945-1,The LEGO Ninjago Movie: Lloyd Eraser,2017,501,0
51946-1,The LEGO Ninjago Movie: Kai Eraser,2017,501,0
51947-1,The LEGO Ninjago Movie: Master Wu Eraser,2017,501,0
Jan-95,Assorted Arches,1989,443,6
Jan-96,"Crane, Crane Hooks and Ladders",1989,443,5
51966-1,The LEGO Ninjago Movie: Eraser Set,2017,501,0
51967-1,The LEGO Batman Movie: Vacation Batman Eraser,2017,501,0
51970-1,The LEGO Ninjago Movie: Nya Eraser,2017,501,0
Jan-97,"Lampholders, Plate with Holders",1989,443,24
51973-1,The LEGO Batman Movie: Brick Eraser Set,2017,501,0
51974-1,The LEGO Ninjago Movie: Brick Erasers Set,2017,501,0
519-8,"Bricks, Half Bricks, Arches, Trolley",1975,505,21
Jan-98,"Small Plates, Disks and Cones",1989,443,56
519-9,2 x 3 Plates (architectural hobby und modelbau version),1962,371,32
Jan-99,Mini Antennas and Stick,1989,443,32
5月2日,Velveeta Set No. 5,1967,371,20
Jan-00,Signal Masts and Feet,1987,456,8
520-1,2 x 2 Plates (cardboard box version),1962,371,40
Jan-01,Angle Pieces,1997,453,20
520-16,Basic Building Set,1985,467,173
520-17,"Bricks, Half Bricks, Two Trolleys",1975,505,21
Jan-02,Angle Beams,1997,453,8
Jan-03,Silver Wheels,1999,453,4
Jan-04,Cyber Slam Accessories,1999,453,11
Jan-05,Pulleys and Rubber Belts,1999,453,14
Jan-06,Speed Computer,2000,19,19
520-9,2 x 2 Plates (architectural hobby und modelbau version),1962,371,42
Jan-10,Elastic Bands,1997,453,1
521-1,1 x 1 and 1 x 2 Plates (cardboard box version),1962,371,80
Jan-11,Explore Half Strata Box,2003,505,110
Jan-12,Explore Strata,2003,505,140
Jan-13,Big Bricks Box,2003,505,140
Jan-15,"Bricks Assorted, Green",1999,443,62
Jan-16,"Roof Bricks Assorted, Black",1999,443,57
Jan-17,Black Plates Assorted,1999,443,42
521-8,All Bricks in All Colors,1975,505,31
Jan-18,Pneumatic Pack,2000,19,152
521-9,1 x 1 and 1 x 2 Plates (architectural hobby und modelbau version),1962,371,82
Jan-19,Wheel Pack,2000,19,28
Jan-20,Styling Pack,2000,19,221
522-1,Police Station,1977,504,25
Jan-21,Motor Pack,2000,19,55
Jan-22,Chassis Pack,2000,19,137
52228-1,First Order TIE Fighter Bag Tag,2019,501,0
Jan-23,Wind-up Motor,2001,19,41
Jan-25,9v Motor with gear reduction,1998,453,1
Jan-26,Cross Axles,1998,453,18
Jan-27,Fiber Optic Cables,2000,453,8
Jan-28,Small Beams and Plates,1997,453,26
Jan-29,Gears & Differentials,1997,453,23
Jan-30,Yellow Tub (Explore),2003,505,100
523-1,Train and Station,1977,505,51
Jan-31,TECHNIC Beams and Plates [Yellow],1987,453,20
52314-1,The Lego Movie 2 Stationery Set,2019,501,0
Jan-32,TECHNIC Beams and Plates [Blue],1987,453,18
52323-1,The LEGO Movie 2 Unikitty Eraser,2019,501,0
52324-1,The LEGO Movie 2 Galactic Duo Eraser Set,2019,501,0
52325-1,The LEGO Movie 2 Duplo Eraser Set,2019,501,0
Jan-33,Bedroom,1980,405,164
Feb-33,Small Beams and Plates with holes,1993,453,26
Jan-34,TECHNIC Beams and Plates {black},1987,453,20
52348-1,Lightsaber Gel Pen,2019,501,0
Jan-35,Large Beams with Holes,1993,453,10
Feb-35,Schoolroom,1982,405,233
Jan-36,TECHNIC Beams [Blue],1987,453,8
52365-1,Sweet Mayhem Staticker,2019,501,0
52370-1,Emmet Staticker,2019,501,0
Jan-37,TECHNIC Beams {black},1987,453,8
Jan-38,TECHNIC Beams {red},1987,453,8
Jan-39,Cross Axles,1987,453,34
52394-1,Buildable Ruler (Yellow),2016,501,28
52395-1,Buildable Ruler (Red),2016,501,28
52396-1,Buildable Ruler (Green),2016,501,28
52397-1,Buildable Ruler (Medium Lavender),2016,501,28
52398-1,Buildable Ruler (Black),2016,501,28
52399-1,Buildable Ruler (Blue),2016,501,28
Jan-40,TECHNIC Wheels with 43 mm + 24 mm tyres,1987,453,12
524-1,Town,1977,505,63
Jan-41,Gear Wheel Assortment,1987,453,21
Jan-42,Differential Gear Housing,1987,453,19
Jan-43,TECHNIC Chainlinks,1987,453,70
Jan-44,TECHNIC Bulldozer Chainlinks,1987,453,54
Jan-45,"Differential Gears / Universal Joint, Differential Housing and Wheels",1994,453,6
Jan-46,X-Large Tires / 81 mm Tyres and Hubs,1987,453,4
Jan-47,Toggle Joints,1987,453,66
Jan-48,62 mm Tires and Hubs / 62 mm Tyres and Hubs,1987,453,4
52489-1,Golden Ninja Bag Tag,2019,501,0
Jan-49,TECHNIC Beams and Plates [Red],1987,453,20
Jan-50,TECHNIC Beams {yellow},1987,453,8
525-1,Basic Building Set,1990,467,185
Jan-51,Shock Absorbers,1989,453,4
Jan-52,Large Shock Absorbers,1993,453,2
Jan-53,"Cross Axles (Sizes 2, 3, 4, 6)",1987,453,12
Jan-54,"Cross Axles (Sizes 8, 10, 12)",1987,453,9
Jan-55,Connector Pegs / Connectorpegs,1987,453,30
52558-1,Buildable Ruler with Minifigure,2019,501,31
Jan-56,Suspension Pack,1989,453,12
Jan-57,"Connector Pegs, Toggle Joints, and Wheels",1987,453,25
Jan-58,"Crown Wheels, Gear Racks, Point Wheels, Worm Gears",1987,453,10
Jan-59,"Universal Joint, Rubber Bands, and Wheels",1987,453,12
52600-1,Gel Pen with Minifigure (Blue),2019,501,3
Jan-60,Connecting Rods and Stop Bushes,1987,453,32
52601-1,Gel Pen with Minifigure (Black),2019,501,3
52602-1,Gel Pen with Minifigure (Red),2019,501,0
52608-1,Luggage Tag (2 x 4 Orange),2019,501,0
Jan-61,"Plates, Gear Racks, etc.",1987,453,14
Jan-62,Gear Wheels,1987,453,9
Jan-63,"Universal Joint, Differential Housing, and Point Wheels",1987,453,6
52633-1,Ollie Luggage Tag,2020,501,0
52635-1,LEGOLAND Boy Bag Tag,2020,501,0
52636-1,LEGOLAND Girl Bag Tag,2020,501,0
Jan-64,Rotors and Bush/Cross Axles,1987,453,24
Jan-65,Large Tires and Wheels / TECHNIC Wheels with 43 mm + 24 mm Tyres,1989,453,16
Jan-66,"Gear Wheel Assortment / Gear Racks, Gear Wheels and Pulley Wheels",1989,453,22
Jan-67,Cross Axles & Extensions,1993,453,16
Jan-68,Small Tires,1995,453,8
Jan-69,"Liftarms & Triangles / Liftarms, Triangles etc.",1995,453,12
Jan-70,43 mm Tires and Hubs / 43 mm Tyres and Hubs,1987,453,4
527-1,Basic Building Set,1987,467,196
Jan-71,White Hubs & Tires / 49.6 mm Tyres & Hubs,1991,453,4
Jan-72,Cylinder Motor,1991,453,9
Jan-73,Tires,1992,453,4
Jan-74,"8 Tires / Tyres (4x24, 4x 30 mm) w/hubs",1992,453,16
Jan-75,Toggle Joints and Connectors,1993,453,48
Jan-76,"Gear Wheels Etc. / Gear Wheels, Worm Gears, Universal Joints and Gear Racks",1993,453,23
Jan-77,Pulleys & V-Belts,1993,453,12
Jan-78,TECHNIC Chainlinks,1994,453,35
Jan-79,"Plates, Gear Racks",1993,453,16
Jan-80,"Liftarms & Triangles / Liftarms, Triangles",1995,453,10
528-1,Building Set,1978,505,24
Jan-81,Balloon Tires Medium,1994,453,4
Jan-82,Balloon Tires Large,1994,453,4
Jan-83,Balloon Tires Small,1994,453,4
Jan-84,Loading Grabs,1996,453,3
Jan-85,2 Large Shock Absorbers / Large Shock Absorbers,1994,453,2
Jan-86,Toggle Joints & Connectors,1994,453,64
Jan-87,"Plates & Gear Racks / Plates, Gear Racks etc.",1995,453,18
Jan-88,Worm Gear Boxes,1995,453,12
Jan-89,Toggle Joints & Connectors,1996,453,64
Jan-90,Plates & Gear Racks,1996,453,16
529-1,Animals,1978,505,40
Jan-91,Liftarms & Triangles,1996,453,12
Jan-92,LEGO TECHNIC Storage Case,1996,453,1
Jan-93,9V Battery Box,1996,453,1
Jan-94,"Toggle Joints & Connectors / Pegs, Bushings, & Couplers",1998,453,60
Jan-95,Racks & Pivots,1998,453,12
5月3日,Basic Set,1973,469,330
Jan-00,Electric Train Motor,1991,456,3
530-1,Basic Building Set,1985,467,273
Jan-01,Wagon Plate 6 x 28,1992,456,1
530-2,Puppy,1976,505,10
Jan-02,"Bogieplates, Black",1992,456,2
Jan-03,"Buffers, Magnets & Couplers",1992,456,6
Jan-04,Wheelsets,1992,456,2
Jan-05,Connection Wire,1992,456,1
Jan-06,Plates 2x2 with Wire 9 V 26 cm,1992,453,1
Jan-07,Head Light Brick,1992,456,3
Jan-08,Head Light Brick,1994,456,3
Jan-09,"Wagon Plate, Red (6 x 28)",1996,456,1
Jan-10,Lighting Brick,1996,456,4
531-1,Elephants,1976,505,21
Jan-11,9V Wires (25.6 cm),1996,443,1
Jan-13,Space Port Accessories,1999,443,17
Jan-14,RES-Q Equipment (Tools),1999,443,31
Jan-15,Connectors,1999,443,60
Jan-16,Transparent Elements,1999,443,61
Jan-17,Wild West Accessories,1999,443,48
Jan-18,Head Wear,1999,443,26
Jan-19,Decorated Elements,1999,443,19
Jan-20,"Plates, Small",1999,443,66
532-1,Pull-Along Ducks,1976,505,20
Jan-21,Large Plates,1999,443,10
Jan-22,Bucket (Small Idea Bucket),2001,505,60
Jan-27,Small Bucket,2001,505,60
533-1,Basic Set,1984,469,93
533-2,Racer,1977,505,4
Jan-39,Small Bucket with Dog,2001,505,43
534-1,Bath-Toy Boat,1978,632,3
Jan-42,Bucket,2001,505,34
Jan-49,Quatro 100,2004,441,100
Jan-50,Large Bucket (Explore),2004,505,90
535-1,Basic Building Set,1990,467,348
Jan-51,Bucket (Explore),2004,505,90
535-2,Taxi,1977,505,5
Jan-52,Tub (Bucket),2004,505,140
Feb-52,50th Anniversary Tub,2005,505,140
Mar-52,Tub,2006,505,127
Jan-53,Tub (Bucket),2004,505,140
Jan-54,Tube,2004,505,80
Jan-55,Small Bucket,2004,441,21
Jan-56,Medium Bucket,2004,441,51
Jan-57,Large Bucket,2004,441,76
Feb-57,Bucket,2006,441,71
Jan-58,Extra Large Bucket,2004,441,101
Jan-59,Block-O-Dile,2004,505,27
536-1,Camping,1977,505,10
Jan-61,Quatro 50,2005,441,50
Jan-63,Mountain Climber,2004,441,1
Jan-67,Yellow Tub,2005,516,100
Jan-69,Creator Tub,2005,22,700
Jan-70,Large Make and Create Bucket with Special LEGO Bonus Bricks,2005,34,0
5370a-1,Large Make and Create Bucket with Special LEGO Bonus Bricks (Bucket and its contents only),2005,34,500
5370b-1,Large Make and Create Bucket with Special LEGO Bonus Bricks (Bonus box and its contents only),2005,34,201
537-1,Basic Building Set,1987,467,271
Jan-71,Bucket Green,2005,505,90
537-2,Mary's House,1977,505,18
Jan-72,Skeleton Chariot,2008,193,25
Jan-73,Knight & Catapult,2008,193,23
Jan-78,Hogwarts Castle,2007,246,946
Jan-80,Large Brick Box,2007,505,71
Feb-80,Large Brick Box - Green Plate,2008,505,71
Jan-81,Adventurer's Accessories,1998,443,27
Jan-82,Aquazone Accessories,1998,443,19
Jan-83,Castle Accessories,1998,443,36
Jan-84,Space Accessories,1998,443,21
Jan-85,Special Edition Bucket,2004,505,40
Jan-86,Antennas and Control Sticks,1998,443,38
Jan-87,Belville Beach Accessories,1998,443,13
Jan-88,"Hinges, Couplings and Turntables",1998,443,29
Jan-89,Diving Accessories,1998,443,37
Jan-90,Crane and Digger Accessories,1998,443,14
Jan-91,9V Battery Box,1997,443,1
Jan-92,Wild West Accessories,1997,443,37
Jan-93,Headgear (Hats and Hair),1997,443,31
Jan-94,Horses and Saddles,1997,443,12
Jan-95,Belville Hospital Accessories,1996,443,8
Jan-96,Transparent Windows and Bricks,1996,443,8
Jan-97,Magnets and Magnet Holders,1996,443,12
Jan-98,Decorated Elements,1996,443,43
Jan-99,Belville Fairy Tale Accessories,1999,443,25
5月4日,Large House Set,1971,433,307
Jan-00,Fashion Accessories,1997,443,21
540-1,Basic Building Set,1985,467,421
Jan-01,Kitchen Accessories,1997,443,17
540-2,Police Units,1979,67,45
Jan-02,Floor Plate,1997,443,1
540-3,Swiss Villa,1973,413,150
Jan-03,Floor Plate,1997,443,1
Jan-04,House,1997,443,28
Jan-05,Floor Plate,1998,443,1
Jan-54,UFO Action Pack,1997,144,0
Jan-10,Emma,1997,443,12
Jan-12,Andrea,1997,443,11
Jan-13,Dressing Up Accessories,1999,443,26
Jan-14,Kitchen Set,1999,443,27
Jan-15,Garden Set,1999,443,19
Jan-16,Brick Box,2007,505,33
Feb-16,Brick Box,2009,505,33
Jan-17,Deluxe Brick Box,2007,505,95
Jan-19,Build a Farm,2007,505,107
542-1,Street Crew,1979,67,45
Jan-21,Star Teether (Explore),2002,440,1
54221-1,Star Wars II: The Original Trilogy - PS2,2006,501,0
Jan-33,Stacking Tower,2002,440,5
Jan-34,Baby Stack 'n Learn (Explore),2002,440,38
Jan-35,Flower (Explore),2003,440,0
Jan-37,Chicken / Parrot / Turkey (Explore),2003,505,6
Jan-38,Ladybug Rattle Polybag (Explore),2002,440,1
544-1,Basic Set,1981,469,147
545-1,Build-N-Store Chest,1990,467,427
545-2,Conveyor Station,1973,416,170
Jan-54,Stack & Learn Giraffe,2004,440,5
Jan-55,Stacking Jungle Set,2004,440,8
Jan-58,Pull Along Duck and Duckling,2004,440,7
Jan-61,Shape Sorter House,2005,440,13
Jan-64,Play Plane,2005,440,2
Jan-68,Rattle and Stack,2005,440,2
Jan-70,My First Quatro Figure,2006,441,18
547-1,Basic Building Set,1987,467,624
Jan-75,Girls Fantasy Bucket,2006,34,191
Jan-76,My First Quatro Set,2006,441,20
Jan-77,Classic House Building,2006,34,233
Jan-80,Town Building,2006,505,87
Jan-81,Zoo,2006,505,128
Jan-82,Ultimate House Building Set,2006,34,674
Jan-83,"Ready, Steady Build, and Race",2006,34,692
Jan-85,Zoo Animals - Zookeeper,2006,650,4
Feb-85,Zoo Animals - Penguin,2006,650,4
Mar-85,Zoo Animals - Polar Bear,2006,650,4
Apr-85,Zoo Animals - Hippo,2006,650,4
May-85,Zoo Animals - Giraffe,2006,650,4
Jan-86,Fun With Duplo Bricks,2009,505,91
Jan-87,Fun with LEGO Bricks,2009,35,700
Jan-88,Farm Building Set,2009,505,102
Jan-89,Ultimate LEGO Vehicle Building Set,2009,35,680
Jan-90,XXL 250 Canister,2006,505,250
Jan-91,XXL 2000,2006,34,2000
Jan-92,Limited Edition Green Brick Tub,2006,505,121
Jan-93,Emergency Rescue Box,2006,34,705
Jan-94,Rolling Duck,2003,505,4
Jan-97,Play with Numbers,2010,505,58
55000-1,Universe - PC CD-ROM,2010,501,0
55001-1,LEGO Universe Rocket,2010,560,56
550-1,Basic Building Set,1985,467,577
550-2,Windmill,1976,413,211
Jan-03,Dog,2005,505,30
Jan-04,Airplane,2005,505,31
Jan-06,Large Brick Box,2010,505,71
Jan-07,Deluxe Brick Box,2010,505,102
Jan-08,Deluxe Brick Box,2010,35,704
Jan-09,Basic Bricks,2010,505,45
Jan-10,Off-Road 4x4,1986,278,285
551-1,T Road Plates,1979,67,2
Jan-11,XXL Box,2010,505,201
Jan-12,XXL Box,2010,35,1600
Jan-13,Tubular Chest,2004,505,115
Jan-14,Fun Building with Lego Duplo,2007,505,42
Jan-15,Fun Building with LEGO Bricks,2007,34,240
Jan-16,XXL Cannister,2007,505,215
Jan-17,XXL 1800,2007,34,1800
Jan-18,Creative Building,2007,505,74
Jan-19,Creator Bucket,2007,34,485
552-1,Curved Road Plates,1979,67,2
Jan-21,Sea Jet,1993,278,401
Jan-22,Golden Anniversary Set,2008,35,700
Jan-24,Airport,2005,397,606
Jan-25,Amusement Park,2005,397,1339
Jan-26,Skyline,2005,397,2792
Jan-27,Green Canister,2007,505,80
Jan-28,Red Cannister,2007,34,700
Jan-29,Basic Bricks,2010,35,326
Feb-29,Basic Bricks Limited Edition,2010,35,326
553-1,Straight Road Plates,1979,67,2
Jan-31,Police Motorcycle,2005,61,18
Jan-32,Fire Car,2005,58,32
Jan-33,Red Fury,1999,278,393
Jan-36,Fun Creations,2007,505,106
Jan-37,Limited Edition [Blue Tub],2007,34,683
Jan-38,Creative Bucket,2009,505,76
Jan-39,Creative Bucket,2009,35,480
Jan-40,Formula 1 Racer,1986,278,447
554-1,Fuel Pumper,1979,67,76
Jan-41,Blue Fury,1995,278,421
Jan-42,Black Thunder,1998,278,483
Jan-43,Percy at the Sheds,2008,631,34
Jan-44,Thomas Starter Set,2008,631,82
Jan-45,Stanley at Great Waterton,2009,631,19
Jan-46,Thomas at Morgan's Mine,2009,631,22
Jan-47,James Celebrates Sodor Day,2009,631,34
Jan-48,Building Fun,2010,505,81
Jan-49,Building Fun,2010,35,651
Jan-50,Custom Rally Van,1991,278,525
555-1,Hospital,1976,420,230
555-2,Basic Set,1981,469,206
Jan-52,James at Knapford Station,2005,631,32
Jan-54,Thomas Load and Carry Train Set,2005,631,61
Jan-55,Toby at Wellsworth Station,2005,631,19
55555-1,Star Wars Mini Millennium Falcon,2017,158,20
Jan-56,Percy at the Water Tower,2005,631,15
Jan-60,Large Pink Brick Box,2009,35,402
556-1,Fire Emergency Van,1979,67,66
Jan-61,Big Foot 4x4,1997,278,749
Jan-63,Racing Truck,1999,278,789
557-1,Basic Building Set,1987,467,721
Jan-71,Giant Truck,1996,278,1748
Jan-72,Build and Play,2008,505,100
Jan-73,Build & Play,2008,35,646
Feb-73,Build & Play [Red Tub],2009,35,648
Jan-74,Basic Bricks,2008,35,280
Jan-75,Basic Bricks - Medium,2008,505,45
Jan-76,Basic Bricks - Medium,2008,35,378
Jan-77,Basic Bricks - Large,2008,505,65
Jan-78,Basic Bricks -- Large,2008,35,500
Jan-80,Highway Rig,1986,278,668
558-1,Road Crane,1979,67,56
Jan-81,Magic Flash,1993,278,785
Jan-82,Ultimate Town Building Set,2008,35,697
Jan-83,Fun with Wheels,2008,505,78
Jan-84,Fun with Wheels,2008,35,648
Jan-85,Pink Brick Box,2008,35,216
Jan-86,Basic Bricks with Fun Figures,2009,505,50
Jan-87,Basic Bricks with Fun Figures,2009,35,390
Jan-88,Giant Box,2009,505,200
Jan-89,Giant Box,2009,35,1600
Jan-90,Whirl and Wheel Super Truck,1990,278,1064
Jan-91,Mach II Red Bird Rig,1994,278,1173
Jan-92,My First Plane,2009,650,9
Jan-93,Circus,2008,650,61
Jan-94,Cargo Plane,2009,650,28
Jan-95,Airport,2009,650,59
Jan-96,Dino Birthday,2008,658,9
Jan-97,Dino Trap,2008,658,28
Jan-98,Dino Valley,2008,658,52
Jan-99,Radio Control Racer,2001,112,298
Jan-00,Radio Control Racer,1998,112,298
560-1,Town House with Garden,1979,67,248
Jan-01,Fire Station,2008,650,72
560-2,Heliport,1973,421,170
Jan-02,Police Station,2008,650,28
Jan-03,Fire Chief (Fire Car),2007,650,7
Jan-04,Supermarket,2008,650,62
Jan-05,Tanker Truck,2008,650,17
Jan-06,My First Train,2008,634,10
Jan-07,Track Repair Train,2008,634,16
Jan-08,Train Starter Set,2008,634,64
Jan-09,Deluxe Train Set,2008,634,116
Feb-09,Deluxe Train Set,2012,634,116
Jan-10,Builder,2008,56,23
Jan-11,Public Works,2008,63,31
Jan-12,Police Officer,2008,61,21
Jan-13,Firefighter,2008,58,25
561407-1,Charlie The Puppy,2014,494,13
561408-1,Summer Beach,2014,494,27
561409-1,Cookie Kitchen,2014,494,28
Jan-14,The Good Wizard,2008,193,16
561410-1,Halloween Toy Shop,2014,494,29
561411-1,Cute Kitten,2014,494,24
561412-1,Christmas Tree,2014,494,35
561501-1,Penguin Ice Slide,2015,494,10
561502-1,Dressing Table,2015,494,22
561503-1,Bunny And Garden,2015,494,18
561504-1,Party And Cake,2015,494,23
561505-1,Picnic Set,2015,494,21
561506-1,Sweet Garden And Kitchen,2015,494,23
561507-1,Garden And Wheelbarrow,2015,494,20
561508-1,Turtle in the Tropics,2015,494,19
561509-1,Guitar And Stage,2015,494,21
Jan-15,The Knight,2008,193,21
561510-1,Trick Or Treat,2015,494,19
561511-1,Hedgehog In The Woods,2015,494,20
561512-1,Winter Fun,2015,494,24
561601-1,Baby Parrot And Nest,2016,494,16
561602-1,Valentine's Post Box,2016,494,24
561603-1,Cookie The Superstar,2016,494,20
561604-1,Cute Kitchen,2016,494,24
561605-1,Ice Cream Cart,2016,494,24
561606-1,Rabbit and Hutch,2016,494,18
561607-1,Happy Beach,2016,494,17
561608-1,Cookie Cart,2016,494,29
561609-1,Olivia's Laboratory,2016,494,19
Jan-16,Mini Robot,2008,137,24
561610-1,Scary Shop,2016,494,27
561611-1,Gift Wrapping Table,2016,494,22
561612-1,Christmas Fireplace,2016,494,23
561701-1,Bear in Ice Cave,2017,494,24
561702-1,Kitten Felix,2017,494,24
561703-1,Fruit Bar,2017,494,24
561704-1,Turtle on a Beach,2017,494,25
561705-1,Wardrobe of Future Star,2017,494,24
561706-1,Home Bakery,2017,494,29
Jan-17,Alien Jet,2008,137,21
561801-1,Wishing Well with Andrea's Little Bird,2018,494,21
561802-1,Andrea's Fashion Design Studio,2018,494,27
561803-1,Ping-Pong Table,2018,494,17
561804-1,Bunnies' Playground,2018,494,33
561805-1,Veterinary Cabinet,2018,494,33
561806-1,Mia's Fruit Stall,2018,494,26
561807-1,Beach Shop,2018,494,27
561808-1,Dog Hairdresser Salon,2018,494,26
561809-1,Andrea's Stage,2018,494,32
Jan-18,Troll Warrior,2008,193,19
561810-1,Olivia's Observatory,2018,494,29
561811-1,Winter World,2018,494,30
561901-1,Emma's Studio and Kitty Chico,2019,494,22
561902-1,Andrea's Fancy Dress Stand,2019,494,30
561903-1,Baby's Picnic,2019,494,16
561904-1,Biscuit's Cozy Forest Cave,2019,494,22
561905-1,Andrea's Waffle Booth,2019,494,29
561906-1,Rumble & Zobito's Sea Rescue,2019,494,25
561907-1,Olivia鈥檚 Ice Cream Machine,2019,494,38
561908-1,Andrea's Stage,2019,494,21
561909-1,Stephanie's Puppy Dash,2019,494,20
Jan-19,Crystal Hawk,2008,137,26
561910-1,Halloween Shop,2019,494,15
561911-1,Olivia's Brilliant Bakery,2019,494,38
562001-1,Cake Decorating Set,2020,494,35
562002-1,Olivia's Snack Stand,2020,494,30
562003-1,Vet Set,2020,494,32
562004-1,Cute Dog,2020,494,29
562005-1,Dressing Table,2020,494,36
562006-1,Beach Bar,2020,494,30
562007-1,Sweet Dolphin,2020,494,21
562008-1,Sea Lion,2020,494,28
562009-1,Andrea's Magic Show,2020,494,30
Jan-20,Street Cleaner,2008,63,22
562010-1,Turtle's Paradise,2020,494,29
562011-1,Stephanie's Pizza Bakery,2020,494,32
562012-1,Hamster Sled,2020,494,21
562101-1,Performing Dog,2021,494,19
562102-1,Dressing Table,2021,494,32
562103-1,Cat Grooming Salon,2021,494,25
562104-1,Ice Cream Shop,2021,494,44
562105-1,Squirrel鈥檚 Tree House,2021,494,29
562106-1,Stephanie's Cookie-Kitchen,2021,494,35
Jan-21,Coast Guard Kayak,2008,55,21
562201-1,Hair Salon,2022,494,26
562202-1,Baby Bunny Playpen,2022,494,24
562203-1,Animal Clinic,2022,494,21
562204-1,Fruit Bar,2022,494,35
Jan-22,Basic Bricks Large,2010,505,60
Jan-23,Basic Bricks Large,2010,35,450
Jan-25,Police 4 x 4,2008,61,33
Jan-26,Coast Guard Bike,2008,55,12
Jan-27,Mini Bulldozer,2008,56,23
Jan-32,Animal Care,2009,650,4
Jan-33,Polar Zoo,2009,650,32
Jan-34,Feeding Zoo,2009,650,53
Jan-35,Big City Zoo,2009,650,125
Jan-36,Bus,2009,650,14
Jan-37,Garbage Truck,2009,650,12
Jan-38,Postman,2009,650,9
Jan-39,Family House,2009,652,71
Jan-40,Petrol Station (Gas Station),2009,632,24
Jan-41,Busy Garage,2009,632,51
Jan-42,Tipper Truck,2009,56,27
Jan-43,Little Piggy,2010,632,4
Jan-44,Chicken Coop,2010,632,11
Jan-45,Farm Bike,2010,632,9
Jan-46,Farm Nursery,2010,632,9
Jan-47,Big Tractor,2010,632,12
Jan-48,Horse Stables,2010,632,38
Jan-49,Big Farm,2010,632,68
Jan-50,Front Loader,2010,632,9
565-1,Moon Landing,1976,422,364
Jan-51,Dump Truck,2010,632,10
565-2,Build-N-Store Chest,1990,467,695
Jan-52,Road Construction,2010,632,27
Jan-53,Stone Quarry,2010,632,50
Jan-54,Fishing Trip,2010,632,14
Jan-55,Caravan,2010,632,21
Jan-56,Pet Shop,2010,632,29
Jan-57,Jessie's Round-Up,2010,633,18
Jan-58,Pizza Planet Truck,2010,633,13
Jan-59,The Great Train Chase,2010,633,39
566-1,Basic Set,1981,469,310
Jan-78,Policeman,2011,632,4
Jan-79,Police Bike,2011,632,8
Jan-80,Police Truck,2011,632,14
Jan-81,Police Station,2011,632,60
Jan-82,Fire Truck,2011,632,21
Jan-83,Market Place,2011,632,25
Jan-84,Car Transporter,2011,632,15
Jan-85,Vet,2011,632,4
Jan-91,Space Crane,2010,633,23
Jan-95,Doctor's Clinic,2011,632,57
Jan-96,Car Wash,2011,632,14
Jan-00,Creator - PC CD-ROM,1998,501,0
570-1,Fire House,1973,417,236
Jan-01,LOCO - PC CD-ROM,1998,501,0
Jan-02,Chess - PC CD-ROM,1998,501,0
Jan-03,Racers - Nintendo 64,1999,501,0
Jan-05,Racers - Playstation,1999,501,0
Jan-06,LEGOLAND - PC CD-ROM,1999,501,0
Jan-07,Friends - PC CD-ROM,1999,501,0
Jan-08,Rock Raiders - PC CD-ROM,1999,501,0
Jan-09,Rock Raiders - Playstation,1999,501,0
5711938030360-1,Boy Emoticon Lunch Box,2018,501,0
5711938030377-1,Girl Emoticon Lunch Box,2018,501,0
5711938030414-1,Minifigure Head Drinking Bottle (Winking),2018,501,0
5711938032838-1,Storage Head L (Pumpkin),2019,501,0
5711938249311-1,Brick Scooper Set,2021,501,1
Jan-12,Stunt Rally - PC CD-ROM,2000,501,0
Jan-13,Stunt Rally - Playstation,2000,501,0
Jan-14,Alpha Team - PC CD-ROM,2000,501,0
Jan-15,My Style: Preschool - PC CD-ROM,2000,501,0
Jan-16,My Style: Kindergarden - PC CD-ROM,2000,501,0
Jan-19,Racers - Game Boy Color,2000,501,0
Jan-23,Creator: Knights' Kingdom - PC CD-ROM,2000,501,0
Jan-24,Stunt Rally - Game Boy Color,2000,501,0
Jan-25,Alpha Team - Game Boy Color,2000,501,0
Jan-30,Island 2: The Bricksters Revenge - Game Boy Color,2001,501,0
Jan-31,Island - PC CD-ROM,1997,501,0
Jan-48,Creative Building Kit,2011,505,86
Jan-49,Creative Building Kit,2011,35,650
575-1,Coast Guard Station,1978,67,302
575-2,Coast Guard Station (Canadian Edition),1978,67,288
Jan-61,Mini Digger,2011,672,57
Jan-62,Mini Plane,2011,672,52
Jan-63,Dune Hopper,2011,672,137
Jan-64,Rescue Robot,2011,672,150
Jan-65,Transport Truck,2011,672,276
Jan-66,Log Cabin,2011,672,355
Jan-67,Cool Cruiser,2011,672,621
Jan-70,Lighthouse Island,2011,672,519
577-1,Basic Set,1981,469,391
Jan-71,Hillside House,2011,672,714
Jan-74,Island 2: The Bricksters Revenge - PC CD-ROM,2001,501,0
Jan-75,Island 2: The Brickster's Revenge - Playstation,2001,501,0
Jan-77,Island 2: The Bricksters Revenge - Game Boy Advance,2001,501,0
Jan-78,Racers 2 - PC CD-ROM,2001,501,0
Jan-79,Racers 2 - PS2,2001,501,0
Jan-80,Racers 2 - Game Boy Advance,2001,501,0
Jan-81,Bionicle: The Legend of Mata Nui,2001,501,0
Jan-82,Bionicle: Quest for the Toa - Game Boy Advance,2001,501,0
Jan-84,Soccer (Football) Mania - PC CD-ROM,2002,501,0
Jan-85,Soccer (Football) Mania - PS2,2002,501,0
Jan-86,Soccer (Football) Mania - Game Boy Advance,2002,501,0
Jan-87,Creator: Harry Potter - PC CD-ROM,2001,501,0
Jan-93,Nurse's Car,2011,632,10
Jan-94,Emergency Helicopter,2011,632,18
Jan-95,Big City Hospital,2011,632,112
580-1,Brick Yard,1975,416,216
Jan-01,Millimy the Fairy,1999,318,19
Jan-02,Princess Rosaline,1999,318,9
Jan-03,Iris,1999,318,11
Jan-04,Witch's Cottage,1999,318,44
Jan-05,Princess Rosaline's Room,1999,318,79
Jan-07,The Royal Stable,1999,318,70
Jan-08,The Enchanted Palace,1999,318,228
Jan-10,Vanity Fun,1995,318,29
Jan-11,Prince Justin,1999,318,6
Jan-12,King,1999,318,11
Jan-13,Lightning McQueen,2010,506,11
Jan-14,Mater's Yard,2010,506,16
Jan-15,Flo's Cafe,2010,506,32
Jan-16,Mack's Road Trip,2010,506,34
Jan-17,Agent Mater,2011,506,11
Jan-18,Luigi's Italian Place,2011,506,22
Jan-19,Tokyo Racing,2011,506,45
Jan-20,Garden Fun,1996,318,40
Jan-21,Pamela's Picnic Time,1997,318,14
Jan-22,Jennifer and Foal,1997,318,7
Jan-23,The Good Fairy's Bedroom,2000,318,39
Jan-24,The Good Fairy's House,2000,318,77
Jan-25,Stella and the Fairy,2000,318,61
Jan-26,The Queen's Room,2000,318,81
Jan-27,Royal Coach,2000,318,95
Jan-28,Big Bentley,2011,506,67
Jan-29,The Pit Stop,2011,506,52
Jan-30,Fun-Day Sundaes,1995,318,34
Jan-31,Adventurous Puppies,2001,318,16
Jan-32,Vanilla's Magic Tea Party,2001,318,13
Jan-33,Rosita's Wonderful Stable,2001,318,39
Jan-34,The Enchanted Garden,2001,318,103
Jan-35,Dance Studio,1996,318,45
Jan-36,Beautiful Baby Princess,2002,318,27
Jan-37,Flora's Bubbling Bath,2002,318,32
Jan-38,The Wicked Madam Frost,2002,318,36
Jan-39,World Grand Prix,2011,506,35
Jan-40,Garden Playmates,1995,318,98
Jan-41,Beach Fun,1998,318,47
Jan-42,Vanilla's Frosty Sleighride,2002,318,35
Jan-43,Queen Rose and the Little Prince Charming,2002,318,76
Jan-44,Dolphin Windsurfer,1998,318,18
Jan-45,Dolphin Show,1998,318,55
Jan-46,Desert Island,1998,318,97
Jan-47,Surfers' Paradise,1998,318,141
Jan-48,Family Yacht / Luxury Cruiser,1998,318,234
Jan-50,The Royal Crystal Palace,2002,318,151
585-1,Police Headquarters,1976,421,300
Jan-53,Lucinda and Cressida,1997,318,10
Jan-54,Pony Trekking,1997,318,60
Jan-55,Riding Stables,1997,318,176
Jan-56,Paprika and the Mischievous Monkey,2003,318,51
Jan-57,Safran's Amazing Bazaar,2003,318,101
Jan-58,"The Golden Palace, Blue Box",2003,318,178
Feb-58,"The Golden Palace, Purple/Silver Box",2004,318,177
Jan-59,Little Garden Fairy,2003,318,52
Jan-60,Love 'N' Lullabies,1994,318,58
Jan-61,Fairy Island,2003,318,118
Jan-62,Flower Fairy Party [Blue Box],2003,318,162
Feb-62,Flower Fairy Party [Purple/Silver Box],2004,318,163
Jan-64,Mini Helicopter,2010,672,52
Jan-65,Mini Dumper,2010,672,60
Jan-66,Rotor Rescue,2010,672,149
Jan-67,Super Speedster,2010,672,278
Jan-68,Ferocious Creatures,2010,672,416
Jan-70,Pretty Playland,1994,318,111
Jan-71,Riding Stables,2002,318,176
Jan-72,Golden Land,2003,318,32
Jan-73,Fairyland,2003,318,19
Jan-74,Nursery,1997,318,68
Jan-75,Hospital Ward,1996,318,108
Jan-76,Hospital Ward,1996,318,111
Jan-77,Wedding Coach,2004,318,78
Jan-80,Prize Pony Stables,1994,318,136
588-1,Police Headquarters,1979,67,376
Jan-82,Ambush Attack,2012,481,80
Jan-83,Tower Takedown,2012,481,136
Jan-84,Raptor Chase,2012,481,259
Jan-85,Triceratops Trapper,2012,481,271
Jan-86,T-Rex Hunter,2012,481,476
Jan-87,Dino Defense HQ,2012,481,793
Jan-88,Ocean Interceptor,2012,481,222
Jan-90,Pretty Wishes Playhouse,1994,318,236
Jan-91,Apple Tree House,2010,672,539
Jan-92,Sonic Boom,2010,672,539
Jan-93,Offroad Power,2010,672,1061
Jan-95,Villa Belville,1996,318,339
Jan-98,Car Building Set,2010,35,139
Jan-99,House Building Set,2010,35,134
Jan-00,Adventurer - Johnny Thunder,1998,297,13
590-1,Engine Co. No. 9,1978,67,338
Jan-01,River Raft,1999,299,19
Jan-02,River Raft,1999,299,19
Jan-03,Johnny Thunder and Baby T,2000,298,23
Jan-04,Microcopter,2000,298,28
Jan-05,Hidden Treasure,1999,299,33
Jan-06,Ruler of the Jungle,1999,299,23
5907762001083-1,Jurassic World: Zestaw ksi膮偶ek z klockami LEGOZ,2021,497,3
5907762061780-1,City: Zestaw Fana,2021,497,8
5907762063326-1,Friends: Kr臋cimy film!,2021,497,13
5907762063333-1,Friends: Magiczne Sztuczki,2021,497,15
5907762063340-1,Friends: Pi偶ama Party,2021,497,21
5907762063357-1,Friends: Nowe Hobby,2021,497,24
5907762063364-1,Friends: Jab艂kowy zawr贸t g艂owy,2021,497,12
5907762063371-1,Friends: Legenda D偶ungli,2021,497,13
Jan-09,Treasure Raiders set with Mummy Storage Container,1998,297,197
Jan-11,Johnny Thunder's Plane,2000,298,23
Jan-12,Hydrofoil,2000,298,20
Jan-13,Dr. Lightning's Car,2000,298,22
Jan-14,Baby T-Rex Trap,2000,298,22
Jan-18,Scorpion Tracker,1998,297,35
Jan-19,The Valley of the Kings,1998,297,163
Jan-20,Island Racer,2000,298,50
Jan-21,Research Glider,2000,298,57
Jan-23,Western Picture Frame,2002,425,144
Jan-24,Castle Picture Frame,2002,425,116
Jan-25,Pontoon Plane,1999,299,72
Jan-27,Racers Picture Frame,2002,425,132
Jan-28,Bi-Wing Baron,1998,297,70
Jan-29,Knight and Castle,2011,35,145
Jan-30,Road Construction,2011,35,121
Jan-31,My First Duplo Set,2011,505,31
Jan-32,My First LEGO Set,2011,35,231
Jan-33,Airport,2011,35,310
Jan-34,Dino Explorer,2000,298,90
Jan-35,Island Hopper,2000,298,203
Jan-36,Spider's Secret,1999,299,129
Jan-38,Oasis Ambush,1998,297,81
Jan-40,Doll House,2004,318,217
Jan-41,Riding School,2004,318,188
Jan-42,Pop Studio,2004,318,105
Jan-43,Interior Designer,2004,318,97
Jan-44,Cat Show,2004,318,34
Jan-45,Winnie the Pooh's Picnic,2011,635,13
Jan-46,Tigger's Expedition,2011,635,26
Jan-47,Winnie the Pooh's House,2011,635,40
Jan-48,Desert Expedition,1998,297,196
Jan-50,Baby Ankylosaurus,2001,386,37
Jan-51,Baby Iguanodon,2001,386,23
Jan-52,Baby Brachiosaurus,2001,386,31
Jan-53,Baby Dimetrodon,2001,386,20
Jan-55,All Terrain Trapper,2000,298,191
Jan-56,Expedition Balloon,1999,299,175
Jan-58,Mummy's Tomb,1998,297,258
Jan-60,The Mermaid Castle,2005,318,240
Jan-61,Snow Queen,2005,318,57
Jan-62,The Tinderbox,2005,318,86
Jan-63,The Princess and the Pea,2005,318,54
Jan-64,Thumbelina,2005,318,47
Jan-65,Exo-Suit Robot,2006,389,24
Jan-66,Glider,2006,389,22
Jan-67,Takeshi Walker 2,2006,389,22
Jan-69,Squidman Escape,2009,141,42
Jan-70,Freeze Ray Frenzy,2009,141,80
Jan-71,Gold Heist,2009,141,205
Jan-72,Space Truck Getaway [Container Heist],2009,141,282
Jan-73,Hyperspeed Pursuit,2009,141,456
Jan-74,Galactic Enforcer,2009,141,825
Jan-75,T-Rex Transport,2000,298,329
Jan-76,River Expedition,1999,299,319
Jan-77,Bears on the Beach,2001,318,17
Jan-78,Sphinx Secret Surprise,1998,297,352
Jan-79,Max Security Transport,2009,141,330
Jan-80,Squidman's Pitstop,2009,141,394
Jan-81,Raid VPR,2010,141,69
Jan-82,Smash 'n' Grab,2010,141,188
Jan-83,SP Undercover Cruiser,2010,141,317
Jan-84,Lunar Limo,2010,141,391
Jan-85,Space Police Central,2010,141,631
Jan-86,Amazon Ancient Ruins,1999,299,463
Jan-87,Dino Research Compound,2000,298,624
Jan-88,Pharaoh's Forbidden Ruins,1998,297,720
599-1,Super Basic Set,1982,469,744
Jan-93,Truck / Car (Explore),2002,504,3
Jan-94,Catapult,2005,198,27
Jan-96,Rascus,2005,198,6
Jan-98,Vladek,2005,198,6
Jan-99,Jayko,2005,198,6
60000-1,Fire Motorcycle,2013,58,40
Jan-00,Idea Book 6000,1980,497,2
60001-1,Fire Rescue,2013,58,80
60002-1,Fire Truck,2013,58,209
60003-1,Fire Emergency,2013,58,301
60004-1,Fire Station,2013,58,753
60005-1,Fire Boat,2013,58,223
60006-1,Police ATV,2013,61,51
60007-1,High Speed Chase,2013,61,284
60008-1,Museum Break-in,2013,61,563
60009-1,Helicopter Arrest,2013,61,352
600-1,Ambulance,1970,420,21
60010-1,Fire Helicopter,2013,58,225
60011-1,Surfer Rescue,2013,55,32
60012-1,Coast Guard 4 x 4,2013,55,128
60013-1,Coast Guard Helicopter,2013,55,230
60014-1,Coast Guard Patrol,2013,55,450
60015-1,Coast Guard Plane,2013,55,281
60016-1,Tanker Truck,2013,63,191
60017-1,Flatbed Truck,2013,63,212
60018-1,Cement Mixer,2013,56,221
60019-1,Stunt Plane,2013,53,140
600-2,Police Patrol,1978,67,24
60020-1,Cargo Truck,2013,54,320
Jan-02,Town Figures,1983,67,20
60021-1,Cargo Heliplane,2013,53,393
Feb-02,Castle Figures,1983,189,22
60022-1,Cargo Terminal,2013,53,658
60023-1,City Starter Set,2013,52,272
60024-1,City Advent Calendar 2013,2013,208,244
60025-1,Grand Prix Truck,2013,52,323
60026-1,Town Square,2013,63,918
60027-1,Monster Truck Transporter,2013,52,307
60030-1,Rolling Storage Box (Red and Yellow),2007,501,0
60031-1,City Corner,2013,63,484
60031-2,Rolling Storage Box (Blue and Green),2007,501,0
60032-1,Arctic Snowmobile,2014,65,44
60033-1,Arctic Ice Crawler,2014,65,113
60034-1,Arctic Helicrane,2014,65,262
60035-1,Arctic Outpost,2014,65,374
60036-1,Arctic Base Camp,2014,65,733
60040-1,Building Table,2007,501,0
Jan-04,Crossbow Cart,1997,195,21
60041-1,Crook Pursuit,2014,61,38
60042-1,High Speed Police Chase,2014,61,110
60043-1,Prisoner Transporter,2014,61,197
60044-1,Mobile Police Unit,2014,61,375
60045-1,Police Patrol,2014,61,408
60046-1,Helicopter Surveillance,2014,61,528
60047-1,Police Station,2014,61,854
60048-1,Police Dog Unit,2014,61,249
60049-1,Helicopter Transporter,2014,61,382
60050-1,Train Station,2014,66,423
60051-1,High-Speed Passenger Train,2014,66,606
60052-1,Cargo Train,2014,66,892
60053-1,Race Car,2014,52,100
60054-1,Light Repair Truck,2014,52,95
60055-1,Monster Truck,2014,52,78
60056-1,Tow Truck,2014,52,227
60057-1,Camper Van,2014,52,195
60058-1,SUV with Watercraft,2014,52,219
60059-1,Logging Truck,2014,52,228
60060-1,Auto Transporter,2014,63,350
60061-1,Airport Fire Truck,2014,53,326
6006139-1,Best Friends Promotional Brick Set,2012,494,2
60062-1,Arctic Icebreaker,2014,65,718
60063-1,City Advent Calendar 2014,2014,208,218
60064-1,Arctic Supply Plane,2014,65,374
60065-1,ATV Patrol,2015,61,59
60066-1,Swamp Police Starter Set,2015,61,78
60067-1,Helicopter Pursuit,2015,61,253
60068-1,Crooks' Hideout,2015,61,473
60069-1,Swamp Police Station,2015,61,707
60070-1,Water Plane Chase,2015,61,263
Jan-07,Bat Lord,1997,195,16
60071-1,Hovercraft Arrest,2015,61,331
60072-1,Demolition Starter Set,2015,56,85
60073-1,Service Truck,2015,56,233
60074-1,Bulldozer,2015,56,384
60075-1,Excavator and Truck,2015,56,311
60076-1,Demolition Site,2015,56,776
60077-1,Space Starter Set,2015,52,107
60078-1,Utility Shuttle,2015,52,155
60079-1,Training Jet Transporter,2015,52,448
60080-1,Spaceport,2015,52,586
Jan-08,Royal King,1995,201,12
60081-1,Pickup Tow Truck,2015,63,209
60082-1,Dune Buggy Trailer,2015,64,222
60083-1,Snowplow Truck,2015,63,196
60084-1,Racing Bike Transporter,2015,52,178
60085-1,4x4 with Powerboat,2015,59,302
60086-1,City Starter Set,2015,52,242
60088-1,Fire Starter Set,2015,58,92
60090-1,Deep Sea Scuba Scooter,2015,52,42
Jan-09,Black Knight,1992,188,24
60091-1,Deep Sea Starter Set,2015,52,90
60092-1,Deep Sea Submarine,2015,52,274
60093-1,Deep Sea Helicopter,2015,52,388
60095-1,Deep Sea Exploration Vessel,2015,52,718
60096-1,Deep Sea Operation Base,2015,52,907
60097-1,City Square,2015,63,1683
60098-1,Heavy-Haul Train,2015,66,984
60099-1,City Advent Calendar 2015,2015,208,278
60100-1,Airport Starter Set,2016,53,81
Jan-10,Supply Wagon,1984,199,36
60101-1,Airport Cargo Plane,2016,53,157
60102-1,Airport VIP Service,2016,53,364
60103-1,Airport Air Show,2016,53,678
60104-1,Airport Passenger Terminal,2016,53,694
60105-1,Fire ATV,2016,58,64
60106-1,Fire Starter Set,2016,58,90
60107-1,Fire Ladder Truck,2016,58,214
60108-1,Fire Response Unit,2016,58,257
60109-1,Fire Boat,2016,58,415
601-1,Petrol Pump,1978,67,13
60110-1,Fire Station,2016,58,920
Jan-11,Black Knight's Treasure,1985,187,27
60111-1,Fire Utility Truck,2016,58,368
60112-1,Fire Engine,2016,58,376
60113-1,Rally Car,2016,52,104
60114-1,Race Boat,2016,52,95
60115-1,4 x 4 Off Roader,2016,64,184
60116-1,Ambulance Plane,2016,60,183
60117-1,Van & Caravan,2016,63,250
60118-1,Garbage Truck,2016,52,248
60119-1,Ferry,2016,59,301
601-2,Tow Truck,1970,423,22
60120-1,Volcano Starter Set,2016,52,83
Jan-12,Siege Cart,1986,199,54
60121-1,Volcano Exploration Truck,2016,52,175
60122-1,Volcano Crawler,2016,52,324
6012292-1,Friends Small Bag,2012,501,0
6012298-1,Ninjago Promotional Polybag,2012,435,11
6012306-1,Star Wars: Battle of Hoth Die Key Chain,2012,503,6
60123-1,Volcano Supply Helicopter,2016,52,330
60124-1,Volcano Exploration Base,2016,52,824
60125-1,Volcano Heavy-Lift Helicopter,2016,52,1277
60126-1,Tire Escape,2016,61,47
60127-1,Prison Island Starter Set,2016,61,92
60128-1,Police Pursuit,2016,61,184
60129-1,Police Patrol Boat,2016,61,200
601-3,1:87 Morris 1100,1966,368,1
60130-1,Prison Island,2016,61,754
Jan-13,Samurai Swordsman,1998,434,13
60131-1,Crooks Island,2016,61,244
60132-1,Service Station,2016,63,515
60133-1,City Advent Calendar 2016,2016,208,290
60134-1,People Pack - Fun in the Park,2016,52,159
60135-1,ATV Arrest,2017,61,47
60136-1,Police Starter Set,2017,61,80
60137-1,Tow Truck Trouble,2017,61,144
60138-1,High-speed Chase,2017,61,294
60139-1,Mobile Command Center,2017,61,374
60140-1,Bulldozer Break-In,2017,61,561
60141-1,Police Station,2017,61,894
60142-1,Money Transporter,2017,61,138
60143-1,Auto Transport Heist,2017,61,403
60144-1,Race Plane,2017,53,89
60145-1,Buggy,2017,52,81
60146-1,Stunt Truck,2017,52,91
60147-1,Fishing Boat,2017,59,145
60148-1,ATV Race Team,2017,63,239
60149-1,4x4 with Catamaran,2017,52,198
60150-1,Pizza Van,2017,63,249
60151-1,Dragster Transporter,2017,52,333
60152-1,Sweeper & Excavator,2017,56,299
60153-1,People Pack - Fun At The Beach,2017,52,169
60154-1,Bus Station,2017,63,337
60155-1,City Advent Calendar 2017,2017,208,248
60156-1,Jungle Buggy,2017,614,53
60157-1,Jungle Starter Set,2017,614,88
60158-1,Jungle Cargo Helicopter,2017,614,201
60159-1,Jungle Halftrack Mission,2017,614,378
60160-1,Jungle Mobile Lab,2017,614,426
601601-1,Scorpion,2016,324,19
601602-1,Ekimu Falcon,2016,324,29
Jan-16,Knights' Arsenal,1987,199,37
60161-1,Jungle Exploration Site,2017,614,813
60162-1,Jungle Air Drop Helicopter,2017,614,1250
60163-1,Coast Guard Starter Set,2017,55,76
60164-1,Sea Rescue Plane,2017,55,141
60165-1,4 x 4 Response Unit,2017,55,347
60166-1,Heavy-Duty Rescue Helicopter,2017,55,415
60167-1,Coast Guard Head Quarters,2017,55,795
60168-1,Sailboat Rescue,2017,55,196
60169-1,Cargo Terminal,2017,54,740
60170-1,Off-Road Chase,2018,64,37
Jan-17,King's Oarsmen,1987,199,45
60171-1,Mountain Fugitives,2018,61,88
60172-1,Dirt Road Pursuit,2018,61,297
60173-1,Mountain Arrest,2018,61,303
60174-1,Mountain Police Headquarters,2018,61,663
60175-1,Mountain River Heist,2018,61,387
60176-1,Wild River Escape,2018,61,126
60177-1,Airshow Jet,2018,53,87
60178-1,Speed Record Car,2018,63,78
60179-1,Ambulance Helicopter,2018,60,190
60180-1,Monster Truck,2018,64,192
6018031-1,Level Three - Kits 7-9 Subscription,2012,432,0
Jan-18,Battle Dragon,1990,188,54
60181-1,Forest Tractor,2018,57,174
6018126-1,Team GB - Sealed Box,2012,546,0
60182-1,Pickup & Caravan,2018,52,344
60183-1,Heavy Cargo Transport,2018,63,310
60184-1,Mining Team,2018,56,82
60185-1,Mining Power Splitter,2018,56,127
60186-1,Mining Heavy Driller,2018,56,294
60188-1,Mining Experts Site,2018,56,883
60190-1,Arctic Ice Glider,2018,65,50
60191-1,Arctic Exploration Team,2018,65,70
60192-1,Arctic Ice Crawler,2018,65,200
60193-1,Arctic Air Transport,2018,65,277
60194-1,Arctic Scout Truck,2018,65,322
60195-1,Arctic Mobile Exploration Base,2018,65,786
60196-1,Arctic Supply Aircraft,2018,65,707
60197-1,Passenger Train,2018,66,677
60198-1,Cargo Train,2018,66,1226
60200-1,Capital City,2018,63,1211
Jan-20,Magic Shop,1993,190,47
60201-1,City Advent Calendar 2018,2018,208,313
60202-1,People Pack - Outdoor Adventures,2018,52,164
60203-1,Ski Resort,2019,52,806
60204-1,City Hospital,2018,60,861
60205-1,Tracks,2018,66,20
60206-1,Sky Police Jet Patrol,2019,61,54
60207-1,Sky Police Drone Chase,2019,61,192
60208-1,Sky Police Parachute Arrest,2019,61,218
60209-1,Sky Police Diamond Heist,2019,61,400
602-1,Fire Chief's Car,1978,67,25
60210-1,Sky Police Air Base,2019,61,529
Jan-21,Jousting Knights,1984,199,37
60212-1,Barbecue Burn Out,2019,58,64
60213-1,Dock Side Fire,2019,58,98
60214-1,Burger Bar Fire Rescue,2019,58,327
60215-1,Fire Station,2019,58,510
60216-1,Downtown Fire Brigade,2019,58,943
60217-1,Fire Plane,2019,58,363
60218-1,Desert Rally Racer,2019,52,75
60219-1,Construction Loader,2019,56,88
602-2,Fire Truck,1970,417,30
60220-1,Garbage Truck,2019,52,90
Jan-22,Horse Cart,1984,199,43
60221-1,Diving Yacht,2019,59,149
60222-1,Snow Groomer,2019,52,197
60223-1,Harvester Transport,2019,57,358
60224-1,Satellite Service Mission,2019,679,84
60225-1,Rover Testing Drive,2019,679,202
60226-1,Mars Research Shuttle,2019,679,273
60227-1,Lunar Space Station,2019,679,412
60228-1,Deep Space Rocket and Launch Control,2019,679,838
60229-1,Rocket Assembly & Transport,2019,679,1062
60230-1,People Pack 鈥?Space Research and Development,2019,679,209
Jan-23,Maiden's Cart,1986,199,45
60231-1,Fire Chief Response Truck,2019,58,201
60232-1,Garage Center,2019,52,234
60233-1,Donut Shop Opening,2019,52,790
60234-1,People Pack - Fun Fair,2019,52,184
60235-1,City Advent Calendar 2019,2019,208,234
60236-1,Straight and T-junction,2019,52,2
60237-1,Curve and Crossroad,2019,52,2
60238-1,Switch Tracks,2018,66,8
60239-1,Police Patrol Car,2019,61,92
60240-1,Kayak Adventure,2019,52,84
Jan-24,Bandit Ambush,1996,191,60
60241-1,Police Dog Unit,2020,61,67
60242-1,Police Highway Arrest,2020,61,185
60243-1,Police Helicopter Chase,2020,61,212
60244-1,Police Helicopter Transport,2020,61,317
60245-1,Police Monster Truck Heist,2020,61,362
60246-1,Police Station,2020,61,743
60247-1,Forest Fire,2020,58,84
60248-1,Fire Helicopter Response,2020,58,93
60249-1,Street Sweeper,2020,63,89
60250-1,Mail Plane,2020,52,74
60251-1,Monster Truck,2020,52,55
60252-1,Construction Bulldozer,2020,56,126
60253-1,Ice-cream Truck,2020,52,201
60254-1,Race Boat Transporter,2020,52,239
60255-1,Stunt Team,2020,52,62
60256-1,Racing Cars,2020,63,190
60257-1,Service Station,2020,52,354
60258-1,Tuning Workshop,2020,52,897
60260-1,Air Race,2020,53,140
Jan-26,King Leo,2000,197,21
60261-1,Central Airport,2020,53,286
60262-1,Passenger Airplane,2020,53,669
60263-1,Ocean Mini Submarine,2020,52,41
60264-1,Ocean Exploration Submarine,2020,52,286
60265-1,Ocean Exploration Base,2020,52,497
60266-1,Ocean Exploration Ship,2020,52,747
60267-1,Safari Off-roader,2020,64,168
60268-1,City Advent Calendar 2020,2020,208,342
60270-1,Police Brick Box,2020,61,301
Jan-27,Bat Lord's Catapult,1997,195,54
60271-1,Main Square,2020,52,1517
60272-1,Elite Police Boat Transport,2020,61,166
60273-1,Elite Police Driller Chase,2020,61,179
60274-1,Elite Police Lighthouse Arrest,2020,61,189
60275-1,Police Helicopter,2021,61,51
60276-1,Police Prisoner Transport,2021,61,244
60277-1,Police Patrol Boat,2021,61,276
60279-1,Fire Hazard Truck,2021,58,88
60280-1,Fire Ladder Truck,2021,58,88
Jan-28,Treasure Cart,1998,195,23
60281-1,Fire Rescue Helicopter,2021,58,212
60282-1,Fire Command Unit,2021,58,380
60283-1,Holiday Camper Van,2021,52,190
60284-1,Roadwork Truck,2021,52,58
60285-1,Sports Car,2021,52,89
60286-1,Beach Rescue ATV,2021,52,79
60287-1,Tractor,2021,57,148
60288-1,Race Buggy Transporter,2021,52,210
60289-1,Airshow Jet Transporter,2021,52,281
60290-1,Skate Park,2021,52,195
Jan-29,Treasure Guard,1998,195,23
60291-1,Family House,2021,52,388
6029133-1,Series 9 - Sealed Box,2013,544,0
6029138-1,Series 10 - Sealed Box,2013,545,0
6029152-1,Series 11 - Sealed Box,2013,547,0
60292-1,Town Center,2021,52,791
60293-1,Stunt Park,2021,52,170
60294-1,Stunt Show Truck,2021,52,420
60295-1,Stunt Show Arena,2021,52,668
60296-1,Wheelie Stunt Bike,2021,52,14
60297-1,Demolition Stunt Bike,2021,52,12
60298-1,Rocket Stunt Bike,2021,52,14
60299-1,Stunt Competition,2021,52,73
60300-1,Wildlife Rescue ATV,2021,52,74
Jan-30,Catapult,1984,187,83
60301-1,Wildlife Rescue Off-Roader,2021,52,159
60302-1,Wildlife Rescue Operation,2021,52,525
60303-1,City Advent Calendar 2021,2021,208,349
60304-1,Road Plates,2021,52,112
60305-1,Car Transporter,2021,52,342
60306-1,Shopping Street,2021,52,533
60307-1,Wildlife Rescue Camp,2021,52,503
60308-1,Seaside Police and Fire Mission,2021,52,297
60309-1,Selfie Stunt Bike,2021,52,14
603-1,Motorbike,1978,67,26
60310-1,Chicken Stunt Bike,2021,52,10
Jan-31,Fright Force,1998,195,28
60311-1,Fire Stunt Bike,2021,52,11
60312-1,Police Car,2022,52,94
60313-1,Space Ride Amusement Truck,2022,52,433
6031370-1,The Stig Key Chain,2012,503,0
60314-1,Ice Cream Truck Police Chase,2022,52,319
60315-1,Police Mobile Command Truck,2022,52,437
60316-1,Police Station,2022,52,668
6031636-1,Friends Promotional Pack,2013,503,4
6031640-1,Chima Promotional Pack,2013,571,2
6031641-1,Lion Tribe Ripcord and Topper,2013,572,2
6031645-1,City Promotional Pack,2013,501,0
6031646-1,Duplo Memory Card Game 3 - Animal Memory,2013,501,15
60317-1,Police Chase at the Bank,2022,52,915
60318-1,Fire Helicopter,2022,52,53
60319-1,Fire Rescue & Police Chase,2022,52,295
603-2,1:87 Citro毛n DS 19,1965,368,1
60320-1,Fire Station,2022,52,540
Jan-32,Catapult Crusher,2000,197,57
60321-1,Fire Brigade,2022,52,766
60322-1,Race Car,2022,52,46
60323-1,Stunt Plane,2022,52,59
60324-1,Mobile Crane,2022,52,340
6032459-1,Friends (DVD),2012,501,0
60325-1,Cement Mixer Truck,2022,52,85
60326-1,Picnic in the Park,2022,52,147
60327-1,Horse Transporter,2022,52,196
60328-1,Beach Lifeguard Station,2022,52,211
60329-1,School Day,2022,52,433
603-3,Vintage Car,1970,423,36
60330-1,Hospital,2022,52,816
Jan-33,Treasure Transport,1998,434,60
60331-1,Touring Stunt Bike,2022,52,10
60332-1,Reckless Scorpion Stunt Bike,2022,52,15
60333-1,Bathtub Stunt Bike,2022,52,14
60335-1,Train Station,2022,52,907
60336-1,Freight Train,2022,66,1153
60337-1,Passenger Express Train,2022,66,764
60338-1,Chimpanzee Smash Stunt Loop,2022,52,226
60339-1,Double Loop Stunt Arena,2022,52,598
60340-1,The Blade Stunt Challenge,2022,52,154
Jan-34,Black Monarch's Ghost,1990,188,48
60341-1,The Knockdown Stunt Challenge,2022,52,117
60342-1,The Shark Attack Stunt Challenge,2022,52,105
60343-1,Rescue Helicopter Transport,2022,52,215
60344-1,Chicken Henhouse,2022,52,101
60345-1,Farmers Market Van,2022,52,310
60346-1,Barn & Farm Animals,2022,52,230
60347-1,Grocery Store,2022,52,404
60348-1,Lunar Roving Vehicle,2022,52,275
60349-1,Lunar Space Station,2022,52,500
60350-1,Lunar Research Base,2022,52,794
Jan-35,Castle Guard,1987,187,52
60351-1,Rocket Launch Center,2022,52,1010
60352-1,City Advent Calendar 2022,2022,208,287
60353-1,Wild Animal Rescue Missions,2022,52,246
60354-1,Mars Spacecraft Exploration Missions,2022,52,298
60355-1,Water Police Detective Missions,2022,52,278
Jan-36,Skeleton Surprise,1995,201,74
Jan-37,Witch's Windship,1997,195,60
Jan-38,Wolfpack Renegades,1992,203,98
6038514-1,The LEGO Story (DVD),2012,501,0
Jan-39,Twin-Arm Launcher,1988,199,77
Jan-40,Blacksmith Shop,1984,199,93
604-1,Shell Service Car,1978,67,22
Jan-41,Armor Shop,1986,199,114
604-2,Excavator,1971,416,28
Jan-42,Dungeon Hunters,1990,199,111
Jan-43,Dragon Defender,1993,190,156
6043173-1,Friends Baking Set,2013,494,23
6043191-1,Legends of Chima Promotional Pack,2013,571,12
Jan-44,King's Carriage,1995,201,127
Jan-45,Ninja Surprise,1998,434,112
Jan-46,Hemlock Stronghold,1996,191,220
Jan-47,Traitor Transport,1997,195,145
Jan-48,Majisto's Magical Workshop,1993,190,188
Jan-49,Viking Voyager,1987,199,101
605-1,Street Sweeper,1978,67,19
Jan-51,Play with Letters,2011,504,74
605-2,Taxi,1971,423,18
Jan-52,My First Vehicle Set,2011,504,90
605-3,1:87 Fiat 1800,1965,368,1
Jan-53,My First LEGO Town,2011,35,709
Jan-54,Forestmen's Hideout,1988,194,202
Jan-55,Prisoner Convoy,1985,199,116
Jan-56,Dragon Wagon,1993,190,109
Jan-57,Sea Serpent,1992,188,128
6058324-1,Easter Egg,2013,229,62
Jan-59,Knight's Stronghold,1990,188,228
6059278-1,The LEGO Movie Series 1 - Sealed Box,2014,549,0
6059283-1,The Simpsons Series 1 - Sealed Box,2014,550,0
6059291-1,Series 12 - Sealed Box,2014,548,0
Jan-60,Knight's Challenge,1989,199,168
606-1,Ambulance,1978,67,26
Jan-61,Siege Tower,1984,199,216
606-2,Tipper Lorry,1972,416,22
Jan-62,Battering Ram,1987,187,240
6064672-1,Mixels Series 1 - Sealed Box,2014,580,0
6064917-1,Mixels Series 2 - Sealed Box,2014,580,0
6065102-1,Mixels Series 3 - Sealed Box,2014,580,0
Jan-66,Camouflaged Outpost,1987,194,228
Jan-67,Guarded Inn,1986,199,256
607-1,Mini Loader,1979,67,23
Jan-71,Forestmen's Crossing,1990,194,210
607-2,1:87 VW Samba Bus,1965,368,1
Jan-73,Knight's Castle,1984,187,416
Jan-74,Black Falcon's Fortress,1986,187,429
Jan-75,Wolfpack Tower,1992,203,239
Feb-75,Castle,1981,189,775
Jan-76,Dark Dragon's Den,1993,190,219
Jan-77,Knight's Procession,1981,189,48
Feb-77,Forestmen's River Fortress,1989,194,359
Jan-78,Royal Drawbridge,1995,201,259
Jan-79,Dark Forest Fortress,1996,191,469
Jan-80,King's Castle,1984,199,679
608-1,Kiosk,1971,413,33
Jan-81,King's Mountain Fortress,1990,199,438
608-2,Taxi,1979,67,25
Jan-82,Fire Breathing Fortress,1993,190,406
Jan-83,Knight's Tournament,1981,189,211
Feb-83,Samurai Stronghold,1998,434,198
Jan-85,Black Monarch's Castle,1988,188,688
Jan-86,Black Knight's Castle,1992,188,590
Jan-87,Witch's Magic Manor,1997,195,255
Jan-88,Robber's Retreat,1998,434,281
Jan-89,Stone Tower Bridge,1998,434,410
Jan-90,Royal Knight's Castle,1995,201,763
609-1,Aeroplane,1972,412,28
Jan-91,King Leo's Castle,2000,197,539
Jan-92,50 Jahre In Deutschland,2006,34,706
Feb-92,Special Edition Creative Building Tub,2006,34,706
Jan-93,Flying Ninja Fortress,1998,434,698
Jan-94,Guarded Treasury,2000,197,103
Jan-95,Royal Joust,2000,197,103
Jan-96,Bull's Attack,2000,197,315
Jan-97,Night Lord's Castle,1997,195,607
Jan-98,King Leo's Castle,2000,197,538
Jan-99,Traitor Transport (with Cave),1997,195,146
6月1日,Motor Wires,1980,453,6
Jan-00,Aqua Dart,1998,312,24
6100808-1,Series 13 - Sealed Box,2015,551,0
6100812-1,The Simpsons Series 2 - Sealed Box,2015,553,0
6100817-1,Series 14 (Monsters) - Sealed Box,2015,552,0
610-1,Vintage Car,1973,423,39
610-2,Rescue Helicopter,1987,729,35
Jan-02,Castle Mini Figures,1985,186,36
6102131-1,Mixels Series 4 - Sealed Box,2015,580,0
6102139-1,Mixels Series 5 - Sealed Box,2015,580,0
6102148-1,Mixels Series 6 - Sealed Box,2015,580,0
610-3,Super Wheel Toy Set,1965,373,304
Jan-03,Castle Mini Figures,1988,186,38
Feb-03,Knights,1984,186,25
Jan-04,Aquacessories,1996,307,26
Jan-05,Medieval Knights,1993,186,37
Jan-07,Recon Ray,1998,313,20
Jan-09,Sea Creeper,1998,313,79
Jan-10,Solo Sub,1998,312,25
611-1,Police Car,1973,421,19
Jan-11,Street Chase,2006,112,196
611-2,Air Canada Jet Plane,1988,729,98
Jan-12,World of Bricks,2006,34,1004
Jan-14,200 + 40 Special Elements,2007,34,242
Jan-15,Shark Scout,1995,311,28
Jan-16,Box of Bricks,2007,34,604
Jan-17,Doors and Windows,2008,35,100
Jan-18,Wheels,2008,35,106
Jan-19,Roof Tiles,2008,35,150
612-1,Tipper Truck,1974,416,23
Jan-25,Sea Sprint 9,1995,308,32
Jan-26,Good Guy 2008,2008,324,26
Jan-27,Bad Guy 2008,2008,324,29
Jan-28,Function 2008,2008,324,22
Jan-30,Build and Play,2011,505,100
613-1,Biplane,1974,412,18
Jan-31,Build and Play,2011,35,650
Jan-32,Red,2012,506,13
Jan-33,Race Day,2012,506,26
Jan-34,Siddeley Saves the Day,2012,506,34
Jan-35,Spy Shark,1996,311,60
Jan-36,My First Zoo,2011,632,60
Feb-36,My First Zoo (re-release),2014,632,60
Jan-37,My First Supermarket,2011,632,38
Jan-38,My First Fire Station,2011,632,60
6138959-1,Series 15 - Sealed Box,2016,554,0
6138971-1,Disney Series 1 - Sealed Box,2016,555,0
6138974-1,Series 16 - Sealed Box,2016,556,0
6138975-1,DFB (Deutscher Fussball-bund) - Sealed Box,2016,557,0
6139025-1,Mixels Series 7 - Sealed Box,2016,580,0
6139030-1,Mixels Series 8 - Sealed Box,2016,580,0
6139034-1,Mixels Series 9 - Sealed Box,2016,580,0
Jan-40,Crab,1998,313,78
614-1,Excavator,1974,416,31
Jan-41,My First Farm,2012,632,62
6142702-1,Fire Helmet,2020,501,0
Jan-43,Race Team,2012,504,34
Jan-44,Zoo Train,2012,634,12
Jan-45,Crystal Crawler,1996,308,96
Jan-46,Pick-up Truck,2012,632,17
Jan-50,Crystal Detector,1998,312,106
Jan-51,Sleeping Beauty's Chamber,2012,640,16
615-2,Fork Lift with Driver,1975,416,21
Jan-52,Snow White's Cottage,2012,640,28
Jan-53,Cinderella's Carriage,2012,640,20
Jan-54,Cinderella's Castle,2012,640,77
Jan-55,Deep Sea Predator,1995,311,104
Jan-56,Photo Safari,2012,632,67
Jan-57,The Big Zoo,2012,632,147
Jan-58,Animal Clinic,2012,632,62
Jan-59,Crystal Detector,1998,312,105
Jan-60,Sea Scorpion,1998,313,305
616-1,Cargo Ship,1976,419,31
Jan-61,Brick Box,2007,34,221
Jan-62,A World of LEGO Mosaic 4 in 1,2007,277,286
6162839-1,Supplemental Pack for Set 21303,2015,576,10
Jan-63,A World of LEGO Mosaic 9 in 1,2007,277,598
Jan-64,Rescue Building Set,2007,34,524
Jan-66,Large Brick Box,2007,34,410
Jan-67,Deluxe Brick Box,2006,34,701
Jan-68,Fire Station,2012,632,63
6168272-1,LEGO House Fan Pre-Opening,2017,599,26
Jan-69,Fire Chief,2012,632,6
617-1,Cowboys,1976,424,41
Jan-71,My First Gas Station,2012,632,45
Jan-72,Zoo Truck,2012,632,8
Jan-73,Panda,2012,632,8
6175011-1,The LEGO Batman Movie Series 1 - Sealed Box,2017,609,0
6175012-1,Series 17 - Sealed Box,2017,611,0
6175016-1,The LEGO Ninjago Movie - Sealed Box,2017,618,0
Jan-75,Crystal Explorer Sub,1995,308,167
Jan-76,Basic Bricks - Deluxe,2008,505,80
6176782-1,Escape the Space Slug,2016,158,161
Jan-77,Basic Bricks Deluxe,2008,35,650
Jan-78,My Town,2008,505,79
Jan-80,Hydro Search Sub,1998,312,298
618-1,Police Helicopter,1977,421,39
Jan-86,Build Your Own LEGO Harbor,2008,35,252
Jan-87,Road Construction Set,2008,35,300
Jan-90,Shark's Crystal Cave,1996,311,259
619-1,Rally Car,1977,423,23
Jan-91,Fire Fighter Building Set,2009,35,117
Jan-92,Pirates Building Set,2009,35,150
Jan-93,Castle Building Set,2009,35,137
Jan-94,My LEGO Town,2009,35,516
Jan-95,Neptune Discovery Lab,1995,308,513
Jan-98,Stingray Stormer,1998,313,412
Jan-99,Hydro Crystallization Station,1998,312,483
Jan-00,Pirates Double Pack,1989,148,0
Feb-00,Evo,2012,401,36
620-1,Fireman's Car,1978,67,33
Jan-01,Toxic Reapa,2012,403,42
620-2,Fire Truck,1970,417,40
Jan-02,Rocka,2012,401,55
620-3,Blue Building Plate 32 x 32,2010,35,1
Jan-03,Black Phantom,2012,403,124
Jan-04,Buccaneers,1997,148,42
Jan-05,V-wing Fighter,2006,158,114
Jan-06,TIE Interceptor,2006,158,212
Jan-07,A-wing Fighter,2006,158,194
Jan-08,B-wing Fighter,2006,158,440
Jan-09,Slave I,2006,158,537
Jan-10,Jabba's Sail Barge,2006,158,782
621-1,Police Car,1978,67,35
Jan-11,Imperial Star Destroyer,2006,158,1389
6211760-1,Detention Block Rescue,2017,158,220
621-2,Shell Tanker Truck,1970,418,43
Jan-12,X-wing Fighter,2006,158,437
Jan-13,Replacement Gearbox for Electric Motor,1985,456,1
6213821-1,The LEGO Batman Movie Series 2 - Sealed Box,2018,711,0
6213825-1,Series 18 - Sealed Box,2018,622,0
6213829-1,Wizarding World of Harry Potter Series 1 - Sealed Box,2018,656,0
Jan-16,Jawblade,2012,403,45
Jan-17,Surge,2012,401,39
Jan-18,Splitface,2012,403,50
6218485-1,CKS Memorial Hall,2017,619,154
6218490-1,85 Sky Tower,2017,619,180
6218706-1,Malaysia: Bunga Raya,2017,619,133
6218707-1,Malaysia: Ketupat,2017,619,126
6218709-1,Malaysia: Rumah Kampung,2017,619,137
6218710-1,Malaysia: Wau,2017,619,139
6218772-1,The Old Supreme Court Building,2017,619,253
6218773-1,Former Kowloon-Canton Railway Clock Tower,2017,619,327
6218774-1,Old Taipo Market Railway Station,2017,619,212
6218775-1,Sheung Wan Western Market,2017,619,397
622-1,Tipper Truck,1978,67,33
Jan-21,Nex,2012,401,39
622-2,Baggage Carts,1970,412,45
Jan-22,Core Hunter,2012,403,51
Jan-23,Bulk,2012,401,61
Jan-27,Breez,2012,401,55
Jan-28,Thornraxx,2012,403,44
Jan-29,XT4,2012,403,39
Jan-30,Stormer XL,2012,401,90
623-1,Medic's Car,1978,67,34
Jan-31,Speeda Demon,2012,403,192
623-2,White Car and Camper,1970,423,38
Jan-32,Skeleton Crew,1996,148,31
Jan-34,Renegade's Raft,1991,148,39
Jan-35,Buried Treasure,1989,148,27
Jan-36,King Kahuka,1994,148,49
Jan-37,Pirates' Plunder,1993,148,28
6238718-1,M&T Dog,2018,206,13
6238721-1,Easy Build Building Happening Dog,2018,206,0
Jan-39,Cannon Battle,2009,153,45
Jan-40,Kraken Attackin',2009,153,78
624-1,"Basic Motor, 9V",1996,473,27
Jan-41,Loot Island,2009,153,145
Jan-42,Soldiers' Fort,2009,153,371
624210-1,LEGO House 6 Bricks,2017,599,6
6242507-1,Fortuna Temple Pavilion and Puppy,2018,206,0
Jan-43,Brickbeard's Bounty,2009,153,596
Jan-44,Armada Sentry,1996,148,74
6244853-1,Lion Dance,2018,686,264
Jan-45,Harbor Sentry,1989,148,25
Jan-46,Crocodile Cage,1994,148,61
Jan-47,Bounty Boat,1992,148,40
Jan-48,Volcano Island,1996,148,123
Jan-49,Pirates Ambush,1997,148,159
6250093-1,Iron Man Mosaic,2018,705,2305
Jan-50,Cross Bone Clipper,1997,148,157
625-1,Tractor,1978,67,31
Jan-51,Pirate Mini Figures,1989,148,40
6251226-1,The LEGO Movie 2: The Second Part - Sealed Box,2019,675,0
Jan-52,Sea Mates,1993,148,39
6252770-1,Leia Organa,2017,158,18
6252808-1,Chewbacca,2018,158,22
6252810-1,Han Solo,2018,158,23
6252811-1,Obi-Wan Kenobi,2018,158,18
6252812-1,Luke Skywalker,2018,158,21
Jan-53,Shipwreck Hideout,2009,153,313
Jan-54,Rocky Reef,1995,148,108
Jan-55,Pirate Comic,1989,148,13
Jan-56,Islander Catamaran,1994,148,65
Jan-57,Castaway's Raft,1989,148,54
Jan-58,Smuggler's Shanty,1992,148,75
6258618-1,60th Anniversary Red Pencil Pot,2018,598,266
6258619-1,60th Anniversary Yellow Pencil Pot,2018,598,307
6258620-1,60th Anniversary Classic Wooden Duck,2018,598,76
6258622-1,60th Anniversary Classic Wooden Bus,2018,598,112
6258623-1,60th Anniversary Classic Wooden Train,2018,598,68
6258624-1,60th Anniversary Classic Truck,2018,598,71
Jan-59,Broadside's Brig,1991,148,68
Jan-60,Shipwreck Island,1989,148,78
626-1,"Baseplate, Green",1996,473,1
Jan-61,Raft Raiders,1992,148,86
626-2,Red Cross Helicopter,1978,67,37
Jan-62,King Kahuka's Throne,1994,148,155
Jan-63,Imperial Outpost,1995,148,219
Jan-64,Forbidden Cove,1994,148,223
Jan-65,Sabre Island,1989,148,98
Jan-66,Cannon Cove,1993,148,106
Jan-67,Lagoon Lock-Up,1991,148,194
Jan-68,Renegade Runner,1993,148,186
6268521-1,Harry Potter Mosaic,2018,246,2305
6268522-1,Hermione Granger Mosaic,2018,246,2305
6270050-1,Shimao Brickheadz,2018,610,110
Jan-70,Forbidden Island,1989,148,190
627-1,"Baseplate, Blue",1996,473,1
Jan-71,Imperial Flagship,1992,148,320
6271101-1,Christmas Heart,2019,227,23
Feb-71,Imperial Flagship with Free Storage Case,1992,148,0
Jan-73,Rock Island Refuge,1991,148,388
6273754-1,Easy Build Building Happening Piglet,2019,206,723
6273759-1,Micro Piglet,2019,206,28
Jan-74,Caribbean Clipper,1989,148,387
Jan-76,Eldorado Fortress,1989,148,516
Jan-77,Imperial Trading Post,1992,148,620
6277552-1,Birthday Cake,2019,598,30
Jan-78,Enchanted Island,1994,148,440
6278335-1,Emmet Lenticular Mosaic,2019,670,2305
6278700-1,Chinese New Year Windmill,2019,206,64
6278705-1,Mini Year Of The Pig and New Year Wealth Bundle,2019,206,83
6278983-1,Beijing Brickheadz,2019,610,110
Jan-79,Skull Island,1995,148,386
6279667-1,Emmet's House,2019,670,46
6279759-1,Emmet's Ship,2019,670,68
Jan-80,Armada Flagship,1996,148,291
628-1,X-Large Building Plate (Light Gray),1996,473,1
Jan-81,Pirates Perilous Pitfall,1997,148,404
628-2,Police Helicopter,1977,421,39
Jan-82,Stringer,2012,401,42
628-3,X-Large Gray Baseplate (Lt Bluish Gray),2003,22,1
Jan-83,Voltix,2012,403,61
Jan-85,Black Seas Barracuda,1989,148,918
Jan-86,Skull's Eye Schooner,1993,148,924
6286884-1,Changi Airport Tower,2019,408,104
6287584-1,Series 19 - Sealed Box (30 Count),2019,681,0
6288911-1,Character Pack Series 1 - Sealed Box,2020,690,0
Jan-89,Red Beard Runner,1996,148,711
Jan-90,Red Beard Runner,2001,148,712
6290485-1,Lantern,2019,206,33
629-1,Three Building Plates,1996,473,3
Jan-91,Armada Flagship,2001,148,291
6291437-1,Sakura Tree,2020,252,147
6291788-1,Panda,2019,408,47
Jan-92,Enchanted Island,2001,148,440
Jan-93,Furno,2012,401,56
6294336-1,Junk Boat,2019,598,100
Jan-96,Shipwreck Island,1996,148,226
6296215-1,Idea Generator,2019,598,128
Jan-99,Pirates Advent Calendar 2009,2009,215,148
6299401-1,Welsh Corgi,2018,598,104
6月3日,Basic Set,1973,469,338
630-1,Brick Separator,1996,443,1
Jan-01,Town Mini-Figures,1986,67,34
Jan-02,Mini-Figure Set,1982,67,31
6302766-1,Cologne Brickheadz,2019,610,111
630-3,Brick Separator Orange,2012,443,1
Jan-04,Cross Roads Plates,1980,67,2
Jan-05,Trees and Flowers,1980,67,24
Jan-06,Road Signs,1980,67,12
Jan-07,Firemen,1983,67,22
6307985-1,Spring,2019,157,126
6307986-1,Summer,2019,157,103
6307987-1,Autumn,2019,157,126
6307988-1,Winter,2019,157,113
Jan-08,Policemen,1982,67,20
Jan-09,Town Mini-Figures,1988,67,41
Jan-10,T-Road Plates,1986,67,2
631-1,Doors and Windows,1996,473,52
Jan-11,Curved Road Plates,1986,67,2
6311297-1,Lucky the Rat,2020,206,39
6311302-1,Holly the Rat,2020,598,36
6311307-1,Reindeer,2019,227,25
6311310-1,Snowman,2019,227,26
6311314-1,Santa,2019,227,28
6311315-1,Christmas Tree,2019,227,23
Jan-12,Straight Road Plates,1986,67,2
6313092-1,Surfer Van,2019,408,62
Jan-13,Cross-Road Plates,1986,67,2
6313388-1,Gift Box,2019,227,97
Jan-14,City People,1992,67,36
6315023-1,Windmill,2019,408,126
6315025-1,Amsterdam Brickheadz,2019,610,110
Jan-15,Road Signs,1988,67,11
Jan-16,Flags and Fences,1988,67,38
Jan-17,Trees and Flowers,1988,67,48
6317939-1,Peach Flower Vase,2020,598,160
6317941-1,Traditional Drum,2020,686,91
6317942-1,Lunar New Year Display Box,2020,686,87
Jan-18,"Flowers, Trees and Fences",1996,67,65
Jan-19,Trees and Fences,1993,67,45
Jan-20,T-Road Plates,1997,94,2
632-1,Wheels and Tires,1996,473,60
Jan-21,Curved Road Plates,1997,94,2
Jan-22,Straight Road Plates,1997,94,2
6322718-1,Leifeng Pagoda,2020,408,106
6322719-1,Hangzhou Brickheadz,2020,610,98
Jan-23,Cross Road Plates,1997,94,2
Jan-24,Chopper Cop,1998,94,24
6324146-1,Great Wall of China,2020,408,98
Jan-25,Package Pick-Up,1998,94,29
Jan-26,Town Folks,1998,94,40
Jan-27,Turbo Champs,1998,94,55
Jan-28,Helicopter Transport,1998,94,102
6328560-1,Rose,2022,232,65
Jan-29,Truck Stop,1998,94,144
Jan-30,Cargo Express Hub,1998,94,246
633-1,Roof Tiles,1996,473,50
Jan-31,Patriot Jet,1996,67,167
Jan-32,Command Post Central,1998,94,289
6332255-1,Bandmates  Series 1 - Sealed Box,2021,713,0
6332713-1,Character Pack Series 2 - Sealed Box,2021,690,0
6332731-1,Character Pack Series 3 - Sealed Box,2021,690,0
Jan-33,Race and Chase,1998,94,50
Jan-34,Wave Jump Racers,1996,67,181
Jan-35,Indy Transport,1996,67,403
Jan-36,Launch Response Unit,1995,88,182
6336798-1,Summer Arcade,2020,598,93
6336800-1,Ice Hockey,2020,598,146
6336801-1,Bumper Cars,2020,598,92
6337009-1,Summer Clown,2020,408,118
Jan-37,Fast Track Finish,1996,67,351
Jan-38,Hurricane Harbor,1995,67,365
6338738-1,Happy Children's Day,2020,598,140
Jan-39,Shuttle Launch Pad,1995,88,565
6339339-1,Gift Box for Double Eleven,2020,598,130
Jan-40,Hook & Ladder,1994,67,177
634-1,Extra Bricks in Red,1996,473,62
Jan-41,Gas N' Go Flyer,1994,67,107
6341811-1,Series 21 - Sealed Box,2021,712,0
Jan-42,Beach Rescue Chopper,1993,67,150
Jan-44,Jet Speed Justice,1993,67,159
Jan-45,Aerial Acrobats,1993,67,351
6345925-1,Micro Ox,2021,206,24
Jan-46,Shuttle Launching Crew,1992,67,414
Jan-47,Monorail Accessory Track,1991,67,54
Jan-48,Surveillance Squad,1994,67,319
Jan-49,Vacation House,1988,67,216
6349153-1,Dapeng,2020,408,154
6349566-1,Snowflake,2020,598,97
6349567-1,Christmas Decor,2020,227,67
6349568-1,Gingerbread House,2020,227,58
6349570-1,Pagoda,2021,686,104
6349571-1,Lantern,2021,686,33
Jan-50,Pizza To Go,1994,67,151
635-1,Extra Bricks in White,1996,473,62
Jan-51,Surf N' Sail Camper,1992,67,189
6351965-1,Rickshaw and Paifang Gateway,2021,598,168
Jan-52,Cargomaster Crane,1991,67,141
Jan-53,Coastal Cutter,1991,67,185
Jan-54,Pursuit Squad,1990,67,175
Jan-55,Derby Trotter,1989,67,142
Jan-56,Med-Star Rescue Plane,1988,67,160
Jan-57,Stunt 'Copter N' Truck,1988,67,177
Jan-58,Snorkel Squad,1987,67,153
Jan-59,Horse Trailer,1986,67,145
Jan-60,Weekend Cottage,1986,67,117
6360744-1,Bandmates  Series 2 - Sealed Box,2021,713,0
636-1,Pullback Motor,1996,473,14
6361096-1,Lunar New Year Minifigure,2021,686,4
Jan-61,Mobile Crane,1986,67,164
Jan-62,Post Office,1982,67,136
Jan-63,Auto Service Station,1980,67,142
Jan-64,Paramedic Unit,1980,67,141
Jan-65,Summer Cottage,1981,67,153
Jan-66,Fire & Rescue Squad,1984,67,116
Jan-67,Truck,1984,67,156
Jan-68,Jet Airliner,1985,67,137
Jan-69,Garage,1985,67,135
Jan-70,Weekend Home,1985,67,187
637-1,Plastic Playtable,1996,473,3
Jan-71,Shell Service Station,1983,67,268
Jan-72,Town House,1982,67,235
Jan-73,Motorcycle Shop,1984,67,188
Jan-74,Holiday Home,1983,67,266
6374338-1,Swing Ship Ride,2021,598,152
Jan-75,Trans Air Carrier,1990,67,205
Feb-75,Exxon Gas Station,1980,67,271
Jan-76,Breezeway Cafe,1990,67,195
Jan-77,Delivery Center,1985,67,307
Jan-78,Shell Service Station,1986,67,292
Jan-79,Riding Stable,1986,67,282
6379533-1,Character Pack Series 4 - Sealed Box,2022,690,0
6379553-1,Character Pack Series 5 - Sealed Box,2022,690,0
Jan-80,Emergency Treatment Center,1987,67,293
638-1,"Lots of Extra Basic Bricks, 3+",1996,467,404
Jan-81,Motor Speedway,1987,67,206
Jan-82,Fire Station,1981,67,396
6382975-1,Tantive IV,2021,158,56
Jan-83,Public Works Center,1981,67,419
Jan-84,Police Station,1983,67,399
6384212-1,Stuttgart Brand Store Opening Associate Figure,2021,408,129
6384214-1,New York 5th Avenue Brand Store Opening Associate Figure,2021,408,130
6384339-1,Edinburgh Brand Store Opening Associate Figure,2021,408,129
6384342-1,Warsaw Brand Store Opening Associate Figure,2021,408,129
6384344-1,Tivoli Gardens Brand Store Opening Associate Figure,2021,408,129
6384346-1,Barcelona Brand Store Opening Associate Figure,2021,408,129
6384693-1,Little Red Riding Hood Book,2021,157,151
6384694-1,Alice's Adventures in Wonderland Book,2021,157,144
6384695-1,Jack and the Beanstalk Book,2021,157,149
6384696-1,Hansel and Gretel Book,2021,157,154
6384705-1,TMALL 1st Anniversary Exclusive Set,2021,598,9
Jan-85,Fire House-I,1985,67,416
6385416-1,Summer Sailboat,2019,408,37
6385428-1,Trophy,2021,408,20
6385434-1,Golden Snitch,2018,246,35
6385680-1,Series 22 - Sealed Box,2022,718,0
6385891-1,Brick Lab,2021,408,0
Jan-86,Police Command Base,1986,67,403
6386182-1,LEGO Masters Mini Build,2021,599,0
6386184-1,LEGO Masters Mini Build 鈥楤lack and White Color Variant',2021,599,0
Jan-87,Coastal Rescue Base,1989,67,374
Jan-88,Holiday Home with Caravan,1989,67,363
Jan-89,Fire Control Center,1990,67,540
Jan-90,Main Street,1980,67,607
639-1,"Lots of Extra Basic Bricks, 5+",1997,467,400
Jan-91,Cargo Center,1984,67,567
Jan-92,Airport,1985,67,538
6392262-1,Christmas 4-in-1 Builds,2021,227,0
Jan-93,Big Rig Truck Stop,1987,67,635
Jan-94,Metro Park & Service Tower,1988,67,631
Jan-95,Victory Lap Raceway,1988,67,614
Jan-96,International Jetport,1990,67,554
6396384-1,Tiger,2022,206,28
Jan-97,Gas N' Wash Express,1992,67,474
Jan-98,Central Precinct HQ,1993,67,634
Jan-99,Airport Shuttle,1990,67,786
6399469-1,Bonn Brand Store Opening Associate Figure,2021,408,129
6399471-1,Wroclaw Brand Store Opening Associate Figure,2021,408,129
6月4日,4.5V Battery Train Wagon,1977,456,2
Jan-00,Go-Kart,1997,67,23
640-1,Fire Truck,1971,417,45
Jan-01,Seaside Cabana,1992,90,45
6401988-1,Easter Bunny,2022,229,48
640-2,Fire Truck and Trailer,1978,67,48
Jan-02,Sidewalk Cafe,1994,90,49
Jan-03,Paradise Playground,1993,90,97
Jan-04,Carriage Ride,1996,90,65
Jan-05,Sunset Stables,1992,90,133
Jan-06,Go-Kart,1997,67,23
Jan-07,Fire Chief,1997,94,26
Jan-09,Island Arcade,1993,90,150
Jan-10,Cabana Beach,1994,90,154
6410426-1,Mall of Berlin Brand Store Opening Associate Figure,2021,408,129
6410992-1,Heart-shaped Jewelry Box,2022,232,83
641-1,Excavator,1978,67,39
Jan-11,Sand Dollar Cafe,1992,90,172
6411312-1,Grill,2022,598,36
6412186-1,Egg and Chick,2022,229,63
6412192-1,Rose,2022,598,26
Jan-14,Dolphin Point,1995,90,210
Jan-15,Res-Q Jet-Ski,1998,92,18
Jan-16,Poolside Paradise,1992,90,239
Jan-17,Show Jumping Event,1997,90,42
Jan-18,Country Club,1996,90,293
6418411-1,Crafty Felt Stickers x 4 Sheets,2022,501,0
Jan-19,Rolling Acres Ranch,1992,90,364
Jan-20,Mail Carrier,1998,94,14
642-1,Tow Truck and Car,1978,67,44
642-2,Double Excavator,1971,416,33
Jan-22,Telephone Repair,1998,94,48
Jan-23,Mini Tow Truck,2000,106,35
Jan-24,Rig Racers,1998,94,106
6424685-1,I Heart LEGO Store Leicester Square Tile,2022,408,1
6424688-1,LEGO Delivery Truck,2022,408,0
Jan-25,TV Chopper,1999,106,37
Jan-26,Super Cycle Center,1998,94,165
6426244-1,90th Anniversary Mini Castle,2022,598,158
Jan-27,Road Signs,1999,106,43
6427871-1,Egg Hunt Reward,2022,229,1
Jan-28,Wave Saver,1998,92,18
Jan-29,Blaze Responder,1999,106,47
Jan-30,Night Patroller,1991,67,140
643-1,Flatbed Truck,1978,67,39
Jan-31,Road Rescue,1998,92,48
643-2,Mobile Crane,1971,416,35
Jan-32,Speedway Transport,1999,94,139
Jan-33,Coastwatch,1999,106,90
Jan-34,Roadside Repair,1999,106,220
Jan-35,Coast Guard HQ,1999,94,229
Jan-36,Go-Kart,1999,94,22
6436693-1,Buildable 2 x 2 Red Brick,2022,598,66
Jan-37,Beach Buggy,1999,106,28
Jan-39,Mini-Dumper,1999,94,30
Jan-40,Jetport Fire Squad,1991,67,160
644-1,Double Tanker,1971,418,61
Jan-41,Deep Reef Refuge,1997,86,446
644-2,Police Mobile Patrol,1978,67,45
Jan-42,Sting Ray Explorer,1997,86,151
Jan-44,Outback Airstrip,1997,89,167
Jan-45,Emergency Evac,1998,92,100
Jan-46,Crane Truck,1999,106,26
Jan-47,Dumper,1999,106,48
Jan-50,Mobile Police Truck,1986,67,84
645-1,Police Helicopter,1979,67,56
Jan-51,River Response,1998,92,153
645-2,Milk Float & Trailer,1971,423,57
Jan-52,Mini Rocket Launcher,1999,93,32
Jan-53,Com-Link Cruiser,1999,93,61
Jan-54,Countdown Corner,1999,93,134
Jan-55,Space Simulation Station,1999,93,249
Jan-56,Mission Control,1999,93,496
Jan-57,Astronaut Figure,1999,93,18
Jan-58,Satellite with Astronaut,1999,93,32
Jan-59,Fuel Truck,1999,93,120
646-1,Auto Service Truck,1979,67,43
Jan-61,Surveillance Chopper,1999,93,30
646-2,Mobile Site Office,1971,423,51
Jan-62,Aerial Recovery,1998,92,205
Jan-63,Lunar Rover,1999,93,37
Jan-64,Super Rescue Complex,1999,94,348
Jan-65,Space Port Jet,1999,93,65
Jan-67,Power Pitstop,1999,106,71
Jan-68,Tow-n-Go Value Pack,1999,106,52
Jan-69,Space Port Value Pack,1999,93,0
Jan-70,Mini Dump Truck,2000,106,25
647-1,Truck with Girders,1971,416,51
Jan-71,4WD Police Patrol,2000,106,30
Jan-72,Gas N' Wash Express,2001,106,474
Jan-73,Res-Q Cruiser,1998,92,305
Jan-74,Wheeled Front Shovel,2000,106,49
Jan-77,Firefighter's Lift Truck,2000,106,114
Jan-78,Fire Fighters' HQ,2000,106,239
Jan-79,Emergency Response Center,1998,92,437
Jan-80,Hook and Ladder Truck,1986,67,119
648-1,Shell Service Station,1971,418,42
Jan-81,Construction Crew,1989,67,170
Jan-82,Rescue Helicopter,1989,67,199
Jan-83,Coastal Patrol,1994,67,246
Jan-84,F1 Hauler,1995,67,278
Jan-86,Fire Engine,1997,94,67
Jan-87,Mountain Rescue,1997,89,68
Jan-89,Seaside Holiday Cottage,1997,90,88
Jan-90,Amazon Crossing,1997,89,119
649-1,Low-Loader with Excavator,1972,416,36
Jan-91,Rocket Racer,1996,464,58
649-2,1:87 Mercedes Shell Tanker,1966,368,1
Jan-92,Hypno Cruiser,1996,464,157
Jan-93,Flying Time Vessel,1996,464,239
Jan-94,Mystic Mountain Time Lab,1996,464,512
Jan-95,Time Tunnelator,1997,464,81
Jan-96,Whirling Time Warper,1997,464,158
Jan-97,Twisted Time Train,1997,464,300
Jan-98,Go-Kart,1999,106,22
Jan-99,Time Tunnelator,1997,464,82
650-1,Car with Trailer and Racing Car,1972,423,40
Jan-01,Sport Convertible,1987,67,30
650-2,1:87 Mercedes Esso Tanker,1964,368,1
Jan-02,Turbo Racer,1987,67,24
65028-1,Star Wars Co-Pack,2001,158,0
65030-1,Star Wars Co-Pack,2001,158,0
Jan-03,Sprint Racer,1988,67,32
65034-1,Star Wars Co-Pack,2001,158,0
Jan-04,Tractor,1988,67,25
Jan-05,Fire Chief's Car,1988,67,29
Jan-06,Precinct Cruiser,1989,67,32
65062-1,Racers Turbo Pack,2002,112,0
Jan-07,Mini Dumper,1989,67,30
65071-1,Dual Pack: Lehvak & Pahrak,2002,324,1
Jan-08,Wave Racer,1990,67,37
65081-1,R2-D2 / C-3PO Droid Collectors Set,2002,18,1
Jan-09,Red Devil Racer,1991,67,39
Jan-10,Mud Runner,1991,67,34
65106-1,Star Wars Episode II Co-Pack,2002,158,0
65109-1,Pahrak Nuhvok Gahlok Co-Pack,2002,324,0
651-1,Tow Truck and Car,1972,423,41
65110-1,Kohrak Lehvak Tahnok Co-Pack,2002,324,0
Jan-11,Rescue Runabout,1992,67,38
651-2,1:87 Mercedes Truck,1964,368,1
Jan-12,Landscape Loader,1992,67,37
65127-1,Bohrok Co-Pack (contains 8560 8561 8563),2002,324,0
65128-1,Bohrok Co-Pack (contains 8562 8564 8565),2002,324,0
Jan-13,Glade Runner,1993,67,31
Jan-14,Trail Ranger,1994,67,36
65145-1,X-wing Fighter / TIE Fighter & Y-wing Collectors Set,2002,158,0
Jan-15,Stunt Copter,1994,67,35
65153-1,Jango Fett's Slave I with Bonus Carrying Case,2002,158,1
Jan-16,Moon Walker,1995,88,34
Jan-17,Water Jet,1996,67,29
65175-1,Bob the Builder Co-Pack #2,2002,626,0
65177-1,Bob the Builder Co-Pack #1,2002,626,0
Jan-18,Baja Buggy,1996,67,37
65182-1,Slammer Stadium,2003,461,22
65186-1,Bohrok 3-pack (contains 8560 8561 8564),2002,324,0
Jan-19,Turbo Tiger,2000,91,47
Jan-20,Mobile Outpost,2000,51,219
652-1,1:87 Mercedes Truck/Trailer,1964,368,1
Jan-21,Emergency Repair Truck,1987,67,58
652-2,Fork Lift Truck and Trailer,1972,416,42
Jan-22,Highway Patrol,1987,67,38
65221-1,Streetball 2 vs 2 (box with mini basketball),2003,459,1
65229-1,Rahkshi Co-Pack 1,2003,324,0
65230-1,Rahkshi Co-Pack 2,2003,324,0
Jan-23,Red Cross,1987,67,51
Jan-24,Blizzard Blazer,1988,67,50
Jan-25,Blaze Commander,1995,67,50
65251-1,Bob the Builder Co-Pack #3,2002,626,0
65258-1,Power Chamber with Gahlok Tahnok Va Pahrak Va and Gahlok Va,2003,324,0
Jan-26,Red Line Racer,1989,67,49
Jan-27,Tipper Truck,1989,67,43
65277-1,Rahkshi Kaita Za Pack (Includes Turahk Lerahk Kurahk and Tahnok Va),2003,324,0
Jan-28,Sand Storm Racer,1989,67,39
Jan-29,Ultra Light I,1990,67,35
65295-1,Matoro and Kopeke Twin Pack with Gold Avohkii,2003,324,1
65296-1,Hewkii and Hahli Twin Pack with Gold Avohkii,2003,324,1
65297-1,Hafu and Macku Twin Pack with Gold Avohkii,2003,324,1
Jan-30,Sport Coupe,1990,67,43
653-1,Ambulance and Helicopter,1973,420,37
Jan-31,Flame Chaser,1991,67,56
653-2,1:87 Mercedes Flatbed Truck,1964,368,1
Jan-32,Diesel Dumper,1991,67,47
Jan-33,Police 4x4,1992,67,62
65340-1,Dumper and Front End Loader Co-Pack (contains 8451 and 8453),2004,1,0
Jan-34,Beach Bandit,1992,67,44
Jan-35,Dumper,1995,67,42
Jan-36,Aero Hawk,1993,67,48
65362-1,Jewels-n-Rings Click-N-Store Jewelry Set Co-Pack,2004,500,1
65363-1,Jewels-n-Bands Click-N-Store Jewelry Set Co-Pack,2004,500,1
65364-1,Jewels-n-Clips Click-N-Store Jewelry Set Co-Pack,2004,500,1
Jan-37,Hydro Racer,1994,67,50
Jan-38,Rebel Roadster,1994,67,57
Jan-39,Victory Cup Racers,1993,67,460
Jan-40,Pier Police,1991,67,357
654-1,Crane Lorry,1973,416,33
Jan-41,Intercoastal Seaport,1991,67,551
654-2,1:87 Mercedes Flatbed Truck/Trailer,1964,368,2
Jan-42,Launch & Load Seaport,1991,67,1078
Jan-43,Sail N' Fly Marina,1994,67,711
Jan-44,Shuttle Transcon 2,1995,88,348
Jan-45,Search N' Rescue,1996,67,291
Jan-46,Slick Racer,1996,67,39
65462-1,Bonus/Value Pack,2004,279,0
65468-1,Toa Metru Twin Pack with Kanoka and Poster,2004,324,0
Jan-47,Fun Fair,1997,90,204
Jan-48,Octan Gas Station,1997,94,133
Jan-49,Roadblock Runners,1997,94,193
Jan-50,Outback Racer,1997,89,49
655-1,Mobile Hydraulic Lift,1973,416,34
Jan-51,Checkered Flag 500,1992,67,193
65514-1,Matoran / Vahki Co-Pack 1 (contains 8607 8611 8614 8616 8618),2004,324,0
65515-1,Matoran / Vahki Co-Pack 2 (contains 8610 8612 8615 8617 8619),2004,324,0
65517-1,Dora the Explorer Value Pack,2004,628,0
65518-1,Spider-Man Co-Pack 1,2004,706,0
655-2,1:87 Mercedes Fire Truck,1964,368,1
Jan-52,Rocky River Retreat,1993,67,241
65524-1,Motorized Hogwarts Express Value-pack,2004,246,0
65527-1,Vladek's Attack,2004,198,0
Jan-53,Crisis News Crew,1997,89,136
65535-1,X-Pod Play Off Game Pack,2004,478,2
65537-1,Classic Freight Train,2004,236,0
Jan-54,Blaze Brigade,1997,94,259
65542-1,Sweet Dreamy Jewels Click-N-Store Jewelry Set Co-Pack,2004,500,1
65545-1,Ta-Metru Collector's Pack,2004,324,1
65549-1,Bionicle Bonus Pack,2004,324,0
Jan-55,Sea Hunter,1997,86,38
Jan-56,Scuba Squad,1997,86,77
Jan-57,Treasure Hunters,1997,86,144
65572-1,Spider-Man Co-Pack,2005,706,0
65573-1,Rumble Racers,2005,112,0
65579-1,Knights' Kingdom Value Pack,2004,198,1
65580-1,Knights' Kingdom Value Pack,2004,198,1
Jan-58,Shark Cage Cove,1997,86,198
Jan-59,Deep Sea Bounty,1997,86,351
Jan-60,Diving Expedition Explorer,1997,86,478
656-1,Car and Caravan,1974,423,49
Jan-61,Hot Rod Club,1994,67,242
656-2,1:87 Mercedes Tow Truck,1964,368,1
Jan-62,Gas Stop Shop,1995,67,227
Jan-63,Gator Landing,1996,67,238
Jan-64,Recycle Truck,1997,94,35
65642-1,The Grand Tournament Limited Edition Bonus Pack,2004,198,2
Jan-65,Construction Crew,1997,94,78
Jan-66,Security Express,1997,94,106
Jan-67,Speed Splash,1998,87,29
Jan-68,Drag Race Rally,1998,87,297
Jan-69,Polar Scout / Polar Explorer Co-Pack,2000,51,0
Jan-70,Snowmobile,1998,51,44
65705-1,Make and Create Co-Pack,2003,204,0
65708-1,Spider-man Co-pack,2004,287,0
657-1,Executive Jet,1974,412,37
Jan-71,Flame Fighters,1994,67,433
65716-1,Limited Edition Collector Pack with Vohtarak Sidorak and Life-Size Toa Hordika Mask (8742 8756),2004,324,0
657-2,1:87 Mercedes Delivery Van,1964,368,1
Jan-72,Wind Runners,1998,87,52
Jan-73,Arctic Expedition,2000,51,121
65743-1,City Construction Value Pack,2005,56,0
Jan-75,Polar Base,2000,51,441
65757-1,Special Edition Guardian Toa,2005,324,0
Jan-76,Sledge,1998,51,24
65766-1,Thomas Bridge & Tunnel Set,2005,631,15
65767-1,Attack from the Sea,2005,198,0
65768-1,Jayko Value Pack,2005,198,2
65769-1,Vladek Value Pack,2005,198,2
Jan-77,Snow Scooter,2000,51,21
65771-1,Episode III Collectors' Set,2005,158,2
65773-1,James and Percy Tunnel Set,2005,631,1
65777-1,City Fire Value Pack,2005,58,0
Jan-78,Polar Explorer,2000,51,22
Jan-79,Ice Surfer,2000,51,43
65799-1,City Fire Station Value Pack,2005,58,0
65800-1,City Construction Set Value Pack,2005,56,0
Jan-80,Land Jet 7,1998,87,114
65801-1,Trains Value Pack,2005,105,0
65808-1,Toa Hordika Value Pack,2005,324,0
658-1,Fire Engine,1974,417,38
Jan-81,Dig 'N' Dump,1996,67,128
65813-1,Special Edition Co-Pack with Sidorak and Toa Iruini (8756 8762),2005,324,0
658-2,1:87 VW Van,1964,368,0
Jan-82,Daredevil Flight Squad,1998,87,288
Jan-84,Extreme Team Challenge,1998,87,364
65844-1,Star Wars Classic Vehicles Bonus Pack,2005,158,0
65845-1,Star Wars Co-Pack Classic Vehicles Bonus Pack,2005,158,0
65849-1,Bionicle Co-Pack,2005,341,0
Jan-85,Hang-Glider,1998,87,19
65851-1,Knights Kingdom II Co-Pack,2005,198,1
Jan-86,Polar Scout,2000,51,56
Jan-89,Radical Racer,1998,87,83
Jan-90,Vacation Camper,1988,67,116
659-1,Police Patrol with Policemen,1975,421,47
Jan-91,Nitro Dragsters,1989,67,144
659-2,1:87 VW Pickup,1964,368,1
Jan-92,Vacation Hideaway,1990,67,117
Jan-93,Blaze Battler,1991,67,125
Jan-94,Gas Transit,1992,67,124
Jan-95,Surf Shack,1993,67,93
Jan-96,Wave Master,1995,67,134
Jan-97,Century Skyway,1994,67,905
Jan-98,Metro PD Station,1996,67,568
Jan-99,Shark Attack,1997,86,59
Jan-00,Police Patrol,1981,67,24
Feb-00,Highway Construction,2000,106,317
660-1,Car with Plane Transporter,1975,423,41
Jan-01,Ice Cream Cart,1985,67,30
Jan-02,Fire Chief's Car,1981,67,25
Feb-02,Scorpion Buggy,2000,91,78
Jan-03,Shovel Truck,1985,67,27
Jan-04,Formula-I Racer,1985,67,31
Jan-05,Road Racer,1984,67,20
Jan-06,Road Repair Set,1983,67,26
Jan-07,Service Truck,1982,67,25
Jan-08,Tractor,1982,67,21
Jan-09,Race Car,1980,67,17
Jan-10,Shell Petrol Pumps,1981,67,29
661-1,Spirit of St. Louis,1976,412,50
Jan-11,Fire Chief's Car,1981,67,20
66116-1,City Emergency Services Vehicles (Multipack),2006,52,0
66117-1,Offre Speciale,2007,52,0
661-2,1:87 VW Beetle,1964,368,1
Jan-12,Fire Chief's Car,1986,67,29
Jan-13,Telephone Booth,1986,67,26
66138-1,Toa Hordika Collection,2005,324,0
Jan-14,Launch Evac 1,1995,88,123
Jan-15,Eagle Stunt Flyer,1996,67,76
66151-1,Limited Edition Green Brick Tub Value-Pack,2006,505,0
66156-1,City Airport Exclusive Pack,2006,53,0
Jan-16,Rocket Dragster,2000,91,147
Jan-17,Tough Truck Rally,2000,91,385
66173-1,Building Bonanza Value Pack,2004,204,0
66174-1,City Firemen Bundle,2006,58,0
66175-1,City Rescue Pack,2007,52,0
66177-1,City Rescue Pack,2007,52,0
Jan-18,Blue Racer,2000,91,23
66188-1,Creative Building Set,2007,34,0
66189-1,Creative Building,2007,505,0
Jan-19,Red Four Wheel Driver,2000,91,20
66193-1,City Medical Super Pack,2007,60,0
66194-1,City Super Pack,2007,56,0
66195-1,City Super Pack,2007,58,0
Jan-20,Ultimate Accessory Set 500,2006,324,495
66207-1,Gift Set,2006,324,0
66208-1,Mr. Magoriums big book (Mr. Magorium's Wonder Emporium),2007,22,0
662-1,Dumper Lorry,1976,416,27
662101-1,"Steve, Zombie and Pig",2021,577,15
662102-1,TNT Launcher and Skeleton,2022,577,26
662103-1,Alex with Ocelot and Sheep,2022,577,23
Jan-21,Fire Truck,1984,67,39
66217-1,Farm Value Pack #2,2007,650,0
662-2,1:87 Opel Rekord,1965,368,1
662203-1,Iron Golem,2022,577,43
662204-1,Miner with Creeper and Ores,2022,577,27
Jan-22,Mailman on Motorcycle,1984,67,30
66221-1,X-wing Fighter and Luke Pilot Maquette Co-Pack,2007,158,0
66225-1,Gift Set,2007,389,0
Jan-23,Police Car,1983,67,40
66231-1,Farm Value Pack,2007,650,0
66236-1,Build & Play Value Pack,2008,505,0
66237-1,Build & Play Value Pack,2008,35,0
66239-1,City Trains Super Set,2007,66,0
Jan-24,Delivery Van,1983,67,41
66246-1,City Super Pack,2008,61,0
66247-1,City Super Pack,2008,52,0
Jan-25,Speed Trackers,1996,67,66
66254-1,Luke Skywalker Pilot Maquette,2007,501,0
66255-1,City Super Pack 6 in 1,2008,52,0
66256-1,City Super Pack,2008,52,0
66257-1,City Super Pack 4 in 1,2008,61,0
66258-1,City Super Pack,2008,52,0
66260-1,City Super Pack,2008,54,0
Jan-26,Rescue Helicopter,1981,67,37
Feb-26,Snow Scooter,2000,51,20
66262-1,Town Value Pack,2008,650,0
66264-1,Duplo Super Pack 3 in 1,2008,650,0
66265-1,Tri Pack,2008,559,0
Jan-27,Convertible,1980,67,37
Jan-28,Shell Tow Truck,1981,67,39
Feb-28,Construction Workers,1984,67,20
66282-1,City Police Co-Pack,2008,61,0
66283-1,Build and Play Value Pack,2009,505,0
66284-1,Build and Play Value Pack,2009,35,0
66290-1,City Coast Guard Super Pack 4 in 1,2008,55,0
Jan-29,Ambulance,1981,67,39
Jan-30,Bucket Loader,1981,67,34
66305-1,City Super Pack 3 in 1,2009,61,0
66306-1,City Coast Guard Super Pack 3 in 1,2009,55,0
66307-1,City Superpack 3 in 1,2009,52,0
66308-1,Star Wars Super Pack 3 in 1,2009,158,0
663-1,Hovercraft,1977,419,61
66310-1,Value Pack,2011,505,0
Jan-31,Steam Shovel,1985,67,48
66311-1,Creative Value Pack (TRU Exclusive),2010,34,0
66318-1,Technic Super Pack 4 in 1,2009,1,0
66319-1,Power Miners 3 in 1 Superpack,2009,439,0
66320-1,Zoo Super Pack 3 in 1,2009,650,0
Jan-32,Tactical Patrol Truck,1985,67,44
66321-1,Zoo Super Pack 4 in 1,2009,650,0
66325-1,City Super Pack 4 in 1,2009,66,0
66326-1,City Super Pack 4 in 1,2009,52,0
66328-1,City Super Pack 6 in 1,2009,52,0
66329-1,City Super Pack 3 in 1,2009,52,0
66330-1,City Super Pack 5 in 1,2009,56,0
Jan-33,Family Car,1985,67,46
66331-1,City Super Pack 3 in 1,2009,56,0
66332-1,Duplo Super Pack 3 in 1,2009,650,0
Jan-34,Stock Car,1986,67,47
66341-1,Star Wars Super Pack 3 in 1,2010,158,0
66342-1,City Super Pack 3 in 1,2010,58,0
66344-1,Super Pack 4 in 1,2010,632,0
66345-1,City Super Pack 4 in 1,2010,52,0
66357-1,City Super Pack 4 in 1,2010,58,0
66358-1,City Super Pack 3 in 1,2010,57,0
66359-1,Technic Super Pack 4 in 1,2010,1,0
66360-1,City Super Pack 4 in 1,2010,58,0
Jan-36,Police Headquarters,2002,94,291
66361-1,Duplo Super Pack 3 in 1,2008,634,0
66362-1,City Super Pack 4 in 1,2010,52,0
66363-1,City Super Pack 4 in 1,2010,61,0
66364-1,Star Wars Super Pack 3 in 1,2010,158,0
66365-1,Atlantis 4 in 1 Super Pack,2010,315,0
66366-1,Star Wars Super Pack 3 in 1,2010,158,0
66367-1,Farm Super Pack 3 in 1,2010,632,0
66368-1,Star Wars Super Pack 3 in 1,2010,158,0
Jan-37,Ultimate Battle Set,2005,324,0
66373-1,Fun Favor Pack,2010,22,0
66374-1,City Super Pack 4 in 1,2010,66,0
66375-1,City Super Pack 4 in 1,2011,61,0
66377-1,Star Wars Super Pack 3 in 1,2011,158,0
66378-1,Star Wars Super Pack 3 in 1,2011,158,0
66379-1,Co-Pack Bricks & More,2011,505,0
66380-1,Creative Value Pack (TRU UK Exclusive),2011,35,0
Jan-38,Ultimate Creatures Accessory Set (Special Edition) 300+ Pieces,2006,324,285
66383-1,Ninjago Super Pack 3 in 1,2011,435,0
66386-1,Cars 2 Super Pack 3 in 1,2011,269,0
66387-1,Cars 2 Super Pack 3 in 1,2011,269,0
66388-1,City Super Pack 4 in 1,2011,61,0
66389-1,City Super Pack 5 in 1,2011,61,0
Jan-39,Raven Racer,1995,67,71
66392-1,Duplo Cars Super Pack 3 in 1,2012,506,0
66393-1,DUPLO Super Pack 3 in 1,2011,632,0
66394-1,Ninjago Super Pack 3 in 1,2011,435,0
66395-1,Super Pack 3 in 1,2011,158,0
66396-1,Star Wars Super Pack 3 in 1,2011,158,0
66397-1,Technic Super Pack 4 in 1,2011,1,0
66404-1,Super Pack 2 in 1,2011,401,0
66405-1,City Super Pack 4 in 1,2010,66,0
66406-1,Super Pack 2 in 1,2011,400,0
66407-1,Super Pack 2 in 1,2011,400,0
66409-1,Cars Super Pack 3 in 1,2012,269,0
664-1,TV Crew,1977,423,48
66410-1,Super Pack 3 in 1,2012,435,0
Jan-41,4-Wheelin' Truck,1987,67,81
66411-1,Super Pack 3 in 1,2012,158,0
66412-1,City Super Pack 2 in 1,2012,61,0
66414-1,Super Pack 2 in 1,2012,401,0
664-2,1:87 Mercedes 220 S,1964,368,1
Jan-42,Police Helicopter,1988,67,65
66426-1,City Super Pack 3 in 1,2012,58,0
66427-1,City Police Super Pack 4 in 1,2012,61,0
66428-1,City Super Pack 4 in 1,2012,61,0
66429-1,Duplo Super Pack 3 in 1,2012,634,0
66430-1,Zoo Super Pack 3 in 1,2012,632,0
Jan-43,Fire Truck,1988,67,74
66431-1,Star Wars Super Pack 3 in 1,2012,158,0
66432-1,Super Pack 3 in 1,2012,158,0
66433-1,Technic Super Pack 3 in 1,2012,1,0
66434-1,Friends Super Pack 3 in 1,2012,494,0
66435-1,Friends Super Pack 4 in 1,2012,494,0
66436-1,City Super Pack 2 in 1,2012,61,0
66437-1,Mission 3 Super Pack 2 in 1,2012,400,0
Jan-44,Road Rebel,1990,67,72
66444-1,Super Pack 3 in 1,2012,435,0
66448-1,City Super Pack 3 in 1,2013,58,0
66449-1,Star Wars Super Pack 3 in 1,2013,158,0
66450-1,Legends of Chima Super Pack 3 in 1,2013,571,0
Jan-45,Street Sweeper,1991,67,65
66451-1,City Traffic Super Pack 4 in 1,2012,52,0
66452-1,Mission 6 Super Pack 2 in 1,2012,400,0
66453-1,City Super Pack 4 in 1,2013,58,0
66454-1,Farm Super Pack 3 in 1,2013,632,0
66455-1,Friends Super Pack 3 in 1,2013,494,0
66456-1,Star Wars Super Pack 3 in 1,2013,158,0
Jan-46,Screaming Patriot,1991,67,65
Jan-47,Highway Repair,1980,67,55
66471-1,Hero Factory Super Pack 2 in 1,2014,400,0
66473-1,Star Wars Super Pack 3 in 1,2013,158,0
66474-1,Legends of Chima Super Pack 2 in 1,2013,571,0
66475-1,City Super Pack 3 in 1,2013,52,0
66476-1,City Super Pack 3 in 1,2014,52,0
66478-1,Friends Super Pack 3 in 1,2014,494,0
66479-1,Super Pack 3 in 1,2014,158,0
Jan-48,Mag Racer,1992,67,63
66481-1,Brain Attack Super Pack 2 in 1,2013,400,0
Feb-48,Dump Truck,1980,67,42
66482-1,Brain Attack Super Pack 2 in 1,2013,400,0
66483-1,Brain Attack Super Pack 3 in 1,2013,400,0
66484-1,Brain Attack Super Pack 3 in 1,2013,400,0
66485-1,Brain Attack Super Pack 3 in 1,2013,400,0
66488-1,Brain Attack Super Pack 2 in 1,2013,400,0
Jan-49,Street Sweeper,1995,67,63
66491-1,Legends of Chima Super Pack 5 in 1,2014,571,0
66492-1,City Super Pack 3 in 1,2014,61,0
66493-1,City Train Super Pack 4 in 1,2014,66,0
66494-1,Duplo Super Pack 3 in 1,2015,634,0
66495-1,Star Wars Super Pack 3 in 1,2014,158,0
66497-1,Animals' Christmas Party Set,2013,494,0
66498-1,CHI Hyper Laval / CHI Hyper Eris,2013,573,0
66499-1,Chi Hyper Gorzan Super Pack 2 in 1,2013,573,0
66500-1,Chi Hyper Cragger Super Pack 2 in 1,2013,573,0
Jan-50,Fire and Rescue Van,1981,67,46
665-1,1:87 Karmann Ghia,1964,368,1
Jan-51,Post Office Van,1982,67,47
66512-1,Star Wars Super Pack 2 in 1,2014,158,0
66514-1,Star Wars Microfighters Super Pack 3 in 1,2014,158,0
66515-1,Microfighters Super Pack 3-in-1,2014,158,0
Jan-52,Construction Truck,1983,67,44
66521-1,City Super Pack 3 in 1,2015,56,0
66522-1,City Super Pack 4 in 1,2015,52,0
66523-1,City Super Pack 3-in-1,2015,52,0
66524-1,Duplo Super Pack 3 in 1,2015,634,0
66525-1,Farm Super Pack 3 in 1,2015,632,0
66526-1,Friends Super Pack 3 in 1,2015,494,0
Jan-53,Highway Emergency Van,1982,67,56
66533-1,Star Wars Super Pack 3 in 1,2015,158,0
66534-1,Star Wars Super Pack 3 in 1,2015,158,0
66535-1,Battle Pack 2 in 1,2015,158,1
66536-1,Battle Pack 2 in 1,2015,158,1
66537-1,Friends Super Pack 3 in 1,2016,494,0
66538-1,Forests Value Pack,2016,504,0
66539-1,Friends Super Pack 3 in 1,2016,494,0
66540-1,City Super Pack 3 in 1,2016,52,0
Jan-54,Motorcycle Transport,1983,67,54
66541-1,City Super Pack 3 in 1,2016,58,0
66542-1,Star Wars Microfighters Super Pack 3 in 1,2016,158,0
66543-1,Microfighters Super Pack 3 in 1,2016,158,0
66545-1,Mighty Micros Mighty Pack 3 in 1,2016,695,0
66546-1,The LEGO Batman Movie Super Pack 2 in 1,2017,708,1
66547-1,Axl's Tower Carrier - Extra Awesome Edition,2016,605,3
66548-1,Rock Roader - Extra Awesome Edition,2016,435,1
66549-1,Salvage M.E.C. - Extra Awesome Edition,2016,435,1
66550-1,City Super Pack 3 in 1,2017,52,0
Jan-55,Auto & Tire Repair,1984,67,58
66554-1,Classic Quad Pack,2017,621,0
66555-1,Rogue One Trooper Super Pack,2017,158,0
66556-1,Star Wars Super Pack 2 in 1,2017,158,0
66558-1,Friends Super Pack 5 in 1,2017,494,0
66559-1,Ultimate LEGO City Hero Pack,2017,52,0
Jan-56,Tow Truck,1985,67,54
Jan-57,Fire Patrol Copter,1985,67,66
66580-1,Holiday Co-pack,2017,52,0
Jan-58,Bulldozer,1986,67,65
66583-1,Unikitty! Building Bundle,2018,625,0
66584-1,Bonus / Value Pack,2019,672,0
66586-1,City Great Vehicles Bundle,2018,52,0
66587-1,City Police Bundle Building Kit,2019,61,0
Jan-59,TV Camera Crew,1986,67,66
66591-1,Han Solo & Chewbacca Bundle,2018,610,0
66593-1,Star-Lord and Gamora Bundle,2018,610,0
66596-1,Super Pack 2-in-1,2018,158,0
66597-1,Super Pack 2-in-1,2018,158,0
Jan-60,Hook & Haul Wrecker,1989,67,53
66604-1,Disney Series 2 - Sealed Box,2019,677,0
66605-1,Series 19 - Sealed Box (60 Count),2019,681,0
666-1,1:87 Mercedes Sport,1964,368,1
Jan-61,Mobile TV Studio,1989,67,75
66614-1,City Vehicles Super Pack 3-in-1,2019,52,0
66615-1,City / Classic Super Pack 3 in 1,2019,559,0
66619-1,Super Pack 3-in-1,2019,52,0
66620-1,Friends Super Pack 3-in-1,2019,494,0
Jan-62,Backhoe,1992,67,87
Jan-63,Wave Rebel,1993,67,79
66635-1,Super Mech Pack,2020,696,0
66636-1,Super Pack 2 in 1,2020,52,0
66637-1,City Super Pack 2 in 1,2020,52,0
66640-1,City Vehicles Bundle,2020,52,0
Jan-64,Chopper Cops,1993,67,71
66642-1,Ultimate Designer Kit,2020,688,2
66643-1,3-in-1 Bundle Pack,2020,52,0
66645-1,City Space Bundle,2020,679,0
66646-1,Minecraft Bundle,2020,577,0
66647-1,Speed Champions Bundle,2020,601,0
66648-1,Swing Ride,2020,157,106
66649-1,Carousel,2020,157,109
66650-1,Ferris Wheel,2020,157,110
Jan-65,River Runners,1994,67,77
66651-1,Roller Coaster,2020,157,109
66657-1,Series 21 - 6 Pack,2021,712,0
Jan-66,Ambulance,1994,67,79
66662-1,City Car Bundle,2021,52,0
66664-1,Bundle Pack,2021,688,0
66665-1,Bundle Pack,2021,688,0
66666-1,LEGO Masters Co-pack,2021,621,1
66667-1,Looney Tunes - 6 Pack,2021,714,0
Jan-67,Pothole Patcher,1993,67,97
66671-1,Mech Armor Collection,2021,696,0
66673-1,Animal Gift Set,2021,494,0
66674-1,Skywalker Adventures Pack,2021,158,0
66677-1,2 in 1 Super Pack,2021,690,0
66678-1,Marvel Studios 鈥?6 Pack,2021,715,0
Jan-68,Recycle Truck,1992,67,109
66682-1,City 3in1 Bundle Pack,2021,52,0
66683-1,Creator 3in1 Bundle Pack,2021,672,0
66684-1,Vehicles Gift Set,2021,52,5
Jan-69,Diesel Daredevil,1991,67,90
66700-1,Series 22 - 6 Pack,2022,718,0
Jan-70,Rescue Rig,1993,67,114
66706-1,Animals Bundle,2022,672,0
66707-1,Stuntz Gift Set,2022,52,5
667-1,1:87 VW 1500,1964,368,1
Jan-71,Utility Repair Lift,1989,67,107
66711-1,Infinity Saga Collection,2022,696,0
66712-1,Monster Jam Collection,2022,1,0
Jan-72,Safari Off-Road Vehicle,1990,67,67
Jan-73,Solo Trainer,1990,67,74
Jan-74,Crane Truck,1988,67,94
Jan-75,Road & Trail 4x4,1988,67,81
Jan-76,Mobile Command Unit,1986,67,100
Jan-77,Motocross Racing,1986,67,76
Jan-78,Excavator,1980,67,61
Jan-79,Dark Shark,1991,67,83
Feb-79,Exxon Tow Truck,1980,67,79
Jan-80,Ambulance,1981,67,63
668-1,1:87 Ford Taunus 17M,1964,368,1
Jan-81,Police Van,1981,67,81
Jan-82,Cement Mixer,1985,67,90
Jan-83,Burger Stand,1983,67,69
Jan-84,Police Patrol Squad,1984,67,81
Jan-85,Fire Copter 1,1982,67,99
Jan-86,Backhoe,1984,67,89
Jan-87,Turbo Prop I,1987,67,78
Jan-88,Ambulance,1985,67,72
Jan-89,Post-Station,1985,67,55
Jan-90,Snorkel Pumper,1980,67,103
Jan-91,Red Cross Helicopter,1981,67,107
Jan-92,Tractor Trailer,1983,67,97
Jan-93,Refuse Collection Truck,1987,67,114
Jan-94,Car with Camper,1984,67,109
Jan-95,Shell Tanker,1984,67,107
Jan-96,Exxon Fuel Tanker,1984,67,107
Jan-97,Rescue-I Helicopter,1985,67,85
Jan-98,RV with Speedboat,1986,67,129
Jan-99,Cycle Fix-It Shop,1987,67,81
670-1,Mobile Crane,1978,67,56
Jan-01,Minifig Pack,1983,143,36
Jan-02,Minifig Pack,1986,143,43
670-3,1:87 Jaguar E-Type with Garage,1964,368,3
Jan-03,Space Mini-Figures,1988,143,42
Jan-04,Minifig Pack,1991,143,44
Jan-05,Space Explorers,1994,143,40
Jan-06,Frontier Patrol,1997,475,28
Jan-07,Green Buggy,2000,91,23
Jan-09,Tribal Chief,1997,475,16
670F-1,Wheels Pack,2004,112,10
Jan-10,Space Landing Pads,1991,143,2
671-1,Shell Fuel Tanker,1978,67,74
Jan-11,Space Mini-Figs,1983,143,24
Jan-12,Sheriff's Showdown,1996,475,28
671-3,1:87 Vauxhall Victor Estate with Garage,1964,368,1
Jan-13,Grip 'n' Go Challenge,2000,91,283
Jan-14,Speed Dragster,2000,91,79
Jan-16,Covered Wagon,1996,475,65
Jan-18,Raindance Ridge,1997,475,73
Jan-19,Brachiosaurus,2001,386,26
671F-1,Antenna Pack,2004,112,13
Jan-20,Tyrannosaurus Rex,2001,386,24
672-1,Fire Emergency Van,1978,67,66
Jan-21,Mosasaurus,2001,386,27
Jan-22,Styracosaurus,2001,386,20
67221-1,Qlever Rollerball Pen,2008,501,0
67234-1,Ballpen with Lanyard,2008,501,0
673-1,Rally Repair Crew,1978,67,61
Jan-31,Skateboarding Pepper,2002,407,13
Jan-32,Brickster's Trike,2002,407,17
Jan-33,Snap's Cruiser,2002,407,19
Jan-34,Beach Cruiser,2002,407,55
Jan-35,Air Chase,2002,407,85
Jan-36,Beach Lookout,2002,407,89
Jan-37,Wake Rider (Wave Catcher),2002,407,93
Jan-38,Skateboard Challenge,2002,407,117
Jan-39,Truck and Stunt Trikes,2002,407,218
673F-1,Gearbox Pack,2004,112,6
Jan-40,Xtreme Tower,2002,407,336
674-1,Forklift & Truck,1978,67,55
Jan-41,Mini Jet,2009,672,63
Jan-42,Mini Off-Roader,2009,672,64
Jan-43,Street Speeder,2009,672,165
Jan-45,Propeller Power,2009,672,247
Jan-46,Chief's Tepee,1997,475,135
Jan-47,Race Rider,2009,672,266
Jan-48,Boulder Cliff Canyon,1997,475,257
Jan-50,Sonic Robot,1986,130,110
675-1,Snack Bar,1979,67,64
Jan-51,Fiery Legend,2009,672,479
Jan-52,Fire Truck,2009,672,771
Jan-53,Highway Transport,2009,672,1294
Jan-54,Family Home,2009,672,978
Jan-55,Sheriff's Lock-Up,1996,475,178
Jan-58,Read & Build Grow Caterpillar Grow,2012,504,18
Jan-59,Read & Build Busy Farm,2012,504,16
Jan-60,Read & Build Let's Go Vroom,2012,504,13
Jan-61,Bandit's Secret Hide-Out,1996,475,251
Jan-62,Fort Legoredo,2002,475,688
Jan-63,Rapid River Village,2002,475,356
Jan-64,Sheriff's Lock-Up,2002,475,178
Jan-65,Gold City Junction,1996,475,352
Jan-66,Rapid River Village,1997,475,354
Jan-69,Fort Legoredo,1996,475,688
Jan-70,Lunar Transporter Patroller,1988,132,117
677-1,Knight's Procession,1979,189,48
Jan-71,Ogel Command Striker,2001,304,29
Jan-72,Alpha Team Cruiser,2001,304,58
Jan-73,Alpha Team Helicopter,2001,304,79
Jan-74,Alpha Team ATV,2001,304,135
Jan-75,Alpha Team Bomb Squad,2001,304,192
Jan-76,Ogel Control Center,2001,304,415
Jan-80,XT Starship,1986,130,199
Jan-81,SP-Striker,1989,139,231
Jan-83,Sonar Transmitting Cruiser,1986,130,348
Jan-84,Creative Sorter,2012,505,26
Jan-85,Creative Cakes,2012,504,56
Jan-90,Bandit's Wheelgun (Boxed),1997,475,20
Jan-91,Bandit's Wheelgun,1997,475,20
Jan-99,Showdown Canyon,1997,475,74
Jan-00,Cyber Blaster,1997,144,20
680-1,Low-Loader and Crane,1971,416,62
Jan-01,Moon Buggy,1981,130,22
Jan-02,Space Probe,1986,130,26
Jan-03,Space Patrol,1983,130,25
Jan-04,Surface Rover,1984,130,21
Jan-05,Astro Dasher,1985,130,29
Jan-06,Surface Hopper,1985,130,23
Jan-07,Space Sledge with Astronaut and Robot,1985,130,24
Jan-08,Galaxy Trekkor,1987,130,29
Jan-09,XT-5 and Droid,1987,130,37
Jan-10,Laser Ranger,1989,132,41
681-1,Low-Loader with 4 Wheel Excavator,1971,416,63
Jan-11,Pulsar Charger,1990,136,26
Jan-12,Grid Trekkor,1991,129,25
Jan-13,Galactic Chief,1993,140,24
Jan-14,Ice Tunnelator,1993,133,25
Jan-15,Hovertron,1996,131,29
Jan-16,Cyber Blaster,1997,144,20
Jan-17,Beta Buzzer,1998,134,32
Jan-18,Cyborg Scout,1997,144,36
Jan-20,Starfire I,1986,130,34
682-1,Low-Loader and Tractor,1971,416,58
Jan-21,Shovel Buggy,1980,130,28
Jan-22,Space Digger,1981,130,33
Jan-23,Surface Transport,1983,130,27
Jan-24,Space Dart I,1984,130,48
Jan-25,Cosmic Comet,1985,130,40
Jan-26,Crater Crawler,1985,130,32
Jan-27,Strata Scooter,1987,130,35
Jan-28,Twin-Winged Spoiler,1988,132,57
Jan-29,Radon Rover,1997,144,53
Jan-30,Space Patroller,1988,132,51
683-1,Articulated Lorry,1971,423,58
Jan-31,Message Decoder,1989,139,34
Jan-32,Super Nova II,1991,129,42
Jan-33,Beacon Tracer,1990,136,40
Jan-34,Celestial Sled,1993,133,55
Jan-35,Saucer Scout,1994,142,47
Jan-36,V-Wing Fighter,1997,144,40
Jan-37,Cosmic Creeper,1998,134,59
684-1,Low-Loader with Fork Lift Truck,1972,416,53
Jan-41,Mineral Detector,1980,130,44
Jan-42,Shuttle Craft,1981,130,46
Jan-44,Seismologic Vehicle (Sismobile),1983,130,46
Jan-45,Cosmic Charger,1986,130,51
Jan-46,Tri-Star Voyager,1984,130,69
Jan-47,Space Dozer,1985,130,49
Jan-48,Strategic Pursuer,1988,132,62
Feb-48,Interplanetary Shuttle,1985,130,54
Jan-49,Satellite Patroller,1987,130,47
Jan-50,Auxiliary Patroller,1989,132,46
685-1,Truck with Trailer,1972,423,51
Jan-51,Tri-Wheeled Tyrax,1991,129,38
685-2,Truck with Trailer (without Stickers),1972,423,50
Jan-52,Sonar Security,1993,140,61
Jan-54,Alien Fossilizer,1996,131,54
Jan-56,Planetary Decoder,1996,131,80
Jan-57,The Dynamic Duo Funhouse Escape,2012,697,379
Jan-58,Catwoman Catcycle City Chase,2012,697,89
Jan-60,The Batcave,2012,697,691
686-1,Digger and Tippers,1973,416,70
Jan-61,X1 Patrol Craft,1980,130,55
Feb-61,Super Model Building Instruction,1993,129,178
Jan-62,Secret Space Voyager,1991,136,254
Feb-62,Superman vs Power Armour Lex,2012,701,208
Jan-63,Batwing Battle Over Gotham City,2012,697,279
Jan-64,Batmobile and the Two-Face Chase,2012,697,532
Jan-65,Captain America's Avenging Cycle,2012,702,72
Jan-66,Wolverine's Chopper Showdown,2012,707,200
Jan-67,Loki's Cosmic Cube Escape,2012,702,182
Jan-68,Hulk鈥檚 Helicarrier Breakout,2012,702,390
Jan-69,Quinjet Aerial Battle,2012,702,751
Jan-70,Space Probe Launcher,1981,130,60
687-1,Caravelle Plane,1973,412,49
Jan-71,Star Patrol Launcher,1984,130,71
Jan-72,Xenon X-Craft,1985,130,77
Jan-73,Spider-Man's Doc Ock Ambush,2012,706,296
Jan-74,Moon Rover,1986,130,66
Jan-75,Hovercraft,1988,132,93
Jan-76,Alienator,1988,128,92
Jan-77,Vector Detector,1990,136,62
Jan-78,Sub Orbital Guardian,1991,129,75
Jan-79,Blizzard Baron,1993,133,83
Jan-80,Surface Explorer,1982,130,83
688-1,Shell Double Tanker,1973,418,63
Jan-81,Lunar Rocket Launcher,1984,130,98
Jan-82,Walking Astro Grappler,1985,130,102
Jan-83,Terrestrial Rover,1987,130,109
Jan-84,Aero Module,1987,132,107
Jan-85,Saturn Base Main Team (Crater Crawler),1988,132,101
Jan-86,Galactic Peace Keeper,1989,139,121
Jan-87,Allied Avenger,1991,129,100
Jan-89,Recon Robot,1994,142,136
Jan-90,Cosmic Cruiser,1982,130,115
689-1,Mobile Crane,1974,416,46
Jan-91,Gamma V Laser Craft,1985,130,135
Jan-92,Modular Space Transport,1986,130,150
Jan-93,Orion II Hyperspace,1987,132,162
Jan-94,Invader,1987,128,159
Jan-95,Spy-Trak 1,1989,139,152
Jan-96,Celestial Forager,1990,136,92
Jan-97,Rebel Hunter,1992,140,146
Jan-98,Ice-Sat V,1993,133,136
Jan-99,Nebula Outpost,1996,131,159
Jan-00,Cyber Saucer,1997,144,114
690-1,Shell Station,1974,418,73
Jan-01,Mobile Lab,1980,130,139
Feb-01,Space Plane,1998,144,20
Jan-02,Space Plane,1998,144,20
Jan-03,Bug Blaster,1998,134,25
Jan-05,Bi-Wing Blaster,1998,134,114
Jan-07,Sonic Stinger,1998,134,96
Jan-09,Sonic Stinger with Promotional Mask,1998,134,97
Jan-10,Mini Sports Car,2012,672,70
691-1,Rescue Helicopter,1974,417,62
Jan-11,Mini Fire Truck,2012,672,69
Jan-12,Super Soarer,2012,672,130
Jan-13,Blue Roadster,2012,672,152
Jan-14,Prehistoric Hunters,2012,672,191
Jan-15,Warp Wing Fighter,1997,144,236
Jan-18,Blacksmith Attack,2011,196,110
Jan-19,Planetary Prowler,1998,134,249
692-1,Road Repair Crew,1975,416,59
Jan-21,Monorail Accessory Track,1988,132,46
Jan-23,Particle Ionizer,1990,136,191
Jan-25,Interplanetary Rover,1988,132,211
Jan-26,Mobile Recovery Vehicle,1986,130,150
Jan-27,All-Terrain Vehicle,1981,130,163
Jan-28,Uranium Search Vehicle,1984,130,201
Jan-29,Star Fleet Voyager,1981,130,246
Jan-30,Space Supply Station,1983,130,206
693-1,Fire Engine with Firemen,1975,417,72
Jan-31,FX Star Patroller,1985,130,227
Jan-32,Stardefender 200,1987,132,251
Jan-33,Spectral Starguider,1991,129,212
Jan-34,BIONICLE Good Guy Polybag (Disney Promotional Sweden),2006,324,16
Jan-35,BIONICLE Bad Guy (Disney Promotional Sweden),2006,324,16
Jan-36,Piraka & Catapult,2007,324,20
Jan-37,Give Away,2006,324,17
Jan-38,Scorpion Detector,1996,131,199
Jan-39,Saucer Centurion,1994,142,222
Jan-40,Alien Moon Stalker,1986,130,268
694-1,Transport Truck,1975,423,65
Jan-41,Battrax,1987,128,284
Jan-42,Zo Weevil,1999,134,20
Jan-43,Zo Weevil,1999,134,20
Jan-44,Good Guy 07,2007,324,20
Jan-45,Bad Guy,2007,324,25
Jan-46,Squid Launcher Function,2007,324,23
Jan-49,Robo-Guardian,1994,142,367
Jan-50,Mobile Rocket Transport,1982,130,210
695-1,Racing Car,1976,423,67
Jan-51,Robot Command Center,1984,130,295
695-2,1:87 6 European Cars,1966,368,0
Jan-52,Solar Power Transporter,1985,130,305
Jan-53,Cosmic Laser Launcher,1987,132,210
Jan-54,Renegade,1987,128,315
Jan-55,Space Lock-Up Isolation Base,1989,139,252
Jan-56,Stellar Recon Voyager,1990,136,233
Jan-57,Solar Snooper,1992,140,253
Jan-58,Android Base,1996,131,275
Jan-59,Lunar Launch Site,1994,142,288
696-1,Bus Stop,1976,423,80
696-2,1:87 6 Passenger Cars,1966,368,0
Jan-63,X-wing Fighter,2004,158,41
Feb-63,X-wing Fighter,2004,158,41
Jan-64,Boba Fett's Slave I - Mini (Kabaya Box),2004,158,25
Feb-64,Boba Fett's Slave I - Mini (Polybag),2004,158,25
Jan-65,TIE Interceptor,2004,158,32
Feb-65,TIE Interceptor,2005,158,32
Jan-66,Jedi Starfighter - Mini,2005,158,38
Feb-66,Jedi Starfighter - Mini - Korean Duracell promo package with 8 AA batteries,2005,158,38
Jan-67,ARC-170 Starfighter - Mini,2005,158,42
Feb-67,ARC-170 Starfighter - Mini - Korean Duracell promo package with 8 AA batteries,2005,158,42
Jan-68,Mini Wookiee Attack,2005,158,48
Jan-69,Celestial Stinger,1998,134,256
Jan-70,Beta I Command Base,1980,130,270
697-1,Stagecoach,1976,424,96
Jan-71,Inter-Galactic Command Base,1984,130,329
697-2,Idea Book 697,1997,497,2
Jan-72,Polaris I Space Lab,1987,130,390
Jan-73,Deep Freeze Defender,1993,133,417
Jan-75,Alien Avenger,1997,144,371
Jan-77,Arachnoid Star Base,1998,134,435
Jan-79,Interstellar Starfighter,1997,144,292
Jan-80,Galaxy Commander,1983,130,443
698-1,JAL Boeing 727,1977,729,46
Jan-81,Aerial Intruder,1991,129,267
698-2,1:87 12 Cars,1966,368,12
Jan-82,Explorien Starship,1996,131,662
Jan-83,Ice Station Odyssey,1993,133,343
Jan-84,Galactic Mediator,1992,140,406
Jan-85,Cosmic Fleet Voyager,1986,130,413
Jan-86,Mission Commander,1989,139,477
Jan-87,Message Intercept Base,1988,128,575
Feb-87,Message Intercept Base,1988,128,573
Jan-88,Alpha Centauri Outpost,1991,129,406
Jan-89,Mega Core Magnetizer,1990,136,506
Jan-90,Monorail Transport System,1988,132,731
699-1,Photo Safari,1977,423,130
Jan-91,Monorail Transport Base,1994,145,573
699-2,1:87 8 Trucks,1965,368,14
Jan-99,Cyber Saucer,1997,144,116
70000-1,Razcal's Glider,2013,571,109
700.0-1,Gift Package,1957,372,245
Jan-00,Baby Ankylosaurus,2001,386,37
70001-1,Crawley鈥檚 Claw Ripper,2013,571,139
Feb-00,Educational Suitcase,1978,501,0
70002-1,Lennox' Lion Attack,2013,571,230
70003-1,Eris' Eagle Interceptor,2013,571,348
70004-1,Wakz' Pack Tracker,2013,571,297
70005-1,Laval's Royal Fighter,2013,571,419
70006-1,Cragger鈥檚 Command Ship,2013,571,610
70007-1,Eglor's Twin Bike,2013,571,223
70008-1,Gorzan鈥檚 Gorilla Striker,2013,571,505
70009-1,Worriz鈥檚 Combat Lair,2013,571,664
700-1,10 x 20 Brickplate,1966,371,1
70010-1,The Lion CHI Temple,2013,571,1259
700.1-1,Extra-Large Gift Set (ABB),1949,365,142
Jan-01,Baby Iguanodon,2001,386,23
700.1.1-1,Single 2 x 4 Brick (ABB),1950,371,1
70011-1,Eagles鈥?Castle,2013,572,372
700.1-2,Extra-Large Gift Set (Mursten),1953,366,0
700.1.2-1,Single 2 x 2 Brick (ABB),1950,371,1
70012-1,Rubber Bands,1985,453,20
70012-2,Razar鈥檚 CHI Raider,2013,571,412
70013-1,Equila's Ultra Striker,2013,571,339
700.1.4-1,Individual 1 x 2 Bricks,1953,371,1
70014-1,The Croc Swamp Hideout,2013,571,647
700.16-1,Individual 2 x 8 Bricks,1954,371,1
700.20-1,Individual 2 x 10 Bricks,1954,371,1
700.2-1,Large Gift Set (ABB),1949,365,178
Jan-02,Baby Brachiosaurus,2001,386,31
700.2-2,Gift Package,1957,366,0
700.24-1,Individual 2 x 12 Bricks,1954,371,1
700.28-1,Individual 2 x 14 Bricks,1954,371,1
700.3-1,Medium Gift Set (ABB),1949,365,142
Jan-03,Baby Dimetrodon,2001,386,20
700.3.4-1,Individual 2 x 3 Bricks,1953,371,1
700.3A-2,Gift Package,1957,372,0
Jan-09,The Final Joust,2007,193,62
700.A-1,Small Brick Set (ABB),1949,371,24
700.B-1,Small Doors and Windows Set (ABB),1949,371,12
700.B.1-1,Single 1 x 4 x 2 Window without Glass (ABB),1950,371,1
700.B.2-1,Single 1 x 2 x 3 Window without Glass (ABB),1950,371,1
700.B.3-1,Single 1 x 2 x 2 Window without Glass (ABB),1950,371,1
700.B.4-1,Single 1 x 2 x 4 Door without Glass (ABB),1950,371,1
700.C-1,Tall Classic Windows/Door (with Glass),1954,371,6
700.C.1-1,Individual 1 x 6 x 4 Panorama Window (with glass),1954,371,1
700.C.2-1,Individual 1 x 6 x 3 3-Pane Window (with glass),1954,371,1
700.C.3-1,Individual 1 x 6 x 3 Shutter Window (with glass),1954,371,1
700.C.4-1,Individual 1 x 4 x 3 Window (with glass),1954,371,1
700.C.5-1,Individual 1 x 3 x 3 Window (with glass),1954,371,1
700.C.6-1,Individual 1 x 2 x 4 Door (with glass),1954,371,1
700.F-1,Automatic Binding Bricks - Small Brick Set (Lego Mursten),1953,371,48
700GP5-1,Gift Package (Lego Mursten),1954,372,54
700GP6-1,Gift Package (Lego Mursten),1954,372,46
700GP6-2,Gift Package,1957,372,46
700.H-1,Individual 4 x 4 Corner Bricks,1954,371,1
700K-1,Kindergarten LEGO Set,1960,513,476
700L-1,Empty Kindergarten LEGO Box,1961,513,1
70100-1,Ring of Fire,2013,572,83
70101-1,Target Practice,2013,572,101
70102-1,CHI Waterfall,2013,572,106
70103-1,Boulder Bowling,2013,572,93
70104-1,Jungle Gates,2013,572,81
70105-1,Nest Dive,2013,572,97
70106-1,Ice Tower,2013,572,101
70107-1,Skunk Attack,2013,572,97
70108-1,Royal Roost,2013,572,105
70109-1,Whirling Vines,2013,572,77
701-1,Hinges,1984,443,3
70110-1,Tower Target,2013,572,92
70111-1,Swamp Jump,2013,572,91
70112-1,Croc Chomp,2013,572,105
70113-1,CHI Battles,2013,572,92
70114-1,Sky Joust,2013,572,117
70115-1,Ultimate Speedor Tournament,2013,572,246
70123-1,Lion Legend Beast,2014,571,121
70124-1,Eagle Legend Beast,2014,571,105
70125-1,Gorilla Legend Beast,2014,571,107
70126-1,Crocodile Legend Beast,2014,571,122
70127-1,Wolf Legend Beast,2014,571,111
70128-1,Braptor's Wing Striker,2014,571,146
70129-1,Lavertus' Twin Blade,2014,571,182
701-3,Hinges,1986,443,6
70130-1,Sparratus' Spider Stalker,2014,571,292
70131-1,Rogon's Rock Flinger,2014,571,257
70132-1,Scorm's Scorpion Stinger,2014,571,434
70133-1,Spinlyn's Cavern,2014,571,407
70134-1,Lavertus鈥?Outland Base,2014,571,684
70135-1,Cragger's Fire Striker,2014,571,380
70136-1,Banana Bash,2014,572,120
70137-1,Bat Strike,2014,572,98
70138-1,Web Dash,2014,572,74
70139-1,Sky Launch,2014,572,111
70140-1,Stinger Duel,2014,572,85
70141-1,Vardy's Ice Vulture Glider,2014,571,217
70142-1,Eris' Fire Eagle Flyer,2014,571,330
70143-1,Sir Fangar's Sabre-Tooth Walker,2014,571,415
70144-1,Laval's Fire Lion,2014,571,450
70145-1,Maula鈥檚 Ice Mammoth Stomper,2014,571,604
70146-1,Flying Phoenix Fire Temple,2014,571,1301
70147-1,Sir Fangar鈥檚 Ice Fortress,2014,571,670
70149-1,Scorching Blades,2014,572,77
70150-1,Flaming Claws,2014,572,74
Jan-15,Viking Warrior challenges the Fenris Wolf,2005,474,76
70151-1,Frozen Spikes,2014,572,77
70155-1,Inferno Pit,2014,572,74
70156-1,Fire vs. Ice,2014,572,102
70160-1,Riverside Raid,2014,303,88
Jan-16,Viking Boat against the Wyvern Dragon,2005,474,112
70161-1,Tremor Track Infiltration,2014,303,241
70162-1,Infearno Interception,2014,303,312
70163-1,Toxikita's Toxic Meltdown,2014,303,429
70164-1,Hurricane Heist,2014,303,589
70165-1,Ultra Agents Mission HQ,2014,303,1059
70166-1,Spyclops Infiltration,2015,303,109
70167-1,Invizable Gold Getaway,2015,303,237
70168-1,Drillex Diamond Job,2015,303,312
70169-1,Agent Stealth Patrol,2015,303,475
70170-1,UltraCopter vs. AntiMatter,2015,303,614
Jan-17,Viking Catapult versus the Nidhogg Dragon,2005,474,225
70171-1,Ultrasonic Showdown,2015,303,185
70172-1,AntiMatter's Portal Hideout,2015,303,474
70173-1,Ultra Agents Ocean HQ,2015,303,1203
Jan-18,Viking Ship challenges the Midgard Serpent,2005,474,580
Jan-19,Viking Fortress against the Fafnir Dragon,2005,474,1031
70200-1,CHI Laval,2013,573,55
Jan-20,Army of Vikings with Heavy Artillery Wagon,2006,474,312
70201-1,CHI Eris,2013,573,67
70202-1,CHI Gorzan,2013,573,59
70203-1,CHI Cragger,2013,573,65
70204-1,CHI Worriz,2013,573,55
70205-1,CHI Razar,2013,573,68
70206-1,CHI Laval,2014,573,49
70207-1,CHI Cragger,2014,573,58
70208-1,CHI Panthar,2014,573,59
70209-1,CHI Mungus,2014,573,64
702-1,12V Motor with Accessories Pack,1969,234,27
70210-1,CHI Vardy,2014,573,68
Jan-21,Viking Double Catapult versus the Armored Ofnir Dragon,2006,474,505
70211-1,CHI Fluminox,2014,573,91
70212-1,CHI Sir Fangar,2014,573,97
70220-1,Strainor's Saber Cycle,2015,571,161
70221-1,Flinx's Ultimate Phoenix,2015,571,172
70222-1,Tormak's Shadow Blazer,2015,571,311
70223-1,Icebite's Claw Driller,2015,571,629
70224-1,Tiger's Mobile Command,2015,571,712
70225-1,Bladvic's Rumble Bear,2015,571,415
70226-1,Mammoth's Frozen Stronghold,2015,571,621
70227-1,King Crominus' Rescue,2015,571,863
70228-1,Vultrix's Sky Scavenger,2015,571,480
70229-1,Lion Tribe Pack,2015,571,78
702-3,Motor Wires,1984,443,2
70230-1,Ice Bear Tribe Pack,2015,571,75
70231-1,Crocodile Tribe Pack,2015,571,72
70232-1,Sabre Tooth Tiger Pack,2015,571,74
Jan-29,Skeleton Ship Attack,2007,193,629
Jan-30,Squad Car,2003,105,52
703-1,12V Replacement Electric Motor,1969,234,1
70310-1,Knighton Battle Blaster,2016,605,76
Jan-31,Helicopter,2003,105,88
70311-1,Chaos Catapult,2016,605,93
70312-1,Lance's Mecha Horse,2016,605,237
70313-1,Moltor's Lava Smasher,2016,605,187
70314-1,Beast Master's Chaos Chariot,2016,605,314
70315-1,Clay's Rumble Blade,2016,605,367
70316-1,Jestro's Evil Mobile,2016,605,658
70317-1,The Fortrex,2016,605,1140
70318-1,The Glob Lobber,2016,605,95
70319-1,Macy's Thunder Mace,2016,605,202
70320-1,Aaron Fox's Aero-Striker V2,2016,605,301
Jan-32,Highway Patrol & Undercover Van,2003,105,154
70321-1,General Magmar's Siege Machine of Doom,2016,605,516
70322-1,Axl's Tower Carrier,2016,605,670
70323-1,Jestro's Volcano Lair,2016,605,1186
70324-1,Merlok's Library 2.0,2016,605,287
70325-1,Infernox Captures The Queen,2016,605,253
70326-1,The Black Knight Mech,2016,605,530
70327-1,The King's Mech,2016,605,375
703-3,Battery Box,1984,443,1
70330-1,Ultimate Clay,2016,605,72
Jan-33,Armored Car Action,2003,105,187
70331-1,Ultimate Macy,2016,605,101
70332-1,Ultimate Aaron,2016,605,82
70333-1,Ultimate Robin,2016,605,75
70334-1,Ultimate Beast Master,2016,605,65
70335-1,Ultimate Lavaria,2016,605,69
70336-1,Ultimate Axl,2016,605,69
70337-1,Ultimate Lance,2016,605,75
70338-1,Ultimate General Magmar,2016,605,64
70339-1,Ultimate Flama,2016,605,67
Jan-34,Surveillance Truck,2003,105,268
70347-1,King's Guard Artillery,2017,605,98
70348-1,Lance's Twin Jouster,2017,605,216
70349-1,Ruina's Lock & Roller,2017,605,208
70350-1,The Three Brothers,2017,605,266
Jan-35,Police HQ,2003,105,423
70351-1,Clay's Falcon Fighter Blaster,2017,605,522
70352-1,Jestro's Headquarters,2017,605,840
70353-1,The Heligoyle,2017,605,318
70354-1,Axl's Rumble Maker,2017,605,393
70355-1,Aaron's Rock Climber,2017,605,598
70356-1,The Stone Colossus of Ultimate Destruction,2017,605,786
70357-1,Knighton Castle,2017,605,1426
70358-1,Aaron's Stone Destroyer,2017,605,251
70359-1,Lance vs. Lightning,2017,605,257
Jan-36,Dwarves' Mine,2008,193,574
70361-1,Macy's Bot Drop Dragon,2017,605,153
70362-1,Battle Suit Clay,2017,605,79
70363-1,Battle Suit Macy,2017,605,66
70364-1,Battle Suit Aaron,2017,605,80
70365-1,Battle Suit Axl,2017,605,88
70366-1,Battle Suit Lance,2017,605,83
Jan-37,Tower Raid,2008,193,364
70372-1,Combo NEXO Powers Wave 1,2017,605,5
70373-1,Combo NEXO Powers Wave 2,2017,605,5
Jan-38,Troll Assault Wagon,2008,193,161
70400-1,Forest Ambush,2013,186,90
Jan-40,Dwarves' Mine Defender,2008,193,86
70401-1,Gold Getaway,2013,186,199
70402-1,The Gatehouse Raid,2013,186,248
70403-1,Dragon Mountain,2013,186,381
70404-1,King鈥檚 Castle,2013,186,1003
70409-1,Shipwreck Defense,2015,154,84
704-1,12V Sleeper (Track) Contacts for Old Motor Type I and II,1969,234,2
70410-1,Soldiers Outpost,2015,154,164
Jan-41,Troll Battle Wheel,2008,193,508
70411-1,Treasure Island,2015,154,181
70412-1,Soldiers Fort,2015,154,234
70413-1,The Brick Bounty,2015,154,745
70418-1,J.B's Ghost Lab,2019,676,175
70419-1,Wrecked Shrimp Boat,2019,676,311
70420-1,Graveyard Mystery,2019,676,336
Jan-42,Dune Patrol,2004,105,37
70421-1,El Fuego's Stunt Truck,2019,676,429
70422-1,Shrimp Shack Attack,2019,676,580
70423-1,Paranormal Intercept Bus 3000,2019,676,690
70424-1,Ghost Train Express,2019,676,699
70425-1,Newbury Haunted High School,2019,676,1475
70427-1,Welcome to the Hidden Side,2020,676,189
70428-1,Jack's Beach Buggy,2020,676,171
70429-1,El Fuego's Stunt Plane,2020,676,304
70430-1,Newbury Subway,2020,676,357
Jan-43,Firefighter,2004,105,69
70431-1,The Lighthouse of Darkness,2020,676,549
70432-1,Haunted Fairground,2020,676,475
70433-1,J.B.'s Submarine,2020,676,224
70434-1,Supernatural Race Car,2020,676,244
70435-1,Newbury Abandoned Prison,2020,676,401
70436-1,Phantom Fire Truck 3000,2020,676,760
70437-1,Mystery Castle,2020,676,1035
704-4,Replacement Motor,1984,443,1
Jan-44,Rescue Chopper,2004,105,205
Jan-45,Hovercraft Hideout,2003,105,274
Jan-46,Fire Command Craft,2004,105,272
Jan-47,Coast Watch HQ,2003,105,367
Jan-48,Troll Warship,2008,193,494
Jan-49,Alien Striker,2011,127,42
70500-1,Kai's Fire Mech,2013,435,102
Jan-50,Alien Defender,2011,127,105
70501-1,Warrior Bike,2013,435,210
70502-1,Cole's Earth Driller,2013,435,171
70503-1,Golden Dragon,2013,435,252
70504-1,Garmatron,2013,435,328
70505-1,Temple of Light,2013,435,565
705-1,Motor Bushings,1969,234,4
Jan-51,Tripod Invader,2011,127,166
Jan-52,UFO Abduction,2011,127,211
705-4,Digger Bucket,1984,443,3
70588-1,Titanium Ninja Tumbler,2016,435,343
70589-1,Rock Roader,2016,435,406
70590-1,Airjitzu Battle Grounds,2016,435,666
70591-1,Kryptarium Prison Breakout,2016,435,208
70592-1,Salvage M.E.C.,2016,435,439
70593-1,The Green NRG Dragon,2016,435,567
70594-1,The Lighthouse Siege,2016,435,775
70595-1,Ultra Stealth Raider,2016,435,1094
70596-1,Samurai X Cave Chaos,2016,435,1255
70599-1,Cole's Dragon,2016,435,98
70600-1,Ninja Bike Chase,2016,435,231
70601-1,Sky Shark,2016,435,222
70602-1,Jay's Elemental Dragon,2016,435,350
70603-1,Raid Zeppelin,2016,435,295
70604-1,Tiger Widow Island,2016,435,450
70605-1,Misfortune's Keep,2016,435,754
70606-1,Spinjitzu Training,2017,616,109
70607-1,NINJAGO City Chase,2017,616,233
70608-1,Master Falls,2017,616,312
70609-1,Manta Ray Bomber,2017,616,341
706-1,12V Rail Contact Wire with Transformer Connector,1969,234,2
70610-1,Flying Jelly Sub,2017,616,341
70611-1,Water Strider,2017,616,494
70612-1,Green Ninja Mech Dragon,2017,616,544
70613-1,Garma Mecha Man,2017,616,747
70614-1,Lightning Jet,2017,616,876
70615-1,Fire Mech,2017,616,944
70616-1,Ice Tank,2017,616,914
70617-1,Temple of The Ultimate Ultimate Weapon,2017,616,1403
70618-1,Destiny's Bounty,2017,616,2296
70620-1,NINJAGO City,2017,616,4873
70621-1,The Vermillion Attack,2017,435,83
70622-1,Desert Lightning,2017,435,201
70623-1,Destiny's Shadow,2017,435,361
70624-1,Vermillion Invader,2017,435,313
70625-1,Samurai VXL,2017,435,430
70626-1,Dawn of Iron Doom,2017,435,704
70627-1,Dragon's Forge,2017,435,1137
70628-1,Lloyd - Spinjitzu Master,2017,616,49
70629-1,Piranha Attack,2017,616,217
706-3,12V Rail Contact Wire with Transformer Connector with Cap,1974,234,1
70631-1,Garmadon's Volcano Lair,2017,616,521
70632-1,Quake Mech,2017,616,1202
70633-1,Kai - Spinjitzu Master,2018,435,62
70634-1,Nya - Spinjitzu Master,2018,435,70
70635-1,Jay - Spinjitzu Master,2018,435,69
70636-1,Zane - Spinjitzu Master,2018,435,70
70637-1,Cole - Spinjitzu Master,2018,435,74
70638-1,Katana V11,2018,435,257
70639-1,Street Race of Snake Jaguar,2018,435,308
706-4,Crane Grab Assembly,1984,443,3
70640-1,S.O.G. Headquarters,2018,435,531
70641-1,Ninja Nightcrawler,2018,435,552
70642-1,Killow vs. Samurai X,2018,435,556
70643-1,Temple of Resurrection,2018,435,766
70644-1,Golden Dragon Master,2018,435,93
70645-1,Cole - Dragon Master,2018,435,93
70646-1,Jay - Dragon Master,2018,435,93
70647-1,Kai - Dragon Master,2018,435,93
70648-1,Zane - Dragon Master,2018,435,92
70650-1,Destiny's Wing,2018,435,181
Jan-65,Alien Mothership,2011,127,416
70651-1,Throne Room Showdown,2018,435,222
70652-1,Stormbringer,2018,435,498
70653-1,Firstbourne,2018,435,892
70654-1,Dieselnaut,2018,435,1188
70655-1,Dragon Pit,2018,435,1669
70656-1,"garmadon, Garmadon, GARMADON!",2017,616,830
70657-1,NINJAGO City Docks,2018,616,3555
70658-1,Oni Titan,2018,435,530
70659-1,Spinjitzu Kai,2019,435,97
70660-1,Spinjitzu Jay,2019,435,97
Jan-66,Earth Defense HQ,2011,127,879
70661-1,Spinjitzu Zane,2019,435,109
70662-1,Spinjitzu Cole,2019,435,117
70663-1,Spinjitzu Nya & Wu,2019,435,227
70664-1,Spinjitzu Lloyd vs. Garmadon,2019,435,208
70665-1,The Samurai Mech,2019,435,154
70666-1,The Golden Dragon,2019,435,171
70667-1,Kai鈥檚 Blade Cycle & Zane鈥檚 Snowmobile,2019,435,377
70668-1,Jay鈥檚 Storm Fighter,2019,435,490
70669-1,Cole鈥檚 Earth Driller,2019,435,587
70670-1,Monastery of Spinjitzu,2019,435,1080
Jan-67,Jet-Copter Encounter,2011,127,375
70671-1,Lloyd's Journey,2019,435,82
70672-1,Cole's Dirt Bike,2019,435,221
70673-1,ShuriCopter,2019,435,364
70674-1,Fire Fang,2019,435,469
70675-1,Katana 4x4,2019,435,461
70676-1,Lloyd's Titan Mech,2019,435,878
70677-1,Land Bounty,2019,435,1189
70678-1,Castle of the Forsaken Emperor,2019,435,1223
70679-1,The Ultra Dragon,2019,435,952
70680-1,Monastery Training,2019,435,131
70681-1,Spinjitzu Slam - Lloyd,2019,435,70
70682-1,Spinjitzu Slam - Jay,2019,435,72
70683-1,Spinjitzu Slam - Zane,2019,435,64
70684-1,Spinjitzu Slam - Kai vs. Samurai,2019,435,166
70685-1,Spinjitzu Burst Cole,2020,435,48
70686-1,Spinjitzu Burst Kai,2020,435,48
70687-1,Spinjitzu Burst Lloyd,2020,435,48
70688-1,Kai's Spinjitzu Ninja Training,2022,435,33
70689-1,Lloyd's Spinjitzu Ninja Training,2022,435,33
70690-1,Jay's Spinjitzu Ninja Training,2022,435,26
70700-1,Space Swarmer,2013,146,86
Jan-70,Catapult Raft,2004,279,23
70701-1,Swarm Interceptor,2013,146,218
70702-1,Warp Stinger,2013,146,310
70703-1,Star Slicer,2013,146,311
70704-1,Vermin Vaporizer,2013,146,506
70705-1,Bug Obliterator,2013,146,711
70706-1,Crater Creeper,2013,146,173
70707-1,CLS-89 Eradicator Mech,2013,146,440
70708-1,Hive Crawler,2013,146,559
70709-1,Galactic Titan,2013,146,1012
707-1,Tile Brick Assortment,1984,443,50
Jan-71,Treasure Island,2004,279,30
70720-1,Hover Hunter,2014,435,79
Jan-72,Captain Kragg's Pirate Boat,2004,279,41
70721-1,Kai Fighter,2014,435,196
70722-1,OverBorg Attack,2014,435,207
70723-1,Thunder Raider,2014,435,334
70724-1,NinjaCopter,2014,435,516
70725-1,Nindroid MechDragon,2014,435,691
70726-1,Destructoid,2014,435,253
70727-1,X-1 Ninja Charger,2014,435,426
70728-1,Battle for Ninjago City,2014,435,1224
70730-1,Chain Cycle Ambush,2015,435,298
Jan-73,Pirate Dock,2004,279,66
70731-1,Jay Walker One,2015,435,386
70732-1,City of Stiix,2015,435,1069
70733-1,Blaster Bike,2015,435,212
70734-1,Master Wu Dragon,2015,435,576
70735-1,Ronin R.E.X.,2015,435,547
70736-1,Attack of the Morro Dragon,2015,435,658
70737-1,Titan Mech Battle,2015,435,755
70738-1,Final Flight of Destiny's Bounty,2015,435,1264
70739-1,Airjitzu Kai Flyer,2015,435,47
70740-1,Airjitzu Jay Flyer,2015,435,46
Jan-74,Skull Island,2004,279,81
70741-1,Airjitzu Cole Flyer,2015,435,48
70742-1,Airjitzu Zane Flyer,2015,435,43
70743-1,Airjitzu Morro Flyer,2015,435,47
70744-1,Airjitzu Wrayth Flyer,2015,435,44
70745-1,Anacondrai Crusher,2015,435,219
70746-1,Condrai Copter Attack,2015,435,311
70747-1,Boulder Blaster,2015,435,236
70748-1,Titanium Dragon,2015,435,361
70749-1,Enter the Serpent,2015,435,529
70750-1,Ninja DB X,2015,435,756
Jan-75,Captain Redbeard's Pirate Ship,2004,279,141
70751-1,Temple of Airjitzu,2015,435,2030
Feb-75,Captain Redbeard's Pirate Ship - Limited Edition with Motor,2004,279,0
70752-1,Jungle Trap,2015,435,58
70753-1,Lava Falls,2015,435,94
70754-1,ElectroMech,2015,435,153
70755-1,Jungle Raider,2015,435,188
70756-1,Dojo Showdown,2015,435,215
70778-1,Protector of Jungle,2015,360,70
70779-1,Protector of Stone,2015,360,73
70780-1,Protector of Water,2015,360,65
Jan-78,King's Battle Chariot,2009,193,103
70781-1,Protector of Earth,2015,360,66
70782-1,Protector of Ice,2015,360,68
70783-1,Protector of Fire,2015,360,63
70784-1,Lewa - Master of Jungle,2015,324,85
70785-1,Pohatu - Master of Stone,2015,324,66
70786-1,Gali - Master of Water,2015,324,87
70787-1,Tahu - Master of Fire,2015,324,89
70788-1,Kopaka - Master of Ice,2015,324,97
70789-1,Onua - Master of Earth,2015,324,108
70790-1,Lord of Skull Spiders,2015,324,145
Jan-79,Drawbridge Defense,2009,193,339
70791-1,Skull Warrior,2015,324,102
70792-1,Skull Slicer,2015,324,71
70793-1,Skull Basher,2015,324,72
70794-1,Skull Scorpio,2015,324,107
70795-1,Mask Maker vs. Skull Grinder,2015,324,171
70800-1,Getaway Glider,2014,578,104
Jan-80,Scurvy Dog and Crocodile,2004,279,7
70801-1,Melting Room,2014,578,122
70802-1,Bad Cop's Pursuit,2014,578,314
70803-1,Cloud Cuckoo Palace,2014,578,198
70804-1,Ice Cream Machine,2014,578,344
70805-1,Trash Chomper,2014,578,389
70806-1,Castle Cavalry,2014,578,424
70807-1,MetalBeard's Duel,2014,578,412
70808-1,Super Cycle Chase,2014,578,514
70809-1,Lord Business' Evil Lair,2014,578,738
708-1,12V Extension Cord Pack,1970,234,3
70810-1,MetalBeard鈥檚 Sea Cow,2014,578,2743
Jan-81,Harry Hardtack and Monkey,2004,279,10
70811-1,The Flying Flusher,2014,578,351
70812-1,Creative Ambush,2014,578,474
70813-1,Rescue Reinforcements,2014,578,859
70814-1,Emmet's Construct-o-Mech,2014,578,708
70815-1,Super Secret Police Dropship,2014,578,854
70816-1,"Benny鈥檚 Spaceship, Spaceship, SPACESHIP!",2014,578,942
70817-1,Batman & Super Angry Kitty Attack,2015,578,115
70818-1,Double-Decker Couch,2015,578,198
70819-1,Bad Cop Car Chase,2015,578,292
70820-1,Movie Maker,2019,670,482
Jan-82,Cannonball Jimmy and Shark,2004,279,7
70821-1,Emmet and Benny's 'Build and Fix' Workshop!,2019,670,125
70822-1,Unikitty's Sweetest Friends EVER!,2019,670,77
70823-1,Emmet's Thricycle!,2019,670,174
70824-1,Introducing Queen Watevra Wa'Nabi,2019,670,115
70825-1,Queen Watevra's Build Whatever Box!,2019,670,455
70826-1,Rex's Rex-treme Offroader!,2019,670,236
70827-1,Ultrakatty & Warrior Lucy!,2019,670,348
70828-1,Pop-Up Party Bus,2019,670,1024
70829-1,Emmet and Lucy's Escape Buggy!,2019,670,551
708-3,Angle Brick / Landing Frame,1984,443,8
70830-1,Sweet Mayhem's Systar Starship!,2019,670,502
70831-1,Emmet's Dream House / Rescue Rocket!,2019,670,706
70832-1,Emmet鈥檚 Builder Box!,2019,670,131
70833-1,Lucy鈥檚 Builder Box!,2019,670,147
70834-1,MetalBeard's Heavy Metal Motor Trike!,2019,670,461
70835-1,Rex's Rexplorer!,2019,670,1187
70836-1,Battle-Ready Batman and MetalBeard,2019,670,168
70837-1,Shimmer & Shine Sparkle Spa!,2019,670,694
70838-1,Queen Watevra's 鈥楽o-Not-Evil' Space Palace,2019,670,997
70839-1,The Rexcelsior!,2019,670,1826
70840-1,Welcome to Apocalypseburg!,2019,670,3178
70841-1,Benny's Space Squad,2019,670,68
70842-1,Emmet's Triple-Decker Couch Mech,2019,670,312
70847-1,Good Morning Sparkle Babies!,2019,670,50
70848-1,Systar Party Crew,2019,670,197
70849-1,Wyld-Mayhem Star Fighter,2019,670,405
70900-1,The Joker Balloon Escape,2017,708,124
Jan-90,Crossbow Attack,2007,193,54
70901-1,Mr. Freeze Ice Attack,2017,708,201
70902-1,Catwoman Catcycle Chase,2017,708,139
70903-1,The Riddler Riddle Racer,2017,708,254
70904-1,Clayface Splat Attack,2017,708,448
70905-1,The Batmobile,2017,708,581
70906-1,The Joker Notorious Lowrider,2017,708,433
70907-1,Killer Croc Tail-Gator,2017,708,460
70908-1,The Scuttler,2017,708,775
70909-1,Batcave Break-in,2017,708,1047
709-1,Police Boat,1978,363,50
70910-1,Scarecrow Special Delivery,2017,708,203
Jan-91,Knights' Catapult Defense,2007,193,123
70911-1,The Penguin Arctic Roller,2017,708,305
70912-1,Arkham Asylum,2017,708,1622
70913-1,Scarecrow Fearful Face-off,2017,708,141
70914-1,Bane Toxic Truck Attack,2017,708,366
70915-1,Two-Face Double Demolition,2017,708,565
70916-1,The Batwing,2017,708,1053
70917-1,The Ultimate Batmobile,2017,708,1456
70918-1,The Bat-Dune Buggy,2018,708,198
70919-1,The Justice League Anniversary Party,2018,708,268
709-2,Axle Assortment,1984,453,36
70920-1,Egghead Mech Food Fight,2018,708,293
Jan-92,Skeletons' Prison Carriage,2007,193,193
70921-1,Harley Quinn Cannonball Attack,2018,708,425
70922-1,The Joker Manor,2017,708,3445
70923-1,The Bat-Space Shuttle,2018,708,643
Jan-93,Skeleton Tower,2007,193,400
Jan-94,King's Castle Siege,2007,193,921
Jan-97,Trolls' Mountain Fortress,2009,193,845
Jan-99,Accessory Motor for Boats,2004,279,1
71000-0,Series 9 - Random Bag,2013,544,0
71000-1,Waiter,2013,544,7
71000-10,Judge,2013,544,7
71000-11,Alien Avenger,2013,544,7
71000-12,Mermaid,2013,544,6
71000-13,Battle Mech,2013,544,6
71000-14,Mr. Good and Evil,2013,544,6
71000-15,Forest Maiden,2013,544,7
71000-16,Plumber,2013,544,6
71000-17,Series 9 - Complete - All Sets,2013,544,0
71000-2,Cyclops,2013,544,6
71000-3,Hollywood Starlet,2013,544,6
71000-4,Heroic Knight,2013,544,10
71000-5,Roman Emperor,2013,544,6
71000-6,Policeman,2013,544,7
71000-7,Chicken Suit Guy,2013,544,5
71000-8,Roller Derby Girl,2013,544,7
71000-9,Fortune Teller,2013,544,7
Jan-00,Samsonite Large Educational Set,1963,523,0
71001-0,Series 10 - Random Bag,2013,545,0
71001-1,Librarian,2013,545,7
71001-10,Sea Captain,2013,545,7
71001-11,Sad Clown,2013,545,6
71001-12,Revolutionary Soldier,2013,545,6
71001-13,Baseball Fielder,2013,545,5
71001-14,Trendsetter,2013,545,7
71001-15,Painter,2013,545,9
71001-16,Motorcycle Mechanic,2013,545,6
71001-17,Series 10 - Complete - All Sets,2013,545,0
71001-19,Mr. Gold,2013,545,8
71001-2,Medusa,2013,545,5
71001-3,Roman Commander,2013,545,8
71001-4,Warrior Woman,2013,545,7
71001-5,Tomahawk Warrior,2013,545,6
71001-6,Skydiver,2013,545,6
71001-7,Bumblebee Girl,2013,545,7
71001-8,Grandpa,2013,545,7
71001-9,Paintball Player,2013,545,7
71002-0,Series 11 - Random Bag,2013,547,0
71002-1,Barbarian,2013,547,7
71002-10,Welder,2013,547,7
71002-11,Scientist,2013,547,7
71002-12,Saxophone Player,2013,547,6
71002-13,Diner Waitress,2013,547,10
71002-14,Grandma,2013,547,7
71002-15,Constable,2013,547,6
71002-16,Lady Robot,2013,547,6
71002-17,Series 11 - Complete - All Sets,2014,547,0
71002-2,Scarecrow,2013,547,7
71002-3,Pretzel Girl,2013,547,7
71002-4,Evil Mech,2013,547,8
71002-5,Island Warrior,2013,547,8
71002-6,Gingerbread Man,2013,547,5
71002-7,Holiday Elf,2013,547,8
71002-8,Yeti,2013,547,5
71002-9,Mountain Climber,2013,547,7
71004-0,The LEGO Movie Series 1 - Random Bag,2014,549,0
71004-1,Calamity Drone,2014,549,7
71004-10,Larry the Barista,2014,549,6
71004-11,Velma Staplebot,2014,549,6
71004-12,Taco Tuesday Man,2014,549,10
71004-13,'Where Are My Pants?' Guy,2014,549,6
71004-14,Wiley Fusebot,2014,549,8
71004-15,Panda Guy,2014,549,6
71004-16,Marsha Queen of the Mermaids,2014,549,7
71004-17,The LEGO Movie Series 1 - All Sets,2014,549,0
71004-2,President Business,2014,549,6
71004-3,Hard Hat Emmet,2014,549,6
71004-4,Wild West Wyldstyle,2014,549,6
71004-5,Abraham Lincoln,2014,549,6
71004-6,Mrs Scratchen-Post,2014,549,6
71004-7,Scribble-Face Bad Cop,2014,549,7
71004-8,William Shakespeare,2014,549,8
71004-9,Gail the Construction Worker,2014,549,6
71005-0,The Simpsons Series 1 - Random Bag,2014,550,0
71005-1,Homer Simpson,2014,550,6
71005-10,Ralph Wiggum,2014,550,5
71005-11,Apu Nahasapeemapetilon,2014,550,5
71005-12,Nelson Muntz,2014,550,5
71005-13,Itchy,2014,550,5
71005-14,Scratchy,2014,550,6
71005-15,Chief Wiggum,2014,550,6
71005-16,Mr. Burns,2014,550,6
71005-17,The Simpsons Series 1 - Complete - All Sets,2014,550,0
71005-2,Bart Simpson,2014,550,7
71005-3,Marge Simpson,2014,550,7
71005-4,Lisa Simpson,2014,550,6
71005-5,Maggie Simpson,2014,550,4
71005-6,Grampa Simpson,2014,550,5
71005-7,Ned Flanders,2014,550,6
71005-8,Krusty the Clown,2014,550,5
71005-9,Milhouse Van Houten,2014,550,5
71006-1,The Simpsons House,2014,301,2547
71007-0,Series 12 - Random Bag,2014,548,0
71007-1,Wizard,2014,548,11
71007-10,Dino Tracker,2014,548,7
71007-11,Pizza Delivery Man,2014,548,7
71007-12,Rock Star,2014,548,6
71007-13,Swashbuckler,2014,548,7
71007-14,Piggy Guy,2014,548,6
71007-15,Genie Girl,2014,548,6
71007-16,Spooky Girl,2014,548,7
71007-17,Series 12 - Complete - All Sets,2014,548,0
71007-2,Hun Warrior,2014,548,10
71007-3,Fairytale Princess,2014,548,6
71007-4,Video Game Guy,2014,548,6
71007-5,Battle Goddess,2014,548,9
71007-6,Space Miner,2014,548,9
71007-7,Lifeguard,2014,548,7
71007-8,Prospector,2014,548,7
71007-9,Jester,2014,548,7
71008-0,Series 13 - Random Bag,2015,551,0
71008-1,Classic King,2015,551,9
71008-10,Evil Wizard,2015,551,10
71008-11,Fencer,2015,551,6
71008-12,Samurai,2015,551,8
71008-13,Disco Diva,2015,551,8
71008-14,Hot Dog Man,2015,551,5
71008-15,Lady Cyclops,2015,551,6
71008-16,Galaxy Trooper,2015,551,8
71008-17,Series 13 - Complete - All Sets,2015,551,0
71008-2,Sheriff,2015,551,8
71008-3,Unicorn Girl,2015,551,7
71008-4,Snake Charmer,2015,551,7
71008-5,Goblin,2015,551,7
71008-6,Paleontologist,2015,551,7
71008-7,Alien Trooper,2015,551,6
71008-8,Egyptian Warrior,2015,551,7
71008-9,Carpenter,2015,551,7
71009-0,The Simpsons Series 2 - Random Bag,2015,553,0
71009-1,Homer,2015,553,5
71009-10,Hans Moleman,2015,553,5
71009-11,Selma,2015,553,6
71009-12,Patty,2015,553,6
71009-13,Groundskeeper Willie,2015,553,5
71009-14,Edna Krabappel,2015,553,7
71009-15,Smithers,2015,553,6
71009-16,Dr Hibbert,2015,553,5
71009-17,The Simpsons Series 2 - Complete - All Sets,2015,553,0
71009-2,Marge,2015,553,10
71009-3,Lisa,2015,553,6
71009-4,Maggie,2015,553,4
71009-5,Bart,2015,553,6
71009-6,Milhouse,2015,553,6
71009-7,Comic Book Guy,2015,553,6
71009-8,Martin,2015,553,5
71009-9,Professor Frink,2015,553,5
710-1,Wrecker with Car,1973,423,91
71010-0,Series 14 (Monsters) - Random Bag,2015,552,0
71010-1,Wolf Guy,2015,552,6
71010-10,Gargoyle,2015,552,6
71010-11,Skeleton Guy,2015,552,6
71010-12,Monster Rocker,2015,552,6
71010-13,Zombie Businessman,2015,552,7
71010-14,Banshee,2015,552,5
71010-15,Square Foot,2015,552,5
71010-16,Spider Lady,2015,552,8
71010-17,Series 14 (Monsters) - Complete - All Sets,2015,552,0
71010-2,Zombie Pirate,2015,552,7
71010-3,Monster Scientist,2015,552,6
71010-4,Wacky Witch,2015,552,8
71010-5,Plant Monster,2015,552,7
71010-6,Fly Monster,2015,552,5
71010-7,Spectre,2015,552,7
71010-8,Zombie Cheerleader,2015,552,7
71010-9,Tiger Woman,2015,552,7
Jan-01,Lightsaber Duel,1999,158,52
71011-0,Series 15 - Random Bag,2016,554,0
71011-1,Farmer,2016,554,7
71011-10,Ballerina,2016,554,6
71011-11,Laser Mech,2016,554,9
71011-12,Kendo Fighter,2016,554,7
71011-13,Shark Suit Guy,2016,554,5
71011-14,Wrestling Champion,2016,554,6
71011-15,Jewel Thief,2016,554,8
71011-16,Queen,2016,554,8
71011-17,Series 15 - Complete - All Sets,2016,554,0
71011-2,Astronaut,2016,554,9
71011-3,Frightening Knight,2016,554,10
71011-4,Clumsy Guy,2016,554,7
71011-5,Tribal Woman,2016,554,8
71011-6,Flying Warrior,2016,554,11
71011-7,Faun,2016,554,6
71011-8,Animal Control Officer,2016,554,7
71011-9,Janitor,2016,554,7
71012-0,Disney Series 1 - Random Bag,2016,555,0
71012-1,Stitch,2016,555,4
71012-10,Donald Duck,2016,555,6
71012-11,Minnie Mouse,2016,555,6
71012-12,Mickey Mouse,2016,555,4
71012-13,Mr. Incredible,2016,555,6
71012-14,Syndrome,2016,555,7
71012-15,Peter Pan,2016,555,7
71012-16,Captain Hook,2016,555,6
71012-17,Ursula,2016,555,6
71012-18,Ariel,2016,555,7
71012-19,Disney Series 1 - Complete - All Sets,2016,555,0
71012-2,Alien,2016,555,4
71012-3,Buzz Lightyear,2016,555,8
71012-4,Aladdin,2016,555,6
71012-5,Genie,2016,555,7
71012-6,Maleficent,2016,555,10
71012-7,Alice,2016,555,8
71012-8,Cheshire Cat,2016,555,5
71012-9,Daisy Duck,2016,555,6
71013-0,Series 16 - Random Bag,2016,556,0
71013-1,Ice Queen,2016,556,12
71013-10,Penguin Boy,2016,556,7
71013-11,Rogue,2016,556,7
71013-12,Dog Show Winner,2016,556,7
71013-13,Mariachi,2016,556,7
71013-14,Spy,2016,556,9
71013-15,Banana Guy,2016,556,5
71013-16,Babysitter,2016,556,8
71013-17,Series 16 - Complete,2016,556,121
71013-2,Desert Warrior,2016,556,6
71013-3,Cyborg,2016,556,8
71013-4,Cute Little Devil,2016,556,10
71013-5,Spooky Boy,2016,556,7
71013-6,Hiker,2016,556,8
71013-7,Wildlife Photographer,2016,556,8
71013-8,Kickboxer,2016,556,7
71013-9,Scallywag Pirate,2016,556,7
71014-0,DFB (Deutscher Fussball-bund) - Random Bag,2016,557,0
71014-1,Joachim L枚w,2016,557,6
71014-10,Toni Kroos (18),2016,557,6
71014-11,Sami Khedira (6),2016,557,6
71014-12,Andr茅 Sch眉rrle (9),2016,557,6
71014-13,Marco Reus (21),2016,557,6
71014-14,Christoph Kramer (20),2016,557,6
71014-15,Mario G枚tze (19),2016,557,6
71014-16,Max Kruse (23),2016,557,6
71014-17,DFB (Deutscher Fussball-bund) - Complete - All Sets,2016,557,0
71014-2,Manuel Neuer (1),2016,557,6
71014-3,J茅r么me Boateng (17),2016,557,6
71014-4,Mats Hummels (5),2016,557,6
71014-5,Benedikt H枚wedes (4),2016,557,6
71014-6,Shkodran Mustafi (2),2016,557,6
71014-7,Bastian Schweinsteiger (7),2016,557,6
71014-8,Mesut 脰zil (8),2016,557,6
71014-9,Thomas M眉ller (13),2016,557,6
71016-1,The Kwik-E-Mart,2015,301,2179
71017-0,The LEGO Batman Movie Series 1 - Random Bag,2017,609,0
71017-1,Lobster-Lovin鈥?Batman,2017,609,7
71017-10,Pink Power Batgirl,2017,609,8
71017-11,Red Hood,2017,609,9
71017-12,The Eraser,2017,609,6
71017-13,Nurse Harley Quinn,2017,609,7
71017-14,Orca,2017,609,5
71017-15,Zodiac Master,2017,609,6
71017-16,Catman,2017,609,9
71017-17,March Harriet,2017,609,6
71017-18,The Calculator,2017,609,8
71017-19,King Tut,2017,609,8
71017-2,Glam Metal Batman,2017,609,8
71017-20,The Mime,2017,609,7
71017-21,The LEGO Batman Movie Series 1 - Complete - All Sets,2017,609,0
71017-3,Fairy Batman,2017,609,8
71017-4,Clan of the Cave Batman,2017,609,7
71017-5,Vacation Batman,2017,609,8
71017-6,Barbara Gordon,2017,609,8
71017-7,Commissioner Gordon,2017,609,7
71017-8,The Joker 鈥?Arkham Asylum,2017,609,6
71017-9,Dick Grayson,2017,609,7
71018-0,Series 17 - Random Bag,2017,611,0
71018-1,Professional Surfer,2017,611,6
71018-10,Battle Dwarf,2017,611,9
71018-11,Retro Spaceman,2017,611,7
71018-12,Yuppie,2017,611,8
71018-13,Rocket Boy,2017,611,7
71018-14,Dance Instructor,2017,611,7
71018-15,Elf-Girl,2017,611,7
71018-16,Highwayman,2017,611,9
71018-17,Series 17 - Complete - All Sets,2017,611,0
71018-2,Circus Strong Man,2017,611,6
71018-3,Gourmet Chef,2017,611,7
71018-4,Corn Cob Guy,2017,611,5
71018-5,Veterinarian,2017,611,6
71018-6,Hot Dog Man,2017,611,9
71018-7,Butterfly Girl,2017,611,10
71018-8,Roman Gladiator,2017,611,6
71018-9,Connoisseur,2017,611,7
71019-0,The LEGO Ninjago Movie - Random Bag,2017,618,0
71019-1,Kai Kendo,2017,618,9
71019-10,Zane,2017,618,6
71019-11,Shark Army General #1,2017,618,8
71019-12,Shark Army Octopus,2017,618,12
71019-13,Shark Army Angler,2017,618,9
71019-14,Shark Army Great White,2017,618,8
71019-15,Flashback Garmadon,2017,618,9
71019-16,Volcano Garmadon,2017,618,8
71019-17,Gong & Guitar Rocker,2017,618,6
71019-18,GPL Tech,2017,618,7
71019-19,Sushi Chef,2017,618,9
71019-2,Spinjitzu Training Nya,2017,618,7
71019-20,N-POP Girl,2017,618,7
71019-21,The LEGO Ninjago Movie - Complete - All Sets,2017,618,0
71019-3,Lloyd,2017,618,10
71019-4,Master Wu,2017,618,9
71019-5,Garmadon,2017,618,8
71019-6,Jay Walker,2017,618,10
71019-7,Lloyd Garmadon,2017,618,7
71019-8,Cole,2017,618,6
71019-9,Misako,2017,618,6
710-2,Lockable Storage Case,1966,501,1
71020-0,The LEGO Batman Movie Series 2 - Random Bag,2018,711,0
71020-1,Disco Harley Quinn,2018,711,8
71020-10,Vacation Alfred,2018,711,8
71020-11,Bat-Merch Batgirl,2018,711,9
71020-12,Killer Moth,2018,711,7
71020-13,Wonder Twin Jayna,2018,711,8
71020-14,Wonder Twin Zan,2018,711,9
71020-15,Apache Chief,2018,711,6
71020-16,Jor-El,2018,711,8
71020-17,General Zod,2018,711,6
71020-18,Doctor Phosphorus,2018,711,6
71020-19,Black Canary,2018,711,9
71020-2,Disco Alfred,2018,711,8
71020-20,Black Vulcan,2018,711,7
71020-21,The LEGO Batman Movie Series 2 - Complete - All Sets,2018,711,0
71020-3,Clock King,2018,711,7
71020-4,Hugo Strange,2018,711,7
71020-5,Mermaid Batman,2018,711,6
71020-6,Swimsuit Batman,2018,711,7
71020-7,Vacation Joker,2018,711,9
71020-8,Vacation Robin,2018,711,8
71020-9,Vacation Batgirl,2018,711,8
71021-0,Series 18 - Random Bag,2018,622,0
71021-1,Elephant Girl,2018,622,7
71021-10,Birthday Cake Guy,2018,622,7
71021-11,Cactus Girl,2018,622,5
71021-12,Cat Costume Girl,2018,622,7
71021-13,Race Car Guy,2018,622,10
71021-14,Flower Pot Girl,2018,622,6
71021-15,Cowboy Costume Guy,2018,622,7
71021-16,Birthday Party Boy,2018,622,9
71021-17,Unicorn Guy,2018,622,9
71021-18,Series 18 - Complete - All Sets,2018,622,0
71021-2,Brick Suit Guy,2018,622,6
71021-3,Brick Suit Girl,2018,622,6
71021-4,Party Clown,2018,622,9
71021-5,Firework Guy,2018,622,5
71021-6,Birthday Party Girl,2018,622,11
71021-7,Dragon Suit Guy,2018,622,9
71021-8,Classic Police Officer,2018,622,7
71021-9,Spider Suit Boy,2018,622,7
71022-0,Wizarding World of Harry Potter Series 1 - Random Bag,2018,656,0
71022-1,Harry Potter,2018,656,7
71022-10,Dobby,2018,656,7
71022-11,Sybill Trelawney,2018,656,8
71022-12,Cedric Diggory,2018,656,7
71022-13,Filius Flitwick,2018,656,9
71022-14,Alastor Mad-Eye Moody,2018,656,9
71022-15,Harry Potter (Invisibility Cloak),2018,656,7
71022-16,Albus Dumbledore,2018,656,8
71022-17,Newt Scamander,2018,656,9
71022-18,Tina Goldstein,2018,656,8
71022-19,Jacob Kowalski,2018,656,9
71022-2,Hermione Granger,2018,656,7
71022-20,Queenie Goldstein,2018,656,7
71022-21,Credence Barebone,2018,656,6
71022-22,Percival Graves / Gellert Grindelwald,2018,656,7
71022-23,Wizarding World of Harry Potter Series 1 - Complete - All Sets,2018,656,0
71022-3,Ron Weasley,2018,656,7
71022-4,Draco Malfoy (Quidditch),2018,656,9
71022-5,Luna Lovegood,2018,656,9
71022-6,Neville Longbottom,2018,656,9
71022-7,Cho Chang,2018,656,8
71022-8,Dean Thomas,2018,656,8
71022-9,Lord Voldemort,2018,656,6
71023-0,The LEGO Movie 2: The Second Part - Random Bag,2019,675,0
71023-1,Awesome Remix Emmet,2019,675,7
71023-10,Swamp Creature,2019,675,6
71023-11,Candy Rapper,2019,675,8
71023-12,Gone Golfin' President Business,2019,675,6
71023-13,Apocalypseburg Abe,2019,675,7
71023-14,Vest Friend Rex,2019,675,6
71023-15,Kitty Pop,2019,675,8
71023-16,Dorothy Gale & Toto,2019,675,7
71023-17,Cowardly Lion,2019,675,7
71023-18,Scarecrow,2019,675,6
71023-19,Tin Man,2019,675,8
71023-2,Battle-Ready Lucy,2019,675,7
71023-20,Unikitty,2019,675,15
71023-21,The LEGO Movie 2: The Second Part - All Sets,2019,675,0
71023-3,Apocalypse Benny,2019,675,8
71023-4,Giraffe Guy,2019,675,6
71023-5,Crayon Girl,2019,675,6
71023-6,Sherry Scratchen-Post & Scarfield,2019,675,6
71023-7,Hula Lula,2019,675,8
71023-8,Watermelon Dude,2019,675,6
71023-9,Flashback Lucy,2019,675,7
71024-0,Disney Series 2 - Random Bag,2019,677,0
71024-1,Vintage Mickey,2019,677,6
71024-10,Anna,2019,677,8
71024-11,Jafar,2019,677,8
71024-12,Jasmine,2019,677,6
71024-13,Hades,2019,677,6
71024-14,Hercules,2019,677,8
71024-15,Sally,2019,677,7
71024-16,Jack Skellington,2019,677,10
71024-17,Edna Mode,2019,677,8
71024-18,Frozone,2019,677,8
71024-19,Disney Series 2 - Complete - All Sets,2019,677,0
71024-2,Vintage Minnie,2019,677,7
71024-3,Huey,2019,677,9
71024-4,Dewey,2019,677,7
71024-5,Louie,2019,677,8
71024-6,Scrooge McDuck,2019,677,8
71024-7,Chip,2019,677,6
71024-8,Dale,2019,677,5
71024-9,Elsa,2019,677,7
71025-0,Series 19 - Random Bag,2019,681,0
71025-1,Video Game Champ,2019,681,7
71025-10,Pizza Costume Guy,2019,681,6
71025-11,Galactic Bounty Hunter,2019,681,8
71025-12,Gardener,2019,681,7
71025-13,Rugby Player,2019,681,6
71025-14,Fox Costume Girl,2019,681,8
71025-15,Bear Costume Guy,2019,681,7
71025-16,Mountain Biker,2019,681,10
71025-17,Series 19 - Complete - All Sets,2019,681,0
71025-2,Shower Guy,2019,681,8
71025-3,Fright Knight,2019,681,9
71025-4,Monkey King,2019,681,12
71025-5,Programmer,2019,681,10
71025-6,Mummy Queen,2019,681,6
71025-7,Jungle Explorer,2019,681,8
71025-8,Fire Fighter,2019,681,6
71025-9,Dog Sitter,2019,681,9
71026-0,DC Comics Super Heroes - Random Bag,2020,684,0
71026-1,Mister Miracle,2020,684,10
71026-10,Batman,2020,684,10
71026-11,Huntress,2020,684,10
71026-12,Metamorpho,2020,684,7
71026-13,Joker,2020,684,11
71026-14,Bumblebee,2020,684,10
71026-15,The Flash,2020,684,10
71026-16,Bat-Mite,2020,684,9
71026-17,DC Comics Super Heroes - Complete - All Sets,2020,684,0
71026-18,DC Comics Super Heroes - Sealed Box,2020,684,0
71026-2,Wonder Woman,2020,684,9
71026-3,Aquaman,2020,684,8
71026-4,Stargirl,2020,684,9
71026-5,Sinestro,2020,684,10
71026-6,Cheetah,2020,684,9
71026-7,Superman,2020,684,9
71026-8,Green Lantern,2020,684,9
71026-9,Cyborg,2020,684,8
71027-0,Series 20 - Random Bag,2020,692,0
71027-1,Pi帽ata Kid,2020,692,9
71027-10,Martial Arts Boy,2020,692,6
71027-11,Athlete,2020,692,8
71027-12,Sea Rescuer,2020,692,12
71027-13,Green Brick Suit Guy,2020,692,6
71027-14,80's Musician,2020,692,6
71027-15,Pajama Girl,2020,692,6
71027-16,Drone Boy,2020,692,13
71027-17,Series 20 - Complete,2020,692,0
71027-18,Series 20 - Sealed Box,2020,692,0
71027-2,Breakdancer,2020,692,8
71027-3,Peapod Costume Girl,2020,692,6
71027-4,Tournament Knight,2020,692,8
71027-5,Pirate Girl,2020,692,7
71027-6,Space Fan,2020,692,10
71027-7,Llama Costume Girl,2020,692,7
71027-8,Viking,2020,692,9
71027-9,Super Warrior,2020,692,6
71028-0,Wizarding World of Harry Potter Series 2 - Random Bag,2020,691,0
71028-1,Harry Potter,2020,691,9
71028-10,Fred Weasley,2020,691,10
71028-11,George Weasley,2020,691,7
71028-12,Bellatrix Lestrange,2020,691,8
71028-13,Kingsley Shacklebolt,2020,691,8
71028-14,Moaning Myrtle,2020,691,10
71028-15,Professor Pomona Sprout,2020,691,9
71028-16,Neville Longbottom,2020,691,9
71028-17,Wizarding World of Harry Potter Series 2 - Complete - All Sets,2020,691,0
71028-18,Wizarding World of Harry Potter Series 2 - Sealed Box,2020,691,0
71028-2,Albus Dumbledore,2020,691,8
71028-3,Hermione Granger,2020,691,7
71028-4,Ron Weasley,2020,691,7
71028-5,Luna Lovegood,2020,691,7
71028-6,Griphook,2020,691,7
71028-7,Lily Potter,2020,691,7
71028-8,James Potter,2020,691,8
71028-9,Ginny Weasley,2020,691,8
71029-0,Series 21 - Random Bag,2021,712,0
71029-1,Paddle Surfer,2021,712,9
71029-10,Space Police Guy,2021,712,12
71029-11,Alien,2021,712,6
71029-12,Cabaret Singer,2021,712,10
71029-13,Series 21 - Complete - All Sets,2021,712,0
71029-2,Violin Kid,2021,712,7
71029-3,Shipwreck Survivor,2021,712,9
71029-4,Ladybug Girl / Ladybird Girl,2021,712,8
71029-5,Pug Costume Guy,2021,712,6
71029-6,Centaur Warrior,2021,712,8
71029-7,Beekeeper,2021,712,8
71029-8,Ancient Warrior,2021,712,7
71029-9,Airplane Girl,2021,712,9
710-3,Universal Building Set,1983,469,357
71030-0,Looney Tunes - Random Bag,2021,714,0
71030-1,Lola Bunny,2021,714,5
71030-10,Marvin the Martian,2021,714,7
71030-11,Petunia Pig,2021,714,7
71030-12,Porky Pig,2021,714,8
71030-13,Looney Tunes - Complete - All Sets,2021,714,0
71030-14,Looney Tunes - Sealed Box,2021,714,0
71030-2,Bugs Bunny,2021,714,6
71030-3,Wile E Coyote,2021,714,9
71030-4,Road Runner,2021,714,9
71030-5,Tweety,2021,714,10
71030-6,Sylvester,2021,714,6
71030-7,Daffy Duck,2021,714,7
71030-8,Speedy Gonzales,2021,714,8
71030-9,Taz the Tasmanian Devil,2021,714,9
Jan-03,Jedi Duel,2002,158,82
71031-0,Marvel Studios - Random Bag,2021,715,0
71031-1,The Scarlet Witch,2021,715,10
71031-10,Captain Carter,2021,715,10
71031-11,T'Challa Star-Lord,2021,715,10
71031-12,Gamora with Blade of Thanos,2021,715,10
71031-13,Marvel - Complete - All Sets,2021,715,0
71031-14,Marvel Studios - Sealed Box,2021,715,0
71031-2,The Vision,2021,715,10
71031-3,Monica Rambeau,2021,715,12
71031-4,Winter Soldier,2021,715,10
71031-5,Captain America,2021,715,12
71031-6,Loki,2021,715,9
71031-7,Sylvie,2021,715,9
71031-8,Zombie Hunter Spidey,2021,715,11
71031-9,Zombie Captain America,2021,715,8
71032-0,Series 22 - Random Bag,2022,718,0
71032-1,Robot Repair Tech,2022,718,15
71032-10,Raccoon Costume Fan,2022,718,9
71032-11,Space Creature,2022,718,9
71032-12,Wheelchair Racer,2022,718,11
71032-13,Series 22 - Complete - All Sets,2022,718,0
71032-2,Chili Costume Fan,2022,718,8
71032-3,Troubadour,2022,718,9
71032-4,Snow Guardian,2022,718,9
71032-5,Horse and Groom,2022,718,8
71032-6,Figure Skating Champion,2022,718,10
71032-7,Night Protector,2022,718,7
71032-8,Forest Elf,2022,718,9
71032-9,Bird-Watcher,2022,718,9
71033-0,Muppets - Random Bag,2022,720,0
71033-1,Rowlf,2022,720,8
71033-10,Statler,2022,720,7
71033-11,Swedish Chef,2022,720,7
71033-12,Janice,2022,720,5
71033-13,Muppets - Complete - All Sets,2022,720,0
71033-14,Muppets - Sealed Box,2022,720,0
71033-2,Dr. Bunsen Honeydew,2022,720,5
71033-3,Beaker,2022,720,6
71033-4,The Great Gonzo,2022,720,5
71033-5,Kermit the Frog,2022,720,6
71033-6,Miss Piggy,2022,720,5
71033-7,Fozzie Bear,2022,720,9
71033-8,Animal,2022,720,16
71033-9,Waldorf,2022,720,7
71034-0,Series 23 - Random Bag,2022,725,0
71034-1,Nutcracker,2022,725,8
71034-10,Ferry Captain,2022,725,8
71034-11,Knight of the Yellow Castle,2022,725,12
71034-12,Green Dragon Costume,2022,725,9
71034-13,Series 23 - Complete - All Sets,2022,725,0
71034-2,Sugar Fairy,2022,725,9
71034-3,Snowman,2022,725,9
71034-4,Reindeer Costume,2022,725,9
71034-5,Christmas Elf,2022,725,10
71034-6,Cardboard Robot,2022,725,7
71034-7,Popcorn Costume,2022,725,5
71034-8,Wolf Costume,2022,725,7
71034-9,Turkey Costume,2022,725,8
71035-1,Muppets - 6 Pack,2022,720,0
71036-1,Series 23 - 6 Pack,2022,725,0
71040-1,Disney Castle,2016,608,4081
Jan-04,Desert Skiff,2000,158,55
71042-1,Silent Mary,2017,263,2294
71043-1,Hogwarts Castle,2018,246,6020
71044-1,Disney Train and Station,2019,608,2927
710-6,Baseplate Assortment,1984,443,10
Jan-06,Droid Escape,2001,158,45
Jan-10,Landspeeder,1999,158,49
711-1,Jeep CJ-5,1977,423,58
Jan-11,Droid Fighter,1999,158,62
Jan-13,Tusken Raider Encounter,2002,158,93
Jan-15,Gungan Patrol,2000,158,79
Jan-16,Tahu,2010,324,19
71170-1,PS3 Starter Pack,2015,604,267
Jan-17,Gresh,2010,324,19
71171-1,Playstation 4 Starter Pack,2015,604,267
71172-1,Xbox One Starter Pack,2015,604,267
71173-1,Xbox 360 Starter Pack,2015,604,267
71174-1,Wii U Starter Pack,2015,604,267
Jan-19,Twin-Pod Cloud Car,2002,158,118
71200-1,Starter Pack Parts,2015,604,267
71201-1,Back to the Future Level Pack,2015,604,94
71202-1,The Simpsons Level Pack,2015,604,98
71203-1,Portal 2 Level Pack,2015,604,85
71204-1,Doctor Who Level Pack,2015,604,83
71205-1,Jurassic World Team Pack,2015,604,104
71206-1,Scooby-Doo Team Pack,2015,604,84
71207-1,Ninjago Team Pack,2015,604,98
71209-1,Wonder Woman Fun Pack,2015,604,41
712-1,Sea Plane,1977,412,115
71210-1,Cyborg Fun Pack,2015,604,50
Jan-21,Naboo Swamp,1999,158,82
71211-1,Bart Fun Pack,2015,604,34
71212-1,Emmet Fun Pack,2015,604,55
71213-1,Bad Cop Fun Pack,2015,604,62
71214-1,Benny Fun Pack,2015,604,46
71215-1,Jay Fun Pack,2015,604,48
71216-1,Nya Fun Pack,2015,604,59
71217-1,Zane Fun Pack,2015,604,46
71218-1,Gollum Fun Pack,2015,604,39
71219-1,Legolas Fun Pack,2015,604,36
71220-1,Gimli Fun Pack,2015,604,56
71221-1,Wicked Witch Fun Pack,2015,604,38
71222-1,Laval Fun Pack,2015,604,57
71223-1,Cragger Fun Pack,2015,604,45
71227-1,Krusty Fun Pack,2015,604,38
71228-1,Ghostbusters Level Pack,2016,604,115
71229-1,DC Comics Team Pack,2016,604,92
71230-1,Doc Brown Fun Pack,2016,604,69
71231-1,Unikitty Fun Pack,2015,604,58
71232-1,Eris Fun Pack,2015,604,59
71233-1,Stay Puft Fun Pack,2016,604,65
71234-1,Sensei Wu Fun Pack,2016,604,58
71235-1,Midway Arcade Level Pack,2016,604,96
71236-1,Superman Fun Pack,2016,604,48
71237-1,Aquaman Fun Pack,2016,604,43
71238-1,Cyberman Fun Pack,2016,604,40
71239-1,Lloyd Fun Pack,2016,604,56
71240-1,Bane Fun Pack,2016,604,52
Jan-24,Flash Speeder,2000,158,107
71241-1,Slimer Fun Pack,2016,604,33
71242-1,Ghostbusters: Play The Complete Movie Story Pack,2016,604,259
71244-1,Sonic the Hedgehog Level Pack,2016,604,101
71245-1,Adventure Time Level Pack,2016,604,102
71246-1,Adventure Time Team Pack,2016,604,96
71247-1,Harry Potter Team Pack,2016,604,119
71247-2,Hogwarts Express,2018,246,43
71248-1,Mission: Impossible Level Pack,2016,604,76
71251-1,A-Team Fun Pack,2016,604,73
71253-1,Fantastic Beasts and Where to Find Them Story Pack,2016,604,261
71255-1,Teen Titans Go! Team Pack,2017,604,105
71256-1,Gremlins Team Pack,2016,604,94
71257-1,Tina Goldstein Fun Pack,2016,604,51
71258-1,E.T. the Extra-Terrestrial Fun Pack,2016,604,42
Jan-26,Battle Droid Carrier,2001,158,133
71264-1,The LEGO Batman Movie: Play The Complete Movie Story Pack,2017,604,156
71266-1,Chase McCain Fun Pack,2017,604,46
71267-1,Goonies Level Pack,2017,604,118
Jan-27,Imperial AT-ST,2001,158,107
Jan-28,Speeder Bikes,1999,158,93
71285-1,Marceline the Vampire Queen Fun Pack,2016,604,60
71286-1,Knight Rider Fun Pack,2017,604,55
71287-1,Teen Titans Go! Fun Pack,2017,604,56
71300-1,Uxar Creature of Jungle,2016,324,89
Jan-30,Snowspeeder,1999,158,217
71301-1,Ketar Creature of Stone,2016,324,80
71302-1,Akida Creature of Water,2016,324,120
71303-1,Ikir Creature of Fire,2016,324,77
71304-1,Terak Creature of Earth,2016,324,74
71305-1,Lewa Uniter of Jungle,2016,324,79
71306-1,Pohatu Uniter of Stone,2016,324,90
71307-1,Gali Uniter of Water,2016,324,87
71308-1,Tahu Uniter of Fire,2016,324,132
71309-1,Onua Uniter of Earth,2016,324,143
71310-1,Umarak the Hunter,2016,324,172
Jan-31,Anakin's Podracer,1999,158,136
71311-1,Kopaka and Melum - Unity set,2016,324,171
71312-1,Ekimu the Mask Maker,2016,324,94
71313-1,Lava Beast,2016,324,114
71314-1,Storm Beast,2016,324,109
71315-1,Quake Beast,2016,324,102
71316-1,Umarak the Destroyer,2016,324,191
Jan-33,Bounty Hunter Pursuit,2002,158,254
71340-1,Supergirl,2016,604,6
Jan-34,A-wing Fighter,2000,158,125
71342-1,Green Arrow,2016,604,7
71343-1,The Powerpuff Girls Fun Pack,2017,604,56
71344-1,Excalibur Batman Fun Pack,2017,604,57
71346-1,The Powerpuff Girls Team Pack,2017,604,93
71348-1,Hermione Granger Fun Pack,2017,604,64
71349-1,Beetlejuice Fun Pack,2017,604,56
Jan-35,Takanuva,2010,324,21
71360-1,Adventures with Mario Starter Course,2020,690,231
Jan-36,Skrall,2010,324,21
71361-0,Character Pack Series 1 - Random Bag,2020,690,0
71361-1,Paragoomba,2020,690,25
71361-10,Peepa,2020,690,21
71361-11,Character Pack Series 1 - Complete Set,2020,690,146
71361-2,Fuzzy,2020,690,30
71361-3,Spiny,2020,690,21
71361-4,Buzzy Beetle,2020,690,17
71361-5,Bullet Bill,2020,690,25
71361-6,Bob-omb,2020,690,22
71361-7,Eep Cheep,2020,690,41
71361-8,Blooper,2020,690,21
71361-9,Urchin,2020,690,28
71362-1,Guarded Fortress Expansion Set,2020,690,469
71363-1,Desert Pokey Expansion Set,2020,690,181
71364-1,Whomp's Lava Trouble Expansion Set,2020,690,134
71365-1,Piranha Plant Power Slide Expansion Set,2020,690,218
71366-1,Boomer Bill Barrage Expansion Set,2020,690,133
71367-1,Mario's House & Yoshi Expansion Set,2020,690,206
71368-1,Toad's Treasure Hunt Expansion Set,2020,690,465
71369-1,Bowser's Castle Boss Battle Expansion Set,2020,690,1011
71370-1,Fire Mario Power-Up Pack,2020,690,11
Jan-37,Piraka,2010,324,15
71371-1,Propeller Mario Power-Up Pack,2020,690,13
71372-1,Cat Mario Power-Up Pack,2020,690,11
71373-1,Builder Mario Power-Up Pack,2020,690,10
71374-1,Nintendo Entertainment System,2020,690,2646
71376-1,Thwomp Drop Expansion Set,2020,690,393
71377-1,King Boo and the Haunted Yard Expansion Set,2020,690,432
71380-1,Master Your Adventure Maker Set,2021,690,367
Jan-38,Rahkshi,2010,324,18
71381-1,Chain Chomp Jungle Encounter Expansion Set,2021,690,160
71382-1,Piranha Plant Puzzling Challenge Expansion Set,2021,690,267
71383-1,Wiggler鈥檚 Poison Swamp Expansion Set,2021,690,375
71384-1,Penguin Mario Power-Up Pack,2021,690,18
71385-1,Tanooki Mario Power-Up Pack,2021,690,13
71386-0,Character Pack Series 2 - Random Bag,2021,690,0
71386-1,Huckit Crab,2021,690,25
71386-10,Bone Goomba,2021,690,23
71386-11,Character Pack Series 2 - Complete Set,2021,690,0
71386-2,Spiny Cheep Cheep,2021,690,25
71386-3,Ninji,2021,690,24
71386-4,Foo,2021,690,33
71386-5,Parachute Goomba,2021,690,25
71386-6,Para-Beetle,2021,690,20
71386-7,Poison Mushroom,2021,690,14
71386-8,Thwimp,2021,690,27
71386-9,Fly Guy,2021,690,32
71387-1,Adventures with Luigi Starter Course,2021,690,280
71388-1,Boss Sumo Bro Topple Tower Expansion Set,2021,690,232
71389-1,Lakitu Sky World Expansion Set,2021,690,484
71390-1,Reznor Knockdown Expansion Set,2021,690,863
Jan-39,Ewok Attack,2002,158,121
71391-1,Bowser's Airship Expansion Set,2021,690,1152
71392-1,Frog Mario Power-Up Pack,2021,690,11
71393-1,Bee Mario Power-Up Pack,2021,690,13
71394-0,Character Pack Series 3 - Random Bag,2021,690,0
71394-1,1-Up Mushroom,2021,690,19
71394-10,Boo,2021,690,23
71394-11,Character Pack Series 3 - Complete Set,2021,690,0
71394-2,Amp,2021,690,28
71394-3,Scuttlebug,2021,690,35
71394-4,Parachute Bob-omb,2021,690,28
71394-5,Swoop,2021,690,30
71394-6,Galoomba,2021,690,18
71394-7,Crowber,2021,690,15
71394-8,Torpedo Ted,2021,690,21
71394-9,Bony Beetle,2021,690,13
71395-1,Super Mario 64 Question Mark Block,2021,690,2064
71396-1,Bowser Jr.鈥檚 Clown Car Expansion Set,2022,690,84
71397-1,Luigi鈥檚 Mansion Lab and Poltergust Expansion Set,2022,690,179
71398-1,Dorrie鈥檚 Beachfront Expansion Set,2022,690,229
71399-1,Luigi鈥檚 Mansion Entryway Expansion Set,2022,690,504
71400-1,Big Urchin Beach Ride Expansion Set,2022,690,536
Jan-40,X-wing Fighter,1999,158,271
71401-1,Luigi鈥檚 Mansion Haunt-and-Seek Expansion Set,2022,690,877
71402-0,Character Pack Series 4 - Random Bag,2022,690,0
71402-1,Freezie,2022,690,27
71402-10,Para-Biddybud,2022,690,31
71402-11,Character Pack Series 4 - Complete Series,2022,690,0
71402-2,Mechakoopa,2022,690,31
71402-3,Ant Trooper,2022,690,27
71402-4,Goombrat,2022,690,26
71402-5,Scaredy Rat,2022,690,28
71402-6,Bully,2022,690,35
71402-7,Baby Penguin,2022,690,29
71402-8,Stingby,2022,690,31
71402-9,Coin Coffer,2022,690,29
71403-1,Adventures with Peach Starter Course,2022,690,354
71404-1,Goomba鈥檚 Shoe Expansion Set,2022,690,76
71405-1,Fuzzy Flippers Expansion Set,2022,690,154
71406-1,Yoshi鈥檚 Gift House Expansion Set,2022,690,246
71407-1,Cat Peach Suit and Frozen Tower Expansion Set,2022,690,494
71408-1,Peach鈥檚 Castle Expansion Set,2022,690,1216
71409-1,Big Spike鈥檚 Cloudtop Challenge Expansion Set,2022,690,540
71410-0,Character Pack Series 5 - Random Pack,2022,690,0
71410-1,Red Yoshi,2022,690,62
71410-2,Baby Yoshi,2022,690,38
71410-3,Purple Toad,2022,690,36
71410-4,Hammer Bro,2022,690,48
71410-5,Blue Shy Guy,2022,690,47
71410-6,Toady,2022,690,45
71410-7,Nabbit,2022,690,51
71410-8,Waddlewing,2022,690,46
71410-9,Character Pack Series 5 - Complete Series,2022,690,0
Jan-41,Naboo Fighter,1999,158,179
71411-1,The Mighty Bowser,2022,690,0
71412-1,Big Bad Island Expansion Set,2022,690,354
Jan-42,X-wing Fighter,2002,158,273
Jan-43,Jedi Starfighter,2002,158,139
Jan-44,Slave I,2000,158,166
Jan-45,Von Nebula,2010,403,156
Jan-46,TIE Fighter,2001,158,171
Jan-47,Xplode,2010,403,45
Jan-48,Meltdown,2010,403,50
714849-1,Magnet Set (Small),2003,501,3
714850-1,Magnet Set,2003,501,8
Jan-50,TIE Fighter & Y-wing,1999,158,410
715-1,Basic Building Set,1990,467,410
Jan-51,Sith Infiltrator,1999,158,244
Jan-52,TIE Fighter & Y-wing,2002,158,411
Jan-53,Jango Fett's Slave I,2002,158,371
Jan-55,Trade Federation AAT,2000,158,158
Jan-56,Corroder,2010,403,40
Jan-57,Thunder,2010,403,47
Jan-58,Furno Bike,2010,400,165
Jan-59,Star Wars Podracing Bucket,2000,158,293
Jan-60,Drop Ship,2010,400,394
Jan-61,Gungan Sub,1999,158,379
Jan-62,Rotor,2010,403,145
Jan-63,Republic Gunship,2002,158,697
Jan-64,Preston Stormer,2010,401,17
Jan-65,Natalie Breez,2010,401,19
Jan-66,Imperial Shuttle,2001,158,238
Jan-67,William Furno,2010,401,19
Jan-68,Dunkan Bulk,2010,401,17
Jan-69,Mark Surge,2010,401,19
71699-1,Thunder Raider,2020,435,576
71700-1,Jungle Raider,2020,435,127
71701-1,Kai's Fire Dragon,2020,435,81
Feb-70,Jimi Stringer,2010,401,17
71702-1,Golden Mech,2020,435,489
71703-1,Storm Fighter Battle,2020,435,166
71704-1,Kai Fighter,2020,435,513
71705-1,Destiny's Bounty,2020,435,1783
71706-1,Cole's Speeder Car,2020,435,52
71707-1,Kai's Mech Jet,2020,435,226
71708-1,Gamer's Market,2020,435,228
71709-1,Jay and Lloyd's Velocity Racers,2020,435,323
71710-1,Ninja Tuner Car,2020,435,427
Jan-71,Mos Espa Podrace,1999,158,907
71711-1,Jay's Cyber Dragon,2020,435,527
71712-1,Empire Temple of Madness,2020,435,820
71713-1,Empire Dragon,2020,435,295
71714-1,Kai Avatar - Arcade Pod,2020,435,58
71715-1,Jay Avatar - Arcade Pod,2020,435,56
71716-1,Lloyd Avatar - Arcade Pod,2020,435,49
71717-1,Journey to the Skull Dungeons,2020,435,401
71718-1,Wu's Battle Dragon,2020,435,322
71719-1,Zane's Mino Creature,2020,435,617
71720-1,Fire Stone Mech,2020,435,977
Jan-72,Apple,2007,34,10
71721-1,Skull Sorcerer's Dragon,2020,435,1017
71722-1,Skull Sorcerer's Dungeons,2020,435,1180
71730-1,Epic Battle Set - Kai vs. Skulkin,2021,435,70
Jan-73,Pear,2007,34,10
71731-1,Epic Battle Set - Zane vs. Nindroid,2021,435,66
71732-1,Epic Battle Set - Jay vs. Serpentine,2021,435,78
71733-1,Epic Battle Set - Cole vs. Ghost Warrior,2021,435,60
71734-1,Kai's Blade Cycle,2021,435,54
71735-1,Tournament of Elements,2021,435,292
71736-1,Boulder Blaster,2021,435,449
71737-1,X-1 Ninja Charger,2021,435,599
71738-1,Zane's Titan Mech Battle,2021,435,840
71739-1,Ultra Sonic Raider,2021,435,726
71740-1,Jay's Electro Mech,2021,435,106
Jan-74,Banana,2007,34,8
71741-1,NINJAGO City Gardens,2021,435,5709
71742-1,Overlord Dragon,2021,435,372
71745-1,Lloyd's Jungle Chopper Bike,2021,435,183
71746-1,Jungle Dragon,2021,435,506
71747-1,The Keeper's Village,2021,435,643
71748-1,Catamaran Sea Battle,2021,435,782
71749-1,Final Flight of Destiny's Bounty,2021,435,150
71750-1,Lloyd's Hydro Mech,2021,435,228
Jan-75,Grapes,2007,34,10
71752-1,Ninja Sub Speeder,2021,435,356
71753-1,Fire Dragon Attack,2021,435,564
71754-1,Water Dragon,2021,435,737
71755-1,Temple of the Endless Sea,2021,435,1060
71756-1,Hydro Bounty,2021,435,1159
71757-1,Lloyd's Ninja Mech,2022,435,57
71759-1,Ninja Dragon Temple,2022,435,161
71760-1,Jay鈥檚 Thunder Dragon EVO,2022,435,140
Jan-76,Watermelon - Capespan Promotional,2007,34,21
71761-1,Zane鈥檚 Power Up Mech EVO,2022,435,95
71762-1,Kai鈥檚 Fire Dragon EVO,2022,435,206
71763-1,Lloyd鈥檚 Race Car EVO,2022,435,279
71764-1,Ninja Training Center,2022,435,524
71765-1,Ninja Ultra Combo Mech,2022,435,1105
71766-1,Lloyd鈥檚 Legendary Dragon,2022,435,747
71767-1,Ninja Dojo Temple,2022,435,1396
71768-1,Jay's Golden Dragon Motorbike,2022,435,145
71769-1,Cole鈥檚 Dragon Cruiser,2022,435,393
71770-1,Zane's Gold Dragon Jet,2022,435,267
Jan-77,Orange,2007,34,8
71771-1,The Crystal King Temple,2022,435,712
71772-1,The Crystal King,2022,435,722
71773-1,Kai's Golden Dragon Raider,2022,435,632
71774-1,Lloyd's Ultra Golden Dragon,2022,435,998
71775-1,Nya's Samurai X MECH,2022,435,1012
71776-1,Jay and Nya's Race Car EVO,2022,435,536
Jan-78,Chef,2007,34,5
Jan-79,Dunkan Bulk and Vapor,2010,401,89
Jan-80,B-wing at Rebel Control Center,2000,158,346
Jan-81,TIE Interceptor,2000,171,703
Jan-84,Trade Federation MTT,2000,158,466
Jan-86,Watto's Junkyard,2001,158,449
Jan-87,Escape from Dragon's Prison,2011,196,185
Jan-88,King's Carriage Ambush,2011,196,286
Jan-89,Mill Village Raid,2011,196,666
Jan-90,Millennium Falcon,2000,158,671
Jan-91,X-wing Fighter,2000,171,1304
Jan-94,Yoda,2002,171,1076
Jan-95,Ambush in Cairo,2009,264,79
Jan-96,Chauchilla Cemetery Battle,2009,264,188
Jan-97,Venice Canal Chase,2009,264,420
Jan-98,Fighter Plane Attack,2009,264,384
Jan-99,Temple of Doom,2009,264,652
7月2日,Universal Building Set,1979,469,64
Jan-00,Final Duel I,2002,158,32
72001-1,Lance鈥檚 Hover Jouster,2018,605,217
72002-1,Twinfector,2018,605,191
72003-1,Berserker Bomber,2018,605,369
72004-1,Tech Wizard Showdown,2018,605,506
72005-1,Aaron's X-bow,2018,605,569
72006-1,Axl's Rolling Arsenal,2018,605,603
720-1,Basic Building Set,1985,467,340
Jan-01,Final Duel II,2002,158,26
720-2,Train with 12V Electric Motor,1969,234,358
Jan-03,Jedi Defense I,2002,158,59
Jan-04,Jedi Defense II,2002,158,53
Jan-06,Fire Helicopter,2010,58,342
Jan-07,Fire Boat,2010,58,307
Jan-08,Fire Station,2010,58,664
Jan-09,Pteranodon,2004,204,28
Jan-10,Apatosaurus,2004,204,33
721-1,Steam Locomotive,1969,234,115
Jan-12,Sky Squad,2003,204,129
Jan-13,Off-Road Fire Truck & Fireboat,2010,58,388
Jan-14,Sea Plane,2004,105,123
Jan-15,Frame and Hairband,2006,500,27
Jan-16,Gold Good Guy - looking Right (Duracell 8 pack AA) {Turaga Lhikan},2006,324,22
Feb-16,Gold Good Guy - looking Left (Duracell 12 pack AA) {Turaga Lhikan},2006,324,22
Mar-16,Gold Good Guy - looking Right (Duracell 12 pack AA) {Turaga Lhikan},2006,324,22
Jan-17,Braca (Duracell 12 pack AA battery promotion),2006,324,16
Feb-17,Braca (Duracell 8 pack AA battery promotion),2006,324,16
Jan-18,Orange Speedboat,2004,204,26
Jan-19,Dinosaur,2004,204,34
Jan-20,Snowman,2004,227,19
722-1,Universal Building Set,1980,469,302
Jan-21,Robots,2003,204,24
Feb-21,Robots - ANA Promotion,2003,204,23
722-2,12V Electric Train with 2 Wagons,1970,234,155
Jan-22,Flyers,2003,204,28
Jan-23,Wheelers,2003,204,34
Feb-23,Yellow Truck (Box version) - ANA Promotion,2003,204,36
Jan-24,"Santa, Tree, and Present",2003,228,34
723-1,Diesel Locomotive,1970,234,97
723-2,Diesel Locomotive with DB Sticker,1974,234,94
Jan-33,"Pencil Set, 2 Pack (Clikits)",2007,501,0
Jan-35,Police Motorcycle (Black Sticker Version),2005,61,29
Feb-35,Police Motorcycle (Blue Sticker Version),2008,61,29
Jan-36,Police Car (Black Sticker Version),2005,61,60
Feb-36,Police Car (Blue Sticker Version),2008,61,60
Jan-37,Police Station [Lighted Figure],2005,61,603
Feb-37,Police Station [No Lighted Figure],2006,61,608
Jan-38,Fire Helicopter,2005,58,76
Jan-39,Fire Truck,2005,58,216
Jan-40,Fire Station,2005,58,265
724-1,12V Diesel Locomotive with Crane and Tipper Wagon,1972,234,151
Jan-41,Fire Car,2005,58,47
Jan-42,Street Sweeper,2005,63,64
Jan-43,Construction Site,2005,56,301
Jan-44,Speedboat,2005,52,111
Jan-45,"Prisoner Transport, Black Logo",2005,61,100
Feb-45,Prisoner Transport - Blue Sticker Version,2008,61,100
Jan-46,Mini Digger,2005,56,37
Jan-48,Digger,2005,56,128
Jan-49,XXL Mobile Crane,2005,56,526
Jan-50,Clone Scout Walker,2005,158,109
725-1,Basic Building Set,1990,467,440
Jan-51,Darth Vader Transformation,2005,158,59
725-2,12V Freight Train and Track,1974,234,314
Jan-52,Droid Tri-Fighter,2005,158,148
Jan-55,General Grievous Chase,2005,158,112
Jan-56,Jedi Starfighter & Vulture Droid,2005,158,203
Jan-57,Ultimate Lightsaber Duel,2005,158,280
Jan-58,Wookiee Attack,2005,158,366
Jan-59,ARC-170 Starfighter,2005,158,400
Jan-60,Wookiee Catamaran,2005,158,380
726-1,Western Train,1976,233,290
Jan-61,Clone Turbo Tank [Light-Up Mace Windu],2005,158,810
Feb-61,Clone Turbo Tank (with Non-Light-Up Mace Windu),2006,158,819
Jan-62,TIE Fighter and Y-wing,2004,158,415
Jan-63,TIE Fighter,2005,158,161
Jan-64,Imperial Inspection,2005,158,379
Jan-66,Fireman,2005,58,19
Jan-67,Paramedic,2005,60,13
Jan-68,Crab,2005,204,32
Jan-69,Scorpion,2005,204,37
Jan-70,Bird,2005,204,28
727-1,12V Locomotive,1977,234,134
Jan-71,Apple - Suntory Promotional,2005,22,9
Jan-72,Pear - Suntory Promotional,2005,22,11
Jan-74,Orange - Suntory Promotional,2005,22,9
Jan-75,Cherry - Suntory Promotional,2005,22,12
Jan-76,Mango - Suntory Promotional,2005,22,7
Jan-78,Melon - Suntory Promotional,2005,22,9
Jan-79,Police Minifigure Collection,2011,61,57
Jan-80,Straight & Crossroad Plates,2005,52,2
Jan-81,T-Junction & Curved Road Plates,2005,52,2
Jan-83,Ultimate Space Battle,2005,158,567
Jan-85,Police Dog Unit,2011,61,96
Jan-86,Prisoner Transport,2011,61,173
Jan-87,Police Boat,2011,61,174
Jan-88,Mobile Police Unit,2011,61,408
Jan-90,Pirates Polybag,2004,279,5
Jan-91,Street Rebel,2012,672,196
Jan-92,Propeller Adventures,2012,672,244
Jan-94,Dino 2010 Quad,2005,384,39
Jan-95,Dino 2010 Buggy Chaser,2005,384,83
Jan-96,Dino 2010 4WD Trapper,2005,384,283
Jan-97,Dino 2010 Track Transport,2005,384,366
Jan-98,Dino 2010 Air-Tracker,2005,384,721
7月3日,Basic Set,1973,469,412
Jan-00,Double Hover,2001,135,21
730-1,Steam Shovel with Carrier,1973,416,102
Jan-01,Rover,2001,135,29
730-2,Basic Building Set,1985,467,430
Jan-02,Worker Robot,2001,135,30
Jan-03,Jet Scooter,2001,135,24
Jan-05,Scarab Attack,2011,437,44
Jan-06,Golden Staff Guardians,2011,437,70
Jan-07,Flying Mummy Attack,2011,437,125
Jan-08,Double Hover,2001,135,21
Jan-09,Rover,2001,135,29
Jan-10,Mono Jet,2001,135,34
Jan-11,Red Planet Cruiser,2001,135,73
Jan-12,T3-Trike,2001,135,99
73129-1,Four TECHNIC Shocks,1985,453,4
Jan-13,Red Planet Protector,2001,135,193
Jan-14,Recon-Mech RP,2001,135,189
Jan-15,Solar Explorer,2001,135,249
Jan-16,Excavation Searcher,2001,135,466
Jan-17,Aero Tube Hanger,2001,135,709
Jan-20,Vega,2001,135,5
Jan-21,Mizar,2001,135,5
Jan-22,Altair,2001,135,5
Jan-23,Guard,2001,135,5
Jan-24,City Advent Calendar 2005,2005,208,203
Jan-25,Cursed Cobra Statue,2011,437,213
Jan-26,Rise of the Sphinx,2011,437,515
Jan-27,Scorpion Pyramid,2011,437,795
Jan-30,Dora's Treasure Island,2004,628,22
733-1,Universal Building Set,1980,469,504
Jan-31,Diego's Rescue Truck,2004,628,11
Jan-32,Dora and Boots at Play Park,2004,628,31
Jan-33,Dora and Diego's Animal Adventure,2004,628,41
Jan-35,Foundation Set - Blue Bucket,2006,34,468
Jan-36,Foundation Set - Red Bucket,2006,34,427
Jan-37,Foundation Set - Green Bucket,2006,505,50
Jan-38,Pleasant Zoo,2006,505,116
Jan-39,Friendly Animal Bus,2006,505,100
Jan-44,Dump Truck,2005,56,191
Jan-45,Transport Chopper,2012,672,383
Jan-46,Seaside House,2012,672,415
Jan-47,Highway Pickup,2012,672,805
Jan-48,Figure Set (Female),2004,504,1
Jan-49,Skater Boy,2004,650,2
Feb-49,Worker,2004,650,2
Mar-49,Police Officer,2004,650,2
735-1,Basic Building Set,1990,467,538
Jan-77,Biodium Watch,2002,501,0
Jan-81,Belville Pink Watch,2002,501,0
Jan-82,Bionicle Watch,2002,501,0
Jan-84,Create 'N' Race Watch,2002,501,0
Jan-85,Soccer Watch,2002,501,0
Jan-86,Life On Mars Watch,2002,501,0
Jan-87,Belville Boutique Watch,2002,501,40
Jan-96,Creator Clock,2002,501,9
Jan-98,Belville Fairy Castle Clock,2002,501,33
Jan-00,Life on Mars Clock,2001,501,43
740-1,Basic Building Set,1985,467,530
740-2,12V Transformer for 220V Pack,1969,234,1
Jan-09,Secret of the Tomb,2003,300,42
Jan-10,Jungle River,2003,300,66
741-1,12V New Transformer for 220V Pack,1974,234,1
Jan-11,Tygurah's Roar,2003,300,97
Jan-12,Yeti's Hideout,2003,300,117
Jan-13,Passage of Jun-Chi,2003,300,104
Jan-14,Elephant Caravan,2003,300,109
Jan-15,Aero Nomad,2003,300,124
Jan-16,Emperor's Ship,2003,300,181
Jan-17,Temple of Mount Everest,2003,300,310
Jan-18,Scorpion Palace,2003,300,380
Feb-18,Scorpion Palace and Foam Scimitar,2003,300,1
Jan-19,Dragon Fortress,2003,300,781
74191980-1,Legend of Chima: Wolves and Crocodiles,2013,497,6
74198019-1,Legend of Chima: Lions and Eagles,2013,497,6
Jan-20,Thunder Blazer,2003,300,69
742-1,12V New Transformer for 110V Pack,1970,234,1
Jan-22,Airplane,2003,300,33
Feb-22,Red Eagle,2003,300,33
Jan-23,Mountain Sleigh,2003,300,30
Feb-23,Mountain Sleigh (Kabaya Promotional),2003,300,30
Jan-24,Black Cruiser,2003,300,28
Feb-24,Small Car,2003,300,28
Jan-35,Tiny's Day and Night Lever,2003,661,13
Jan-36,Sporty's Jumping Gym,2003,661,11
Jan-37,Gardening with Stripy,2003,661,24
Jan-39,Stretchy's Junk Yard,2003,661,39
744-1,Universal Building Set,1980,469,540
Jan-41,Tiny & Friends,2003,661,58
Jan-42,Tiny's Lift Cart,2004,661,2
Jan-43,Stretchy's Junk Cart,2004,661,2
Jan-44,Sporty's Gym Cart,2004,661,1
Jan-45,Stripy's Flower Cart,2004,661,2
Jan-46,Tiny,2003,661,0
Jan-49,Sporty,2003,661,0
Jan-50,Stretchy,2003,661,2
745-1,"Baseplate, Green",1978,473,1
Jan-52,Lime/Black Racer,2007,112,34
Jan-53,Yellow/Black Racer,2007,112,28
Jan-55,Tiny Plush,2003,501,0
Jan-56,Messy Plush,2003,501,0
Jan-57,Scary Plush,2003,501,0
Jan-58,Stripy Plush,2003,501,0
Jan-59,Tiny Plush Mini,2003,501,0
Jan-60,Messy Plush Mini,2003,501,0
746-1,"Baseplates, Green and Yellow",1978,473,2
Jan-61,Scary Plush Mini,2003,501,0
Jan-62,Stripy Plush Mini,2003,501,0
Jan-67,International Space Station,2003,387,164
Jan-68,Saturn V Moon Mission,2003,387,179
Jan-69,Mission to Mars,2003,387,418
Jan-70,Space Shuttle Discovery,2003,387,827
747-1,"Baseplates, Red and Blue",1978,473,2
Jan-71,Mars Exploration Rover,2003,387,865
Jan-73,Street Sprinter vs. Mutant Lizard,2005,385,42
Jan-74,Urban Avenger vs. Raptor,2005,385,87
Jan-75,Fire Hammer vs. Mutant Lizards,2005,385,259
Jan-76,Iron Predator vs. T-Rex,2005,385,279
Jan-77,T-1 Typhoon vs. T-Rex,2005,385,608
Jan-93,Sporty with Barbell,2004,661,6
Jan-95,Sporty's Skate Park,2004,661,12
Jan-96,Stretchy at Work,2004,661,12
Jan-98,Police Station,2011,61,786
Jan-99,Flexible Rails,2011,66,24
75000-1,Clone Troopers vs. Droidekas,2013,158,124
75001-1,Republic Troopers vs. Sith Troopers,2013,158,63
75002-1,AT-RT,2013,158,222
75003-1,A-wing Starfighter,2013,158,177
75004-1,Z-95 Headhunter,2013,158,373
75005-1,Rancor Pit,2013,158,381
75006-1,Jedi Starfighter & Planet Kamino,2013,158,61
75007-1,Republic Assault Ship & Planet Coruscant,2013,158,74
75008-1,TIE Bomber & Asteroid Field,2013,158,60
75009-1,Snowspeeder & Planet Hoth,2013,158,69
750-1,8 Straight 12V Conducting Rails,1969,234,8
75010-1,B-wing Starfighter & Planet Endor,2013,158,83
Jan-01,Bangle Minis,2003,500,32
75011-1,Tantive IV & Planet Alderaan,2013,158,102
75012-1,BARC Speeder with Sidecar,2013,158,226
75013-1,Umbaran MHC (Mobile Heavy Cannon),2013,158,493
75014-1,Battle Of Hoth,2013,158,421
75015-1,Corporate Alliance Tank Droid,2013,158,271
75016-1,Homing Spider Droid,2013,158,295
75017-1,Duel on Geonosis,2013,158,391
75018-1,JEK-14's Stealth Starfighter,2013,158,550
75019-1,AT-TE,2013,158,794
75020-1,Jabba鈥檚 Sail Barge,2013,158,850
Jan-02,Photo Minis,2003,500,30
75021-1,Republic Gunship,2013,158,1175
75022-1,Mandalorian Speeder,2013,158,211
75023-1,Star Wars Advent Calendar 2013,2013,209,254
75024-1,HH-87 Starhopper,2014,158,362
75025-1,Jedi Defender-class Cruiser,2013,158,927
75028-1,Clone Turbo Tank,2014,158,96
75029-1,AAT,2014,158,95
75030-1,Millennium Falcon,2014,158,94
Jan-03,Memo Minis,2003,500,24
75031-1,TIE Interceptor,2014,158,92
75032-1,X-Wing Fighter,2014,158,97
75033-1,Star Destroyer,2014,158,97
75034-1,Death Star Troopers,2014,158,100
75035-1,Kashyyyk Troopers,2014,158,99
75036-1,Utapau Troopers,2014,158,83
75037-1,Battle on Saleucami,2014,158,178
75038-1,Jedi Interceptor,2014,158,223
75039-1,V-Wing Starfighter,2014,158,201
75040-1,General Grievous' Wheel Bike,2014,158,261
Jan-04,Friendship Frame / Mirror,2004,500,15
75041-1,Vulture Droid,2014,158,205
75042-1,Droid Gunship,2014,158,439
75043-1,AT-AP,2014,158,717
75044-1,Droid Tri-Fighter,2014,158,262
75045-1,Republic AV-7 Anti-Vehicle Cannon,2014,158,434
75046-1,Coruscant Police Gunship,2014,158,481
75048-1,The Phantom,2014,158,234
75049-1,Snowspeeder,2014,158,279
75050-1,B-Wing,2014,158,448
Jan-05,Flowered Hair Bands,2004,500,16
75051-1,Jedi Scout Fighter,2014,158,490
75052-1,Mos Eisley Cantina,2014,158,616
75053-1,The Ghost,2014,158,929
75054-1,AT-AT,2014,158,1138
75055-1,Imperial Star Destroyer,2014,158,1359
75056-1,Star Wars Advent Calendar 2014,2014,209,275
75058-1,MTT,2014,158,954
75059-1,Sandcrawler,2014,171,3296
75060-1,Slave I,2015,171,1996
Jan-06,Starry Bangles and Rings,2004,500,9
Jan-07,Jewels-n-Rings,2003,500,80
75072-1,ARC-170 Starfighter,2015,158,95
75073-1,Vulture Droid,2015,158,77
75074-1,Snowspeeder,2015,158,97
75075-1,AT-AT,2015,158,88
75076-1,Republic Gunship,2015,158,105
75077-1,Homing Spider Droid,2015,158,102
75078-1,Imperial Troop Transport,2015,158,141
75079-1,Shadow Troopers,2015,158,95
75080-1,AAT,2015,158,251
Jan-08,Jewels-n-Bands,2003,500,80
75081-1,T-16 Skyhopper,2015,158,247
75082-1,TIE Advanced Prototype,2015,158,355
75083-1,AT-DP,2015,158,500
75084-1,Wookiee Gunship,2015,158,570
75085-1,Hailfire Droid,2015,158,163
75086-1,Battle Droid Troop Carrier,2015,158,565
75087-1,Anakin's Custom Jedi Starfighter,2015,158,370
75088-1,Senate Commando Troopers,2015,158,106
75089-1,Geonosis Troopers,2015,158,105
75090-1,Ezra's Speeder Bike [Redesigned Version],2015,158,267
75090-2,Ezra's Speeder Bike [Original Version],2015,158,253
Jan-09,Jewels-n-Clips,2003,500,72
75091-1,Flash Speeder,2015,158,312
75092-1,Naboo Starfighter,2015,158,442
75093-1,Death Star Final Duel,2015,158,724
75094-1,Imperial Shuttle Tydirium,2015,158,937
75095-1,TIE Fighter,2015,171,1685
75096-1,Sith Infiltrator,2015,158,662
75097-1,Star Wars Advent Calendar 2015,2015,209,291
75098-1,Assault on Hoth,2016,171,2144
75099-1,Rey's Speeder,2015,158,193
75100-1,First Order Snowspeeder,2015,158,444
Jan-10,Trendy Tote Hot Pink,2003,500,89
75101-1,First Order Special Forces TIE Fighter,2015,158,533
75102-1,Poe's X-Wing Fighter,2015,158,716
75103-1,First Order Transporter,2015,158,792
75104-1,Kylo Ren's Command Shuttle,2015,158,1005
75105-1,Millennium Falcon,2015,158,1330
75106-1,Imperial Assault Carrier,2015,158,1217
75107-1,Jango Fett,2015,158,85
75108-1,Clone Commander Cody,2015,158,82
75109-1,Obi-Wan Kenobi,2015,158,83
751-1,8 Curved 12V Conducting Rails,1969,234,8
75110-1,Luke Skywalker,2015,158,83
Jan-11,Trendy Tote Tangerine,2003,500,94
75111-1,Darth Vader,2015,158,160
75112-1,General Grievous,2015,158,186
75113-1,Rey,2016,158,84
75114-1,First Order Stormtrooper,2016,158,81
75115-1,Poe Dameron,2016,158,102
75116-1,Finn,2016,158,98
75117-1,Kylo Ren,2016,158,86
75118-1,Captain Phasma,2016,158,82
75119-1,Sergeant Jyn Erso,2016,158,104
75120-1,K-2SO,2016,158,169
Jan-12,Trendy Tote Sky Blue,2003,500,94
75121-1,Imperial Death Trooper,2016,158,106
75125-1,Resistance X-Wing Fighter,2016,158,87
75126-1,First Order Snowspeeder,2016,158,91
75127-1,The Ghost,2016,158,104
75128-1,TIE Advanced Prototype,2016,158,93
75129-1,Wookiee Gunship,2016,158,84
75130-1,AT-DP,2016,158,76
Jan-13,Ultimate Design Studio,2003,500,285
75131-1,Resistance Trooper Battle Pack,2016,158,112
75132-1,First Order Battle Pack,2016,158,88
75133-1,Rebel Alliance Battle Pack,2016,158,101
75134-1,Galactic Empire Battle Pack,2016,158,109
75135-1,Obi-Wan's Jedi Interceptor,2016,158,215
75136-1,Droid Escape Pod,2016,158,197
75137-1,Carbon-Freezing Chamber,2016,158,231
75138-1,Hoth Attack,2016,158,233
75139-1,Battle on Takodana,2016,158,405
75140-1,Resistance Troop Transporter,2016,158,646
Jan-14,Sweet Dreamy Jewels,2004,500,48
75141-1,Kanan's Speeder Bike,2016,158,234
75142-1,Homing Spider Droid,2016,158,310
75144-1,Snowspeeder,2017,171,1703
75145-1,Eclipse Fighter,2016,158,363
75146-1,Star Wars Advent Calendar 2016,2016,209,282
75147-1,StarScavenger,2016,158,558
75148-1,Encounter on Jakku,2016,158,530
75149-1,Resistance X-Wing Fighter,2016,158,742
75150-1,Vader鈥檚 TIE Advanced vs. A-Wing Starfighter,2016,158,702
Jan-15,Striped Sunny Jewels,2004,500,48
75151-1,Clone Turbo Tank,2016,158,903
75152-1,Imperial Assault Hovertank,2016,158,385
75153-1,AT-ST Walker,2016,158,449
75154-1,TIE Striker,2016,158,543
75155-1,Rebel U-Wing Fighter,2016,158,659
75156-1,Krennic鈥檚 Imperial Shuttle,2016,158,863
75157-1,Captain Rex鈥檚 AT-TE,2016,158,972
75158-1,Rebel Combat Frigate,2016,158,936
75159-1,Death Star,2016,171,4024
75160-1,U-Wing Microfighter,2017,158,108
Jan-16,Cool Starry Jewels,2004,500,52
75161-1,TIE Striker Microfighter,2017,158,87
75162-1,Y-Wing Microfighter,2017,158,90
75163-1,Krennic's Imperial Shuttle Microfighter,2017,158,77
75164-1,Rebel Trooper Battle Pack,2017,158,120
75165-1,Imperial Trooper Battle Pack,2017,158,111
75166-1,First Order Transport Speeder Battle Pack,2017,158,117
75167-1,Bounty Hunter Speeder Bike Battle Pack,2017,158,125
75168-1,Yoda's Jedi Starfighter,2017,158,262
75169-1,Duel on Naboo,2017,158,208
75170-1,The Phantom,2017,158,269
Jan-17,Cool Room Decor,2003,500,133
75171-1,Battle on Scarif,2017,158,419
75172-1,Y-Wing Starfighter,2017,158,691
75173-1,Luke's Landspeeder,2017,158,149
75174-1,Desert Skiff Escape,2017,158,284
75175-1,A-Wing Starfighter,2017,158,358
75176-1,Resistance Transport Pod,2017,158,294
75177-1,First Order Heavy Scout Walker,2017,158,554
75178-1,Jakku Quadjumper,2017,158,457
75179-1,Kylo Ren's TIE Fighter,2017,158,630
75180-1,Rathtar Escape,2017,158,836
Jan-18,Cool Room Catchers,2003,500,113
75181-1,Y-Wing Starfighter,2018,171,1967
75182-1,Republic Fighter Tank,2017,158,305
75183-1,Darth Vader Transformation,2017,158,290
75184-1,Star Wars Advent Calendar 2017,2017,209,309
75185-1,Tracker I,2017,158,557
75186-1,The Arrowhead,2017,158,774
75187-1,BB-8,2017,158,1106
75188-1,Resistance Bomber,2017,158,780
75188-2,Resistance Bomber (Finch Dallow version),2018,158,780
75189-1,First Order Heavy Assault Walker,2017,158,1376
75190-1,First Order Star Destroyer,2017,158,1416
Jan-19,Cool Room Frames,2003,500,131
75191-1,Jedi Starfighter with Hyperdrive,2017,158,832
75192-1,Millennium Falcon,2017,171,7541
75193-1,Millennium Falcon Microfighter,2018,158,92
75194-1,First Order TIE Fighter Microfighter,2018,158,91
75195-1,Ski Speeder vs First Order Walker Microfighters,2018,158,216
75196-1,A-Wing vs. TIE Silencer Microfighters,2018,158,188
75197-1,First Order Specialists Battle Pack,2018,158,108
75198-1,Tatooine Battle Pack,2018,158,97
75199-1,General Grievous' Combat Speeder,2018,158,157
75200-1,Ahch-To Island Training,2018,158,241
Jan-20,Pillow Decor 'n More,2003,500,104
75201-1,First Order AT-ST,2018,158,370
75202-1,Defense of Crait,2018,158,746
75203-1,Hoth Medical Chamber,2018,158,255
75204-1,Sandspeeder,2018,158,278
75205-1,Mos Eisley Cantina,2018,158,376
75206-1,Jedi and Clone Troopers Battle Pack,2018,158,102
75207-1,Imperial Patrol Battle Pack,2018,158,99
75208-1,Yoda's Hut,2018,158,229
75209-1,Han Solo's Landspeeder,2018,158,345
75210-1,Moloch's Landspeeder,2018,158,464
Jan-21,Pretty Punch Activity Set,2003,500,31
75211-1,Imperial TIE Fighter,2018,158,519
75212-1,Kessel Run Millennium Falcon,2018,158,1414
75213-1,Star Wars Advent Calendar 2018,2018,209,307
75214-1,Anakin's Jedi Starfighter,2018,158,247
75215-1,Cloud-Rider Swoop Bikes,2018,158,355
75216-1,Snoke's Throne Room,2018,158,492
75217-1,Imperial Conveyex Transport,2018,158,622
75218-1,X-Wing Starfighter,2018,158,730
75219-1,Imperial AT-Hauler,2018,158,829
75220-1,Sandcrawler,2018,158,1239
Jan-22,Let's Party,2003,500,0
75221-1,Imperial Landing Craft,2018,158,636
75222-1,Betrayal at Cloud City,2018,158,2812
75223-1,Naboo Starfighter Microfighter,2019,158,62
75224-1,Sith Infiltrator Microfighter,2019,158,92
75225-1,Elite Praetorian Guard Battle Pack,2019,158,109
75226-1,Inferno Squad Battle Pack,2019,158,118
75227-1,Darth Vader Bust,2019,158,327
75228-1,Escape Pod vs. Dewback Microfighters,2019,158,177
75229-1,Death Star Escape,2019,158,329
75230-1,Porg,2018,158,811
Jan-23,Hip Hair Set,2005,500,16
75232-1,Kylo Ren & Sith Trooper,2019,610,240
75233-1,Droid Gunship,2019,158,389
75234-1,AT-AP Walker,2019,158,689
75235-1,X-Wing Starfighter Trench Run,2019,158,132
75236-1,Duel on Starkiller Base,2019,158,191
75237-1,TIE Fighter Attack,2019,158,77
75238-1,Action Battle Endor Assault,2019,158,193
75239-1,Action Battle Hoth Generator Attack,2019,158,235
75240-1,Major Vonreg鈥檚 TIE Fighter,2019,158,496
Jan-24,Glamour Girl Purse,2004,500,18
75241-1,Action Battle Echo Base Defense,2019,158,504
75242-1,Black Ace TIE Interceptor,2019,158,396
75243-1,Slave I - 20th Anniversary Edition,2019,158,1007
752437B-1,Minifigure Display Case Large Blue,2011,501,19
752437Bk-1,Minifigure Display Case Large Black,2011,501,19
752437R-1,Minifigure Display Case Large Red,2011,501,19
752437W-1,Minifigure Display Case Large Whit锘匡豢e,2011,501,19
752437Y-1,Minifigure Display Case Large Yellow,2011,501,19
75244-1,Tantive IV,2019,158,1772
75245-1,Star Wars Advent Calendar 2019,2019,209,280
75246-1,Death Star Cannon,2019,158,159
75247-1,Rebel A-Wing Starfighter,2019,158,62
75248-1,Resistance A-Wing Starfighter,2019,158,269
75249-1,Resistance Y-Wing Starfighter,2019,158,578
75250-1,Pasaana Speeder Chase,2019,158,373
Jan-25,Sunshine Picture Stand,2004,500,24
75251-1,Darth Vader's Castle,2018,158,1060
75252-1,Imperial Star Destroyer,2019,171,4784
75253-1,Droid Commander,2019,158,1177
75254-1,AT-ST Raider,2019,158,540
75255-1,Yoda,2019,158,1771
75256-1,Kylo Ren's Shuttle,2019,158,1005
75257-1,Millennium Falcon,2019,158,1351
75258-1,Anakin's Podracer - 20th Anniversary Edition,2019,158,279
75259-1,Snowspeeder - 20th Anniversary Edition,2019,158,309
Jan-26,My Starry Notes,2004,500,27
75261-1,Clone Scout Walker - 20th Anniversary Edition,2019,158,250
75262-1,Imperial Dropship - 20th Anniversary Edition,2019,158,125
75263-1,Resistance Y-wing Microfighter,2020,158,86
75264-1,Kylo Ren's Shuttle Microfighter,2020,158,72
75265-1,T-16 Skyhopper vs. Bantha Microfighters,2020,158,198
75266-1,Sith Troopers Battle Pack,2020,158,105
75267-1,Mandalorian Battle Pack,2020,158,107
75268-1,Snowspeeder,2020,158,91
75269-1,Duel on Mustafar,2020,158,208
75270-1,Obi-Wan's Hut,2020,158,200
Jan-27,Pretty in Pink Beauty Set,2005,500,136
75271-1,Luke Skywalker's Landspeeder,2020,158,236
75272-1,Sith TIE Fighter,2020,158,470
75273-1,Poe Dameron's X-wing Fighter,2020,158,761
75274-1,TIE Fighter Pilot,2020,158,724
75275-1,A-Wing Starfighter,2020,171,1672
75276-1,Stormtrooper,2020,158,647
75277-1,Boba Fett,2020,158,625
75278-1,D-O,2020,158,519
75279-1,Star Wars Advent Calendar 2020,2020,209,311
75280-1,501st Legion Clone Troopers,2020,158,285
Jan-28,Designer Desk Set,2004,500,71
75281-1,Anakin鈥檚 Jedi Interceptor,2020,158,248
75283-1,Armored Assault Tank (AAT),2020,158,286
75284-1,Knights of Ren Transport Ship,2020,158,595
75286-1,General Grievous鈥檚 Starfighter,2020,158,487
75288-1,AT-AT,2020,158,1267
75290-1,Mos Eisley Cantina,2020,158,3187
Jan-29,Stylin' Stationery Set,2004,500,75
75291-1,Death Star Final Duel,2020,158,775
75292-1,The Razor Crest,2020,158,1023
75293-1,Resistance I-TS Transport,2020,158,932
75294-1,Bespin Duel,2020,158,295
75295-1,Millennium Falcon Microfighter,2021,158,101
75296-1,Darth Vader Meditation Chamber,2021,158,663
75297-1,Resistance X-Wing,2021,158,60
75298-1,AT-AT vs. Tauntaun Microfighters,2021,158,205
75299-1,Trouble on Tatooine,2021,158,276
75300-1,Imperial TIE Fighter,2021,158,432
Jan-30,Starry Decoration Set,2004,500,72
75301-1,Luke Skywalker's X-Wing Fighter,2021,158,474
75302-1,Imperial Shuttle,2021,158,660
75304-1,Darth Vader,2021,158,834
75305-1,Scout Trooper,2021,158,471
75306-1,Imperial Probe Droid,2021,158,693
75307-1,Star Wars Advent Calendar 2021,2021,209,336
75308-1,R2-D2,2021,158,2314
75309-1,Republic Gunship,2021,171,3292
753-1,Automatic Right Electric Switch,1969,234,6
75310-1,Duel on Mandalore,2021,158,147
Jan-31,The Ultimate Jewelry Collection,2004,500,152
75311-1,Imperial Armored Marauder,2021,158,478
75312-1,Boba Fett鈥檚 Starship,2021,158,600
75313-1,AT-AT,2021,171,6785
75314-1,The Bad Batch Attack Shuttle,2021,158,970
75315-1,Imperial Light Cruiser,2021,158,1336
75316-1,Mandalorian Starfighter,2021,158,544
75317-1,The Mandalorian & The Child,2020,610,295
75318-1,The Child,2020,158,1073
75319-1,The Armorer's Mandalorian Forge,2021,158,258
75320-1,Snowtrooper Battle Pack,2022,158,105
Jan-32,My Special Storage Space,2004,500,190
75321-1,The Razor Crest Microfighter,2022,158,98
75322-1,Hoth AT-ST,2022,158,586
75323-1,The Justifier,2022,158,1023
75324-1,Dark Trooper Attack,2022,158,166
75325-1,The Mandalorian's N-1 Starfighter,2022,158,412
75326-1,Boba Fett's Throne Room,2022,158,732
75327-1,Luke Skywalker (Red Five) Helmet,2022,158,675
75328-1,The Mandalorian Helmet,2022,158,584
75329-1,Death Star Trench Run Diorama,2022,158,665
75330-1,Dagobah Jedi Training Diorama,2022,158,1000
Jan-33,Pretty in Pink Jewels-n-More,2005,500,67
75332-1,AT-ST,2022,158,87
75333-1,Obi-Wan Kenobi鈥檚 Jedi Starfighter,2022,158,282
75334-1,Obi-Wan Kenobi vs. Darth Vader,2022,158,408
75335-1,BD-1,2022,158,1061
75336-1,Inquisitor Transport Scythe,2022,158,924
75337-1,AT-TE Walker,2022,158,1089
75338-1,Ambush on Ferrix,2022,158,679
75339-1,Death Star Trash Compactor Diorama,2022,158,802
75340-1,Star Wars Advent Calender 2022,2022,209,329
Jan-34,Stylin' Citrus Jewels-n-More,2005,500,67
75341-1,Luke Skywalker's Landspeeder,2022,171,1890
75342-1,Republic Fighter Tank,2022,158,262
75343-1,Dark Trooper Helmet,2022,158,693
Jan-35,Groovy Grape Jewels-n-More,2005,500,67
Jan-36,Modern Magnetic Room Decor Set,2005,500,72
Jan-37,Cool Carry-All Set,2005,500,72
Jan-38,Totally Clikits Fashion Bag and Accessories,2005,500,126
Jan-40,Friends 4-Ever Jewels & More,2005,500,66
754-1,Automatic Left Electric Switch,1969,234,6
Jan-41,Friendship Frames and Notes,2005,500,70
Jan-42,Flashin' Fashion Frame,2005,500,50
Jan-45,Pink & Pearls Jewels 'n' More,2006,500,68
Jan-46,Tropical Breeze Jewels 'n' More,2006,500,73
Jan-48,Fun Flamingo Frames 'n' More,2006,500,79
Jan-49,Totally Tropical Decor Set,2006,500,132
755-1,Left and Right Switches,1974,234,12
75512-1,Millennium Falcon Cockpit,2018,158,203
75522-1,Mini Droid Commander,2019,158,62
75523-1,Scarif Stormtrooper,2017,158,89
75524-1,Chirrut 脦mwe,2017,158,87
75525-1,Baze Malbus,2017,158,148
75526-1,Elite TIE Fighter Pilot,2017,158,94
75528-1,Rey,2017,158,83
75529-1,Elite Praetorian Guard,2017,158,92
75530-1,Chewbacca,2017,158,179
Jan-53,City Advent Calendar 2011,2011,208,231
75531-1,Stormtrooper Commander,2017,158,100
75532-1,Scout Trooper & Speeder Bike,2017,158,452
75533-1,Boba Fett,2018,158,144
75534-1,Darth Vader,2018,158,168
75535-1,Han Solo,2018,158,100
75536-1,Range Trooper,2018,158,101
75537-1,Darth Maul,2018,158,104
Jan-54,Pearly Pink Bracelet & Bands,2006,500,63
75546-1,Minions in Gru鈥檚 Lab,2021,689,87
75547-1,Minion Pilot in Training,2021,689,119
75549-1,Unstoppable Bike Chase,2020,689,136
75550-1,Minions Kung Fu Battle,2021,689,310
Jan-55,Glitter and Sparkle Beauty Set,2006,500,54
75551-1,Brick-Built Minions and Their Lair,2020,689,876
Jan-57,Blooms & Butterflies,2005,500,14
75571-1,Neytiri & Thanator vs. AMP Suit Quaritch,2022,724,0
75572-1,Jake & Neytiri鈥檚 First Banshee Flight,2022,724,0
75573-1,Floating Mountains: Site 26 & RDA Samson,2022,724,0
75574-1,Toruk Makto & Tree of Souls,2022,724,0
Jan-58,Shells & Starfish,2005,500,14
Jan-59,Sports & Stars,2005,500,14
756-1,Electric Crossing,1974,234,5
Jan-66,Farmer,2010,57,16
Jan-67,Traveler,2010,63,21
Jan-69,Desert Attack,2010,271,57
Jan-70,The Ostrich Race,2010,271,169
757-1,Storage Tray,1987,443,1
Jan-71,The Fight for the Dagger,2010,271,258
Jan-72,Quest Against Time,2010,271,506
Jan-73,Battle of Alamut,2010,271,821
Jan-74,Clikits Advent Calendar 2005,2005,213,116
Jan-75,Clikits Advent Calendar 2004,2004,213,124
Jan-77,Winter Wonder Palace,2006,318,168
Jan-78,Ultimate Princesses,2006,318,164
Jan-79,Blossom Fairy,2006,318,52
Jan-80,The Skating Princess,2007,318,26
758-1,Storage Tray,1987,443,1
75810-1,The Upside Down,2019,680,2287
Jan-81,Winter Royal Stables,2007,318,92
Jan-82,Royal Summer Palace,2007,318,188
75821-1,Piggy Car Escape,2016,606,74
75822-1,Piggy Plane Attack,2016,606,168
75823-1,Bird Island Egg Heist,2016,606,281
75824-1,Pig City Teardown,2016,606,386
75825-1,Piggy Pirate Ship,2016,606,620
75826-1,King Pig鈥檚 Castle,2016,606,859
75827-1,Firehouse Headquarters,2016,607,4642
75828-1,Ecto-1 & 2,2016,607,556
Jan-83,Playful Puppy,2008,318,83
Jan-85,Horse Stable,2008,318,224
Jan-86,Sunshine Home,2008,318,456
75870-1,Chevrolet Corvette Z06,2016,601,176
Jan-87,Horse Jumping,2008,318,58
75871-1,Ford Mustang GT,2016,601,188
75872-1,Audi R18 e-tron quattro,2016,601,169
75873-1,Audi R8 LMS ultra,2016,601,178
75874-1,Chevrolet Camaro Drag Race,2016,601,448
75875-1,Ford F-150 Raptor & Ford Model A Hot Rod,2016,601,672
75876-1,Porsche 919 Hybrid and 917K Pit Lane,2016,601,743
75877-1,Mercedes-AMG GT3,2017,601,203
75878-1,Bugatti Chiron,2017,601,188
75879-1,Scuderia Ferrari SF16-H,2017,601,184
75880-1,McLaren 720S,2017,601,168
75881-1,2016 Ford GT & 1966 Ford GT40,2017,601,373
75882-1,Ferrari FXX K & Development Center,2017,601,500
75883-1,MERCEDES AMG PETRONAS Formula One Team,2017,601,963
75884-1,1968 Ford Mustang Fastback,2018,601,183
75885-1,Ford Fiesta M-Sport WRC,2018,601,210
75886-1,"Ferrari 488 GT3 ""Scuderia Corsa""",2018,601,186
75887-1,Porsche 919 Hybrid,2018,601,170
75888-1,Porsche 911 RSR and 911 Turbo 3.0,2018,601,398
75889-1,Ferrari Ultimate Garage,2018,601,856
75890-1,Ferrari F40 Competizione,2019,601,212
75891-1,Chevrolet Camaro ZL1 Race Car,2019,601,198
75892-1,McLaren Senna,2019,601,222
75893-1,2018 Dodge Challenger SRT Demon and 1970 Dodge Charger R/T,2019,601,485
75894-1,1967 Mini Cooper S Rally and 2018 MINI John Cooper Works Buggy,2019,601,496
75895-1,1974 Porsche 911 Turbo 3.0,2019,601,180
75899-1,LaFerrari,2015,601,167
75900-1,Mummy Museum Mystery,2015,603,110
Jan-90,Woody and Buzz to the Rescue,2010,275,92
75901-1,Mystery Plane Adventures,2015,603,128
75902-1,The Mystery Machine,2015,603,301
75903-1,Haunted Lighthouse,2015,603,437
75904-1,Mystery Mansion,2015,603,861
75908-1,458 Italia GT2,2015,601,156
75909-1,McLaren P1,2015,601,171
759-1,Storage Cabinet,1985,443,1
75910-1,Porsche 918 Spyder,2015,601,154
Jan-91,Construct-a-Zurg,2010,275,118
75911-1,McLaren Mercedes Pit Stop,2015,601,340
75912-1,Porsche 911 GT Finish Line,2015,601,573
75913-1,F14 T & Scuderia Ferrari Truck,2015,601,892
75915-1,Pteranodon Capture,2015,602,174
75916-1,Dilophosaurus Ambush,2015,602,248
75917-1,Raptor Rampage,2015,602,324
75918-1,T-Rex Tracker,2015,602,521
75919-1,Indominus rex Breakout,2015,602,1156
75920-1,Raptor Escape,2015,602,394
Jan-92,Construct-a-Buzz,2010,275,211
75926-1,Pteranodon Chase,2018,602,126
75927-1,Stygimoloch Breakout,2018,602,222
75928-1,Blue's Helicopter Pursuit,2018,602,397
75929-1,Carnotaurus Gyrosphere Escape,2018,602,577
75930-1,Indoraptor Rampage at Lockwood,2018,602,1019
Jan-93,Buzz's Star Command Spaceship,2010,275,257
75931-1,Dilophosaurus Outpost Attack,2018,602,289
75932-1,Jurassic Park Velociraptor Chase,2018,602,360
75933-1,T-Rex Transport,2018,602,609
75934-1,Dilophosaurus on the Loose,2019,602,168
75935-1,Baryonyx Face-Off: The Treasure Hunt,2019,602,434
75936-1,Jurassic Park: T. rex Rampage,2019,602,3120
75937-1,Triceratops Rampage,2019,602,447
75938-1,T. rex vs Dino-Mech Battle,2019,602,712
75939-1,Dr. Wu's Lab: Baby Dinosaurs Breakout,2020,602,164
75940-1,Gallimimus and Pteranodon Breakout,2020,602,392
Jan-94,Woody's Roundup!,2010,275,502
75941-1,Indominus rex vs. Ankylosaurus,2020,602,537
75942-1,Velociraptor: Biplane Rescue Mission鈥?2020,602,101,https://cdn.rebrickable.com/media/sets/75942-1.jpg
75945-1,Expecto Patronum,2019,246,121
75946-1,Hungarian Horntail Triwizard Challenge,2019,246,265
75947-1,Hagrid's Hut: Buckbeak's Rescue,2019,246,496
75948-1,Hogwarts Clock Tower,2019,246,926
75950-1,Aragog's Lair,2018,246,157
Jan-95,Army Men on Patrol,2010,275,90
75951-1,Grindelwald's Escape,2018,667,132
75952-1,Newt's Case of Magical Creatures,2018,667,694
75953-1,Hogwarts Whomping Willow,2018,246,730
75954-1,Hogwarts Great Hall,2018,246,882
75955-1,Hogwarts Express,2018,246,806
75956-1,Quidditch Match,2018,246,500
75957-1,The Knight Bus,2019,246,403
75958-1,Beauxbatons' Carriage: Arrival at Hogwarts,2019,246,431
Jan-96,Trash Compactor Escape,2010,275,373
75964-1,Harry Potter Advent Calendar 2019,2019,710,305
75965-1,The Rise of Voldemort,2019,246,186
75966-1,Hogwarts Room of Requirement,2020,246,194
75967-1,Forbidden Forest: Umbridge鈥檚 Encounter,2020,246,254
75968-1,4 Privet Drive,2020,246,797
75969-1,Hogwarts Astronomy Tower,2020,246,971
75970-1,Tracer vs. Widowmaker,2019,669,129
Jan-97,Western Train Chase,2010,275,585
75971-1,Hanzo vs. Genji,2019,669,198
75972-1,Dorado Showdown,2019,669,419
75973-1,D.Va & Reinhardt,2019,669,455
75974-1,Bastion,2019,669,602
75975-1,Watchpoint: Gibraltar,2019,669,730
75976-1,Wrecking Ball,2019,669,227
75977-1,Junkrat & Roadhog,2019,669,380
75978-1,Diagon Alley,2020,246,5548
75979-1,Hedwig,2020,246,630
75980-1,Attack on The Burrow,2020,246,1052
Jan-98,Pizza Planet Truck Rescue,2010,275,225
75981-1,Harry Potter Advent Calendar 2020,2020,710,335
75987-1,Omnic Bastion,2018,669,182
Jan-99,Garbage Truck Getaway,2010,275,402
75995-1,MERCEDES-AMG PETRONAS Team Gift 2017,2017,601,127
75996-1,Aquaman & Storm,2018,695,197
75997-1,Ant-Man & The Wasp,2018,696,218
76000-1,Arctic Batman vs. Mr. Freeze: Aquaman on Ice,2013,697,199
Jan-00,Belville Advent Calendar 2007,2007,210,218
76001-1,The Bat vs. Bane: Tumbler Chase,2013,697,368
76002-1,Superman: Metropolis Showdown,2013,701,119
76003-1,Superman: Battle of Smallville,2013,701,419
76004-1,Spider-Man: Spider-Cycle Chase,2013,706,238
76005-1,Spider-Man: Daily Bugle Showdown,2013,706,477
76006-1,Iron Man: Extremis Sea Port Battle,2013,705,196
76007-1,Iron Man: Malibu Mansion Attack,2013,705,365
76008-1,Iron Man vs. The Mandarin: Ultimate Showdown,2013,705,91
76009-1,Superman: Black Zero Escape,2013,701,169
760-1,Storage Cabinet,1985,443,5
76010-1,Batman: The Penguin Face off,2014,697,137
Jan-01,Go-Kart,2006,22,42
76011-1,Batman: Man-Bat Attack,2014,697,185
76012-1,Batman: The Riddler Chase,2014,697,305
76013-1,Batman: The Joker Steam Roller,2014,697,488
76014-1,Spider-Trike vs. Electro,2014,706,70
76015-1,Doc Ock Truck Heist,2014,706,238
76016-1,Spider-Helicopter Rescue,2014,706,300
76017-1,Captain America vs. Hydra,2014,702,173
76018-1,Hulk Lab Smash,2014,702,399
76019-1,Starblaster Showdown,2014,704,197
760-2,London Bus,1975,423,110
76020-1,Knowhere Escape Mission,2014,704,434
Jan-02,Jeep,2006,22,46
76021-1,The Milano Spaceship Rescue,2014,704,667
76022-1,X-Men vs. The Sentinel,2014,707,337
76023-1,The Tumbler,2014,698,1873
76025-1,Green Lantern vs. Sinestro,2015,700,176
76026-1,Gorilla Grodd Goes Bananas,2015,700,348
76027-1,Black Manta Deep Sea Strike,2015,700,389
76028-1,Darkseid Invasion,2015,700,547
76029-1,Iron Man vs. Ultron,2015,702,92
76030-1,Avengers Hydra Showdown,2015,702,221
Jan-03,Dump Truck,2006,22,33
76031-1,The Hulk Buster Smash,2015,702,249
76032-1,The Avengers Quinjet City Chase,2015,702,723
76034-1,Batboat Harbor Pursuit,2015,697,265
76035-1,Jokerland,2015,697,1038
76036-1,Carnage's SHIELD Sky Attack,2015,706,97
76037-1,Rhino and Sandman Super Villain Team-up,2015,706,387
76038-1,Attack on Avengers Tower,2015,702,516
76039-1,Ant-Man Final Battle,2015,696,196
76040-1,Brainiac Attack,2015,700,179
Jan-04,Triceratops,2006,22,34
76041-1,The Hydra Fortress Smash,2015,702,405
76042-1,The SHIELD Helicarrier,2015,702,2996
76044-1,Clash of the Heroes,2016,700,91
76045-1,Kryptonite Interception,2016,700,307
76046-1,Heroes of Justice: Sky High Battle,2016,700,518
76047-1,Black Panther Pursuit,2016,696,288
76048-1,Iron Skull Sub Attack,2016,702,335
76049-1,Avenjet Space Mission,2016,702,524
76050-1,Crossbones鈥?Hazard Heist,2016,696,180
Jan-05,Stegosaurus,2006,22,47
76051-1,Super Hero Airport Battle,2016,696,808
76052-1,Batman Classic TV Series - Batcave,2016,697,2526
76053-1,Batman: Gotham City Cycle Chase,2016,697,224
76054-1,Batman: Scarecrow Harvest of Fear,2016,697,564
76055-1,Batman: Killer Croc Sewer Smash,2016,697,760
76056-1,Batman: Rescue from Ra's al Ghul,2016,697,257
76057-1,Spider-Man: Web Warriors Ultimate Bridge Battle,2016,706,1093
76058-1,Spider-Man: Ghost Rider Team-up,2016,706,218
76059-1,Spider-Man: Doc Ock's Tentacle Trap,2016,706,447
76060-1,Doctor Strange's Sanctum Sanctorum,2016,696,359
Jan-06,Frog,2006,22,33
76061-1,Mighty Micros: Batman vs. Catwoman,2016,695,79
76062-1,Mighty Micros: Robin vs. Bane,2016,695,77
76063-1,Mighty Micros: The Flash vs. Captain Cold,2016,695,88
76064-1,Mighty Micros: Spider-Man vs. Green Goblin,2016,696,85
76065-1,Mighty Micros: Captain America vs. Red Skull,2016,696,95
76066-1,Mighty Micros: Hulk vs. Ultron,2016,696,80
76067-1,Tanker Truck Takedown,2016,696,330
76068-1,Mighty Micros: Superman vs. Bizarro,2017,695,93
76069-1,Mighty Micros: Batman vs. Killer Moth,2017,695,83
76070-1,Mighty Micros: Wonder Woman vs. Doomsday,2017,695,85
Jan-07,Butterfly,2006,22,29
76071-1,Mighty Micros: Spider-Man vs. Scorpion,2017,696,79
76072-1,Mighty Micros: Iron Man vs. Thanos,2017,696,94
76073-1,Mighty Micros: Wolverine vs. Magneto,2017,696,84
76075-1,Wonder Woman Warrior Battle,2017,695,286
76076-1,Captain America Jet Pursuit,2017,702,161
76077-1,Iron Man: Detroit Steel Strikes,2017,702,378
76078-1,Hulk vs. Red Hulk,2017,702,376
76079-1,Ravager Attack,2017,704,198
76080-1,Ayesha's Revenge,2017,704,324
Jan-08,Dolphin,2006,22,27
76081-1,The Milano vs. The Abilisk,2017,704,462
76082-1,ATM Heist Battle,2017,706,186
76083-1,Beware the Vulture,2017,706,376
76084-1,The Ultimate Battle for Asgard,2017,696,401
76085-1,Battle of Atlantis,2017,700,198
76086-1,Knightcrawler Tunnel Attack,2017,700,623
76087-1,Flying Fox: Batmobile Airlift Attack,2017,700,956
76088-1,Thor vs. Hulk: Arena Clash,2017,696,493
76089-1,Mighty Micros: Scarlet Spider vs. Sandman,2018,696,89
76090-1,Mighty Micros: Star-Lord vs. Nebula,2018,696,86
Jan-09,Helicopter,2006,22,28
76091-1,Mighty Micros: Thor vs. Loki,2018,696,79
76092-1,Mighty Micros: Batman vs. Harley Quinn,2018,695,86
76093-1,Mighty Micros: Nightwing vs. The Joker,2018,695,84
76094-1,Mighty Micros: Supergirl vs. Brainiac,2018,695,80
76095-1,Black Manta Strike,2018,695,235
76096-1,Superman & Krypto Team-Up,2018,700,208
76097-1,Lex Luthor Mech Takedown,2018,700,415
76098-1,Speed Force Freeze Pursuit,2018,700,280
76099-1,Rhino Face-Off by the Mine,2018,696,229
76100-1,Royal Talon Fighter Attack,2018,696,358
Jan-10,Speedboat,2006,22,18
76101-1,Outrider Dropship Attack,2018,702,124
76102-1,Thor's Weapon Quest,2018,702,229
76103-1,Corvus Glaive Thresher Attack,2018,702,416
76104-1,The Hulkbuster Smash-Up,2018,702,375
76105-1,The Hulkbuster: Ultron Edition,2018,702,1363
76107-1,Thanos: Ultimate Battle,2018,702,681
76108-1,Sanctum Sanctorum Showdown,2018,702,1011
76109-1,Quantum Realm Explorers,2018,696,200
76110-1,Batman: The Attack of the Talons,2018,697,165
Jan-11,Police Car,2008,112,35
76111-1,Batman: Brother Eye Takedown,2018,697,279
76112-1,App-Controlled Batmobile,2018,697,331
76113-1,Spider-Man Bike Rescue,2019,706,243
76114-1,Spider-Man's Spider Crawler,2019,706,426
76115-1,Spider Mech vs. Venom,2019,706,612
76116-1,Batman Batsub and the Underwater Clash,2019,697,183
76117-1,Batman Mech vs. Poison Ivy Mech,2019,697,394
76118-1,Mr. Freeze Batcycle Battle,2019,697,212
76119-1,Batmobile: Pursuit of The Joker,2019,697,352
76120-1,Batman Batwing and The Riddler Heist,2019,697,501
Jan-12,Muscle Car,2008,112,37
76122-1,Batcave Clayface Invasion,2019,697,1073
76123-1,Captain America: Outriders Attack,2019,702,176
76124-1,War Machine Buster,2019,702,362
76125-1,Iron Man Hall of Armour,2019,702,524
76126-1,Avengers Ultimate Quinjet,2019,702,838
76127-1,Captain Marvel and The Skrull Attack,2019,696,307
76128-1,Molten Man Battle,2019,706,302
76129-1,Hydro-Man Attack,2019,706,479
76130-1,Stark Jet and the Drone Attack,2019,706,504
Jan-13,Track Racer,2008,112,34
76131-1,Avengers Compound Battle,2019,702,704
76133-1,Spider-Man Car Chase,2019,706,52
76134-1,Spider-Man: Doc Ock Diamond Heist,2019,706,151
76137-1,Batman vs. The Riddler Robbery,2019,697,59
76138-1,Batman and The Joker Escape,2019,697,171
76139-1,1989 Batmobile,2019,698,3310
76140-1,Iron Man Mech,2020,702,148
Jan-14,Elephant Bucket,2009,505,51
76141-1,Thanos Mech,2020,702,152
76142-1,Avengers Speeder Bike Attack,2020,702,251
76143-1,Avengers Truck Take-down,2020,702,486
76144-1,Avengers Hulk Helicopter Rescue,2019,702,483
76145-1,Eternals鈥?Aerial Assault,2021,696,133
76146-1,Spider-Man Mech,2020,706,160
76147-1,Vulture's Trucker Robbery,2020,706,93
76148-1,Spider-Man vs. Doc Ock,2020,706,242
76149-1,The Menace of Mysterio,2020,706,163
76150-1,Spiderjet vs. Venom Mech,2020,706,383
Jan-15,Basic Blue Bucket,2009,35,479
76151-1,Venomosaurus Ambush,2020,706,648
76152-1,Avengers Wrath of Loki,2020,702,223
76153-1,Avengers Helicarrier,2020,702,1248
76154-1,Deviant Ambush!,2021,696,197
76155-1,In Arishem鈥檚 Shadow,2021,696,493
76156-1,Rise of the Domo,2021,696,1048
76157-1,Wonder Woman vs. Cheetah,2020,695,371
76158-1,Batboat The Penguin Pursuit!,2020,697,54
76159-1,Joker's Trike Chase,2020,697,440
76160-1,Mobile Bat Base,2020,697,743
Jan-16,Basic Red Bucket,2009,35,428
76161-1,1989 Batwing,2020,698,2363
76162-1,Black Widow's Helicopter Chase,2020,696,271
76163-1,Venom Crawler,2020,706,413
76164-1,Iron Man Hulkbuster versus A.I.M. Agent,2020,702,456
76165-1,Iron Man,2020,705,480
76166-1,Avengers Tower Battle,2020,702,718
76167-1,Iron Man Armory,2020,702,258
76168-1,Captain America Mech Armor,2021,702,121
76169-1,Thor Mech Armor,2021,702,139
76170-1,Iron Man vs. Thanos,2021,702,103
76171-1,Miles Morales Mech Armor,2021,706,129
76172-1,Spider-Man and Sandman Showdown,2021,706,45
76173-1,Spider-Man and Ghost Rider vs. Carnage,2021,706,221
76174-1,Spider-Man's Monster Truck vs. Mysterio,2021,706,452
76175-1,Attack on the Spider Lair,2021,706,482
76176-1,Escape From The Ten Rings,2021,696,321
76177-1,Battle at the Ancient Village,2021,696,406
76178-1,Daily Bugle,2021,706,3802
76179-1,Batman & Selina Kyle Motorcycle Pursuit,2021,697,149
76180-1,Batman vs. The Joker: Batmobile Chase,2021,697,136
Jan-18,Fun Zoo,2009,505,116
76181-1,Batmobile: The Penguin Chase,2021,697,402
76182-1,Batman Cowl,2021,697,410
76183-1,Batcave: The Riddler Face-off,2021,697,590
76184-1,Spider-Man vs. Mysterio鈥檚 Drone Attack,2021,706,73
76185-1,Spider-Man at the Sanctum Workshop,2021,706,371
76186-1,Black Panther Dragon Flyer,2021,702,202
76187-1,Venom,2021,696,565
76188-1,Batman Classic TV Series Batmobile,2021,697,345
76189-1,Captain America and Hydra Face-Off,2021,696,49
76190-1,Iron Man: Iron Monger Mayhem,2021,702,489
76191-1,Infinity Gauntlet,2021,696,590
76192-1,Avengers: Endgame Final Battle,2021,702,536
76193-1,The Guardians鈥?Ship,2021,702,1901
76194-1,Tony Stark鈥檚 Sakaarian Iron Man,2021,705,369
76195-1,Spider-Man鈥檚 Drone Duel,2021,706,206
76196-1,Marvel The Avengers Advent Calendar 2021,2021,207,325
76198-1,Spider-Man & Doctor Octopus Mech Battle,2021,706,312
76199-1,Carnage,2021,706,546
76200-1,Bro Thor's New Asgard,2021,696,265
Jan-20,Indiana Jones Motorcycle Chase,2008,264,79
76201-1,Captain Carter & The Hydra Stomper,2021,696,343
76202-1,Wolverine Mech Armor,2022,696,142
76203-1,Iron Man Mech Armor,2022,696,131
76204-1,Black Panther Mech Armor,2022,696,125
76205-1,Gargantos Showdown,2022,696,264
76206-1,Iron Man Figure,2022,696,381
76207-1,Attack on New Asgard,2022,696,159
76208-1,The Goat Boat,2022,696,564
76209-1,Thor's Hammer,2022,696,979
Jan-21,Indiana Jones and the Lost Tomb,2008,264,277
76211-1,Shuri's Sunbird,2022,696,0
76212-1,Shuri's Lab,2022,696,0
76213-1,King Namor's Throne Room,2022,696,0
76216-1,Iron Man Armoury,2022,696,509
76217-1,I Am Groot,2022,704,476
76218-1,Sanctum Sanctorum,2022,696,2713
76219-1,Spider-Man & Green Goblin Mech Battle,2022,706,296
76220-1,Batman versus Harley Quinn,2022,697,42
Jan-22,Race for the Stolen Treasure,2008,264,275
76223-1,Nano Gauntlet,2022,696,675
76225-1,Miles Morales,2022,706,242
76226-1,Spider-Man,2022,706,262
76230-1,Venom,2022,706,296
Jan-23,Temple Escape,2008,264,560
76231-1,The Guardians of the Galaxy Holiday Special Advent Calendar 2022,2022,207,271
76237-1,Sanctuary II: Endgame Battle,2021,702,331
76238-1,Classic TV Series Batman Cowl,2021,697,372
76239-1,Batmobile Tumbler: Scarecrow Showdown,2021,697,422
76240-1,Batmobile Tumbler,2021,698,2049
Jan-24,Jungle Duel,2008,264,91
Jan-25,River Chase,2008,264,234
Jan-26,Jungle Cutter,2008,264,516
Jan-27,Temple of the Crystal Skull,2008,264,930
Jan-28,Peril in Peru,2008,264,626
Jan-30,Front-End Loader,2009,56,108
Jan-31,Dump Truck,2009,56,189
Jan-32,Crawler Crane,2009,56,479
Jan-33,Construction Site,2009,56,898
Jan-34,Tractor,2009,57,78
Jan-35,4WD with Horse Trailer,2009,57,176
Jan-36,Combine Harvester,2009,57,365
Jan-37,Farm,2009,57,614
Jan-38,Tow Truck,2009,63,129
76382-1,Hogwarts Moment: Transfiguration Class,2021,246,241
76383-1,Hogwarts Moment: Potions Class,2021,246,271
76384-1,Hogwarts Moment: Herbology Class,2021,246,233
76385-1,Hogwarts Moment: Charms Class,2021,246,256
76386-1,Hogwarts: Polyjuice Potion Mistake,2021,246,215
76387-1,Hogwarts: Fluffy Encounter,2021,246,395
76388-1,Hogsmeade Village Visit,2021,246,847
76389-1,Hogwarts Chamber Of Secrets,2021,246,1172
76390-1,Harry Potter Advent Calendar 2021,2021,710,272
Jan-39,Camper,2009,63,165
76391-1,Hogwarts Icons Collectors鈥?Edition,2021,246,3011
76392-1,Hogwarts Wizard's Chess,2021,246,873
76393-1,Harry Potter & Hermione Granger,2021,246,1673
76394-1,"Fawkes, Dumbledore's Phoenix",2021,246,597
76395-1,Hogwarts: First Flying Lesson,2021,246,262
76396-1,Hogwarts Moment: Divination Class,2022,246,298
76397-1,Hogwarts Moment: Defence Against the Dark Arts Class,2022,246,257
76398-1,Hogwarts Hospital Wing,2022,246,508
76399-1,Hogwarts Magical Trunk,2022,246,602
76400-1,Hogwarts Carriage and Thestrals,2022,246,121
76401-1,Hogwarts Courtyard: Sirius鈥檚 Rescue,2022,246,343
76402-1,Hogwarts: Dumbledore鈥檚 Office,2022,246,651
76403-1,The Ministry of Magic,2022,246,990
76404-1,Harry Potter Advent Calendar 2022,2022,710,338
76405-1,Hogwarts Express - Collectors鈥?Edition,2022,246,5150
76406-1,Hungarian Horntail Dragon,2022,246,671
76407-1,The Shrieking Shack & Whomping Willow,2022,246,773
76408-1,12 Grimmauld Place,2022,246,1086
Jan-41,City Corner,2009,63,485
Jan-42,Garage,2009,63,958
Jan-43,Air Show Plane,2009,53,115
Jan-44,MX-81 Hypersonic Operations Aircraft,2008,137,795
Jan-45,MT-61 Crystal Reaper,2008,137,600
764521-1,Co-Pack,2008,52,0
Jan-46,ETX Alien Infiltrator,2008,137,333
Jan-47,MX-41 Switch Fighter,2008,137,235
Jan-48,MT-21 Mobile Mining Unit,2008,137,130
Jan-49,MT-201 Ultra-Drill Walker,2008,137,759
765145122658-1,Playful Bricks Jigsaw Puzzle,2021,501,0
765145122665-1,Fun in Space Jigsaw Puzzle,2021,501,0
765145122672-1,Colorful Minifigures Jigsaw Puzzle,2021,501,0
Jan-54,Droids Battle Pack,2007,158,102
Jan-55,Clone Troopers Battle Pack,2007,158,58
Jan-56,General Grievous Starfighter,2007,158,232
Jan-57,AT-ST,2007,158,243
Jan-58,Y-wing Fighter,2007,158,454
Jan-59,Imperial Landing Craft,2007,158,471
Jan-60,Naboo N-1 Starfighter and Vulture Droid,2007,158,280
Jan-61,Jedi Starfighter with Hyperdrive Booster Ring,2007,158,575
Jan-62,Trade Federation MTT,2007,158,1326
Jan-63,Sith Infiltrator,2007,158,310
Jan-64,TIE Crawler,2007,158,546
Jan-65,Republic Cruiser (Limited Edition - with R2-R7),2007,158,927
Jan-66,Hoth Rebel Base,2007,158,558
Jan-67,Imperial Dropship,2008,158,81
Jan-68,Rebel Scout Speeder,2008,158,82
Jan-69,Anakin's Jedi Starfighter,2008,158,145
Feb-69,Anakin's Jedi Starfighter Clone Wars White Box,2008,158,152
Jan-70,Hailfire Droid & Spider Droid,2008,158,249
Feb-70,Hailfire Droid & Spider Droid Clone Wars White Box,2008,158,249
Jan-71,AT-AP Walker,2008,158,392
Jan-72,Rogue Shadow,2008,158,482
Jan-73,Magna Guard Starfighter,2008,158,431
Jan-74,V-19 Torrent,2008,158,471
Jan-75,AT-TE Walker,2008,158,810
Jan-76,Republic Attack Gunship,2008,158,1039
Jan-78,Droid Gunship,2008,158,329
Jan-79,Republic Fighter Tank,2008,158,596
Jan-80,The Twilight - Limited Edition,2008,158,887
Jan-81,Separatist Spider Droid,2008,158,214
Jan-82,Shanghai Chase,2009,264,244
76830-1,Zyclops Chase,2022,608,87
Jan-83,Fight on the Flying Wing,2009,264,376
76831-1,Zurg Battle,2022,608,261
76832-1,XL-15 Spaceship,2022,608,497
Jan-84,Pig Farm & Tractor,2010,57,256
Jan-85,Dozer,2009,56,352
Jan-86,Helicopter Transporter,2009,63,382
Jan-87,City Advent Calendar 2009,2009,208,259
Jan-88,Sports Plane,2010,53,105
76895-1,Ferrari F8 Tributo,2020,601,278
76896-1,Nissan GT-R NISMO,2020,601,301
76897-1,1985 Audi Sport quattro S1,2020,601,253
76898-1,Formula E Panasonic Jaguar Racing GEN2 car & Jaguar I-PACE eTROPHY,2020,601,571
76899-1,Lamborghini Urus ST-X & Lamborghini Hurac谩n Super Trofeo EVO,2020,601,666
76900-1,Koenigsegg Jesko,2021,601,287
Jan-90,MB-01 Eagle Command Base,2007,137,763
76901-1,Toyota GR Supra,2021,601,306
76902-1,McLaren Elva,2021,601,270
76903-1,Chevrolet Corvette C8.R Race Car and 1968 Chevrolet Corvette,2021,601,519
76904-1,Mopar Dodge//SRT Top Fuel Dragster and 1970 Dodge Challenger T/A,2021,601,627
76905-1,Ford GT Heritage Edition and Bronco R,2021,601,674
76906-1,1970 Ferrari 512 M,2022,601,291
76907-1,Lotus Evija,2022,601,254
76908-1,Lamborghini Countach,2022,601,262
76909-1,Mercedes-AMG F1 W12 E Performance & Mercedes-AMG Project One,2022,601,571
76910-1,Aston Martin Valkyrie AMR Pro and Aston Martin Vantage GT3,2022,601,599
Jan-91,ETX Alien Mothership Assault,2007,137,433
76911-1,Aston Martin DB5,2022,601,298
76912-1,Fast & Furious 1970 Dodge Charger R/T,2022,601,345
Jan-92,MX-71 Recon Dropship,2007,137,435
Jan-93,ETX Alien Strike,2007,137,246
76939-1,Stygimoloch Dinosaur Escape,2021,602,129
76940-1,T. rex Dinosaur Fossil Exhibition,2021,602,198
Jan-94,MT-31 Trike,2007,137,95
76941-1,Carnotaurus Dinosaur Chase,2021,602,240
76942-1,Baryonyx Dinosaur Boat Escape,2021,602,309
76943-1,Pteranodon Chase,2022,602,94
76944-1,T. rex Dinosaur Breakout,2022,602,140
76945-1,Atrociraptor Dinosaur: Bike Chase,2022,602,169
76946-1,Blue & Beta Velociraptor Capture,2022,602,181
76947-1,Quetzalcoatlus Plane Ambush,2022,602,306
76948-1,T. rex & Atrociraptor Dinosaur Breakout,2022,602,466
76949-1,Giganotosaurus & Therizinosaurus Attack,2022,602,811
76950-1,Triceratops Pickup Truck Ambush,2022,602,210
Jan-95,MX-11 Astro Fighter,2007,137,57
76951-1,Pyroraptor & Dilophosaurus Transport,2022,602,254
76956-1,T. rex Breakout,2022,602,1212
Jan-96,Commuter Jet,2011,53,108
Jan-97,MT-51 Claw-Tank Ambush,2007,137,374
76989-1,Horizon Forbidden West: Tallneck,2022,721,1222
Jan-99,MT-101 Armored Drilling Unit,2007,137,635
Jan-00,Stealth Hunter,2006,389,164
770-1,Rescue Set,1976,420,143
Jan-01,Grand Titan,2006,389,196
Jan-02,Thunder Fury,2006,389,197
Jan-03,Fire Vulture,2006,389,177
Jan-04,Sonic Phantom,2006,389,216
Jan-05,Gate Assault,2006,389,402
Jan-06,Mobile Defense Tank,2006,389,365
Jan-07,Striking Venom,2006,389,646
Jan-08,Uplink,2006,389,69
Jan-09,Sentai Fortress,2006,389,1458
Jan-10,Push-Along Passenger Steam Train,1980,235,433
Jan-11,Sentry,2006,389,78
Jan-12,Supernova,2006,389,287
Jan-13,Bridge Walker vs. White Lightning,2006,389,657
Jan-14,Golden Guardian [Limited Gold Edition],2007,389,267
Jan-15,Push-Along Passenger Steam Train,1985,235,448
Jan-16,QUICK Good Guy White,2006,324,21
Jan-17,QUICK Bad Guy Green,2006,324,26
Jan-18,QUICK Bad Guy Yellow,2006,324,26
Jan-19,QUICK Good Guy Red,2006,324,21
Jan-20,"Diesel Freight Train Set, battery",1980,235,428
Jan-21,Combat Crawler X2,2007,389,581
Jan-22,Steam Cargo Train,1985,235,499
Jan-23,Police Pontoon Plane,2008,61,215
Jan-24,City Advent Calendar 2008,2008,208,197
Jan-25,Electric Passenger Train,1981,234,491
Jan-26,Coast Guard Truck with Speed Boat,2008,55,362
Jan-27,Freight Steam Train,1983,234,570
Jan-28,Jet Pack,2008,137,25
Jan-29,Alien Flyer,2008,137,19
Jan-30,Electric Goods Train,1980,234,520
Jan-31,Mail Van,2008,63,66
Jan-32,Air Mail,2008,63,88
Jan-33,Truck & Forklift,2008,54,343
Jan-34,Cargo Plane,2008,54,463
Jan-35,Freight Train,1985,234,518
Jan-36,Coast Guard Quad Bike,2008,55,33
Jan-37,Coast Guard 4WD & Jet Scooter,2008,55,131
Jan-38,Coast Guard Helicopter and Life Raft,2008,55,448
Jan-39,Coast Guard Patrol Boat and Tower,2008,55,446
Jan-40,Inter-City Passenger Train,1980,234,786
Jan-41,Police Helicopter,2008,61,94
Jan-43,Police Command Center,2008,61,524
Jan-44,Police Headquarters,2008,61,958
Jan-45,High-Speed City Express Passenger Train,1985,234,737
Jan-46,Single-Drum Roller,2009,56,208
Jan-47,Wind Turbine Transport,2009,63,444
Jan-48,Corporate Alliance Tank Droid,2009,158,216
Jan-49,Echo Base,2009,158,155
Jan-50,Steam Engine,1980,234,268
775-1,Fire Fighter Ship,1978,363,142
Jan-51,Ahsoka's Starfighter and Vulture Droid,2009,158,291
Jan-52,Count Dooku's Solar Sailer,2009,158,385
Jan-53,Pirate Tank,2009,158,372
Jan-54,Home One Mon Calamari Star Cruiser - Limited Edition,2009,158,789
Jan-55,Diesel Heavy Shunting Locomotive,1983,234,164
Jan-60,Diesel Shunter Locomotive,1980,234,155
Jan-70,Deep Sea Treasure Hunter,2007,310,79
Jan-71,Angler Ambush,2007,310,135
Jan-72,Lobster Strike,2007,310,224
Jan-73,Tiger Shark Attack,2007,310,339
Jan-74,Crab Crusher,2007,310,599
Jan-75,Aquabase Invasion,2007,310,854
Jan-76,The Shipwreck,2007,310,246
Jan-77,Idea Book 7777,1981,497,1
Jan-78,Midi-Scale Millennium Falcon,2009,158,356
Jan-79,The Batman Dragster: Catwoman Pursuit,2006,697,93
Jan-80,The Batboat: Hunt for Killer Croc,2006,697,195
Jan-81,The Batmobile: Two-Face's Escape,2006,697,393
Jan-82,The Batwing: The Joker's Aerial Assault,2006,697,530
Jan-83,The Batcave: The Penguin and Mr. Freeze's Invasion,2006,697,1091
Jan-84,The Batmobile Ultimate Collectors' Edition,2006,698,1045
Jan-85,Arkham Asylum,2006,697,869
Jan-86,The Batcopter: The Chase for the Scarecrow,2007,697,300
Jan-87,The Bat-Tank: The Riddler and Bane's Hideout,2007,697,652
Jan-89,Lotso's Dump Truck,2010,275,129
Jan-90,Standard Starter Set,2006,505,75
77901-1,Sith Trooper Bust,2019,158,484
77902-1,Captain Marvel and the Asis,2019,696,280
77903-1,The Dark Knight of Gotham City,2019,697,427
77904-1,Nebulon-B Frigate,2020,158,459
77905-1,Taskmaster's Ambush,2020,696,230
77906-1,Wonder Woman,2020,695,255
77907-1,Toad's Special Hideaway Expansion Set,2020,690,121
Jan-92,Deluxe Starter Set,2006,505,120
Jan-93,Standard Starter Set,2006,34,487
77940-1,Mighty Dinosaurs - Brown Version,2021,672,174
77941-1,Mighty Dinosaurs - Blue Version,2021,672,174
77942-1,Fiat 500 - Bright Light Blue Version,2021,673,960
77943-1,Fire Station Starter Set,2021,52,239
77944-1,Fire Station Headquarters,2021,52,909
Jan-95,Deluxe Starter Set,2006,34,1104
Jan-96,House,2008,22,54
Jan-97,Bi-Plane,2008,22,37
Jan-98,Stegosaurus,2008,22,48
Jan-99,Cargo Chopper,2008,22,40
Jan-00,Off Road Racer,2009,112,28
780-1,Road Construction Set,1976,416,159
Jan-01,Rally Racer,2009,112,42
Jan-02,Le Mans Racer,2009,112,29
Jan-03,Jeep,2009,22,38
Jan-04,Green Lizard,2009,22,33
Jan-05,Shark,2009,22,44
Jan-06,Truck,2009,22,36
Jan-07,Airliner,2009,22,34
Jan-08,Yellow Airplane,2009,22,34
Jan-10,Push-Along Steam Engine,1980,235,97
781-1,Storage Case,1982,473,1
Jan-13,Shell Tanker Wagon,1986,234,121
Jan-14,Crane Wagon with Small Container,1980,235,113
Jan-15,Passenger Carriage / Sleeper,1983,234,228
Jan-16,Shell Tanker Wagon,1980,235,116
Jan-17,Crane Wagon,1985,235,148
Jan-18,Passenger Carriage,1980,235,118
Jan-19,Postal Container Wagon Covered,1983,233,183
Jan-20,Mail Van,1980,233,212
782-1,Storage Case,1984,473,1
Jan-21,Overhead Gantry and Lighting Maintenance Wagon,1983,235,90
Jan-22,Railway Station,1980,235,384
Jan-23,Container Crane Depot,1986,234,484
Jan-24,Railway Station,1983,235,479
Jan-25,Creator Bucket,2002,674,500
Jan-30,Small Blue Bucket,2002,674,200
783-1,Storage Case,1985,473,1
Jan-31,Make-believe Bucket,2002,674,200
Jan-32,Small Blue Bucket,2002,22,200
Jan-34,Level Crossing Manual,1980,234,95
Jan-35,Manual Road Crossing,1985,235,134
Jan-36,Halloween Bucket,2003,230,200
Jan-37,Build and Create,2002,674,600
Jan-38,Freight Loading Depot with Wagon,1983,235,326
Jan-39,Car Transport Depot,1986,234,341
Jan-40,Airport Action,2005,632,105
Jan-41,Helicopter Rescue Unit,2005,632,33
Jan-42,Jet Fuel Truck,2005,632,11
Jan-43,Plane,2005,632,34
Jan-44,Airport Rescue Truck,2004,632,30
Jan-46,Dragon Tournament,2006,647,44
Jan-48,Toys 'R' Us Truck,2010,63,356
Jan-50,8 Straight Rails Gray 4.5v,1980,235,32
785-1,Red Box,1973,473,1
Jan-51,8 Curved Rails Gray 4.5v,1980,235,32
785-2,Red Box,1974,501,0
Jan-52,Left and Right Points Manual Gray 4.5v,1980,235,14
Jan-53,"Crossing, Gray 4.5v",1980,235,5
Jan-54,8 Straight Electric Rails Gray 12v,1980,234,8
Jan-55,8 Curved Electric Rails Gray 12v,1980,234,8
Jan-56,Left and Right Manual Points with Electric Rails,1980,234,16
Jan-57,"Crossing, Electric Rails Gray 12v",1980,234,5
78579-1,Action Pack (Target Exclusive),1998,50,0
78579-2,Action Pack,1998,50,0
Jan-58,Remote Controlled Points Right 12v,1980,234,12
Jan-59,Remote Controlled Points Left 12v,1980,234,12
78597-1,Extreme Action Pack,1999,87,0
Jan-60,Remote Controlled Signal 12v,1980,234,24
786-1,Storage Cloth,1980,473,1
Jan-61,Lighting Set Electric 12v,1980,234,28
Jan-62,Remote Controlled Decoupling,1981,234,16
Jan-63,Remote Controlled Point Motor,1980,234,8
Jan-64,Transformer / Controller 12V,1980,234,34
Jan-65,12V Motor,1980,234,19
Jan-66,Remote Controlled Road Crossing,1983,234,194
Jan-67,12V Train Light Posts,1983,234,52
78675-1,Exclusive RoboRiders Six Set Limited Edition Value Pack,2000,16,0
Jan-68,Mace Windu's Jedi Starfighter,2011,158,309
Jan-69,Battle for Geonosis,2011,158,335
Jan-70,Hans Christian Andersen Bucket,2005,22,503
787-1,Play Mat with Drawstring,1977,473,1
Jan-71,Whale,2007,22,31
Jan-72,Lion,2007,22,57
Jan-73,Airplane,2007,22,38
Jan-75,Backhoe,2007,22,39
Jan-76,Cement Mixer,2007,22,44
Jan-77,Naboo Starfighter,2011,158,318
78777-1,Alien Discovery,2000,135,0
Jan-79,Hoth Echo Base,2011,158,773
78800-1,Soccer Bonus Set,2000,462,0
Jan-80,Big Pirate Ship,2006,651,60
Jan-81,Pirate Ship,2006,651,33
Jan-82,Shark Attack,2006,651,13
Jan-83,Treasure Hunt,2006,651,14
Jan-84,Batman's Buggy: The Escape of Mr. Freeze,2008,697,76
Jan-85,Robin's Scuba Jet: Attack of The Penguin,2008,697,208
Jan-86,The Batcycle: Harley Quinn's Hammer Truck,2008,697,274
Jan-88,The Tumbler: Joker's Ice Cream Surprise,2008,697,457
Jan-90,Ambulance,2006,60,118
789-1,Storage Cloth,1987,473,1
Jan-91,Airport Firetruck,2006,53,148
Jan-92,Hospital,2006,60,386
Jan-93,Passenger Plane,2006,53,404
Feb-93,Passenger Plane - ANA version,2006,53,404
Jan-94,Airport,2006,53,705
Feb-94,Airport - ANA Version,2007,53,707
Jan-95,Switching Tracks for RC Trains,2006,66,8
Jan-96,Straight and Curved Rails for RC Trains,2006,66,16
Jan-97,Passenger Train,2006,66,493
Jan-98,Cargo Train Deluxe,2006,66,857
Jan-99,Police Boat,2006,61,200
79000-1,Riddles for The Ring,2012,562,105
Jan-00,Heavy Loader,2006,56,348
79001-1,Escape from Mirkwood Spiders,2012,562,298
79002-1,Attack of the Wargs,2012,562,399
79003-1,An Unexpected Gathering,2012,562,665
79004-1,Barrel Escape,2012,562,334
79005-1,The Wizard Battle,2013,566,113
79006-1,The Council of Elrond,2013,566,243
79007-1,Battle at the Black Gate,2013,566,656
79008-1,Pirate Ship Ambush,2013,566,756
79010-1,The Goblin King Battle,2012,562,840
Jan-01,Airplane Mechanic,2006,53,31
79011-1,Dol Guldur Ambush,2013,562,218
79012-1,Mirkwood Elf Army,2013,562,276
79013-1,Lake-town Chase,2013,562,470
79014-1,Dol Guldur Battle,2013,562,797
79015-1,Witch-King Battle,2014,562,101
79016-1,Attack on Lake-town,2014,562,313
79017-1,The Battle of the Five Armies,2014,562,472
79018-1,The Lonely Mountain,2014,562,866
Jan-02,Doctor's Car,2006,60,66
Jan-03,Rescue Helicopter,2006,60,249
Jan-04,City Advent Calendar 2006,2006,208,259
Jan-05,Building Crane,2006,56,721
Jan-06,Fireboat,2007,58,188
Jan-07,City Advent Calendar 2007,2007,208,234
79100-1,Kraang Lab Escape,2013,570,90
Jan-10,Robot,2004,204,29
79101-1,Shredder's Dragon Bike,2013,570,198
79102-1,Stealth Shell in Pursuit,2013,570,162
79103-1,Turtle Lair Attack,2013,570,488
79104-1,The Shellraiser Street Chase,2013,570,620
79104-2,The Shellraiser Street Chase V2.0,2013,570,651
79104-3,The Shellraiser Street Chase (Technic Base Version),2013,570,657
79105-1,Baxter Robot Rampage,2013,570,397
79106-1,Cavalry Builder Set,2013,575,69
79107-1,Comanche Camp,2013,575,161
79108-1,Stagecoach Escape,2013,575,280
79109-1,Colby City Showdown,2013,575,588
791-1,Storage Box - Red,1972,473,1
79110-1,Silver Mine Shootout,2013,575,644
Jan-11,Tugboat,2004,204,33
79111-1,Constitution Train Chase,2013,575,703
79115-1,Turtle Van Takedown,2014,570,368
79116-1,Big Rig Snow Getaway,2014,570,743
79117-1,Turtle Lair Invasion,2014,570,888
79118-1,Karai Bike Escape,2014,570,88
79119-1,Mutation Chamber Unleashed,2014,570,195
79120-1,T-Rawket Sky Strike,2014,570,286
Jan-12,Helicopter,2004,204,26
79121-1,Turtle Sub Undersea Chase,2014,570,684
79122-1,Shredder鈥檚 Lair Rescue,2014,570,478
Jan-13,Clone Trooper Battle Pack,2011,158,85
Jan-14,Mandalorian Battle Pack,2011,158,68
Jan-15,Imperial V-wing Starfighter,2011,158,139
Jan-17,McDonald's Sports Set Number 3 - Blue Basketball Player #22,2004,459,5
Jan-18,McDonald's Sports Set Number 8 - Green Basketball Player #35,2004,459,5
791901-1,Jack,2019,676,8
791902-1,Haunted Pizza Boy,2019,676,7
791903-1,Parker,2019,676,6
Jan-19,McDonald's Sports Set Number 4 - White Hockey Player #5,2004,461,5
792004-1,El Fuego,2020,676,9
792005-1,Epic Haunted Biker,2020,676,7
792006-1,J.B.,2020,676,9
792007-1,Haunted Worker,2020,676,8
792008-1,Possessed Mechanic,2020,676,8
792009-1,Jack + Spencer,2020,676,6
Jan-20,McDonald's Sports Set Number 5 - Blue Hockey Player #4,2004,461,6
792-1,Storage Box - White,1972,473,1
Jan-21,Gray Vest Skateboarder,2004,460,6
Jan-22,McDonald's Sports Set Number 6 - Orange Vest Snowboarder,2004,460,5
Jan-23,McDonald's Sports Set Number 1 - White Soccer Player #4,2004,462,3
Jan-24,McDonald's Sports Set Number 2 - Red Soccer Player #11,2004,462,3
Jan-25,Fashion Designer Kit 1,2004,500,5
Jan-26,Fashion Designer Kit 3,2004,500,1
Jan-27,Fashion Designer Kit 2,2004,500,1
Jan-28,Fashion Designer Kit 4: Star Picture Frame,2004,500,5
Jan-29,The Battle of Naboo,2011,158,241
Feb-29,Fashion Designer Kit 5: Hearts Jewelry Box,2004,500,0
Jan-30,Bounty Hunter Gunship,2011,158,390
Feb-30,Fashion Designer Kit 6: Heart Combination Lock,2004,500,0
793-1,Storage Box - Blue,1972,473,1
Jan-31,Jedi T-6 Shuttle,2011,158,389
Feb-31,Fashion Designer Kit 7: Heart Bag,2004,500,1
Jan-34,Kanoka Disc Launcher and Disc Promotional Polybag,2004,324,2
Jan-36,Level Crossing,2010,66,142
Jan-37,Train Station,2010,66,365
Jan-38,Passenger Train,2010,66,669
Jan-39,Cargo Train,2010,66,839
794-1,Storage Box - Yellow,1972,473,1
Jan-42,Off Road Fire Rescue,2007,58,130
Jan-44,Fire Hovercraft,2007,58,274
Jan-45,Fire Station,2007,58,604
Jan-46,King's Castle,2010,196,933
Jan-47,Prison Tower Rescue,2010,196,365
Jan-48,Outpost Attack,2010,196,194
Jan-49,Prison Carriage Rescue,2010,196,50
Jan-50,Knight's Showdown,2010,196,61
795-1,"Baseplates, Red and Blue",1971,473,2
Jan-51,XL Bucket,2001,505,78
Jan-52,Castle Advent Calendar 2010 (Kingdoms),2010,211,167
Jan-53,Court Jester,2010,196,22
Jan-55,Wizard,2010,196,19
Jan-56,Ewok Attack,2011,158,166
Jan-57,Sith Nightspeeder,2011,158,214
Jan-58,Star Wars Advent Calendar 2011,2011,209,267
Jan-59,Geonosian Starfighter,2011,158,163
796-1,"Baseplates, Green and Yellow",1971,473,2
Jan-61,Darth Maul's Sith Infiltrator,2011,158,479
Jan-62,Anakin's and Sebulba's Podracers,2011,158,810
Jan-64,Republic Frigate,2011,158,1030
Jan-65,Millennium Falcon,2011,158,1254
Jan-67,Fast,2010,112,69
Jan-68,Strong,2010,112,90
Jan-69,XL Bucket,2001,505,106
Jan-70,Hero,2010,112,69
797-1,"2 large baseplates, gray/white",1971,473,2
Jan-71,Bad,2010,112,72
Jan-75,Large Bucket,2000,505,106
Jan-76,Ocean Speeder,2011,315,54
Jan-77,Seabed Strider,2011,315,105
Jan-78,Angler Attack,2011,315,201
Jan-79,Castle Advent Calendar 2008,2008,211,176
79801214-1,Legends of Chima: Quest for Chima,2015,497,5
79801412-1,City: Freeze! Police!,2017,497,10
798-1,"Baseplates, Green",1972,473,2
Jan-84,Deep Sea Raider,2011,315,265
Jan-85,City of Atlantis,2011,315,687
Jan-90,Cement Mixer,2007,56,213
799-1,"Baseplate, Gray",1964,371,1
Jan-91,Recycle Truck,2007,63,206
799-2,Giant Base Plate,1965,371,1
Jan-92,Container Stacker,2007,54,218
Jan-93,Service Station,2007,63,406
Jan-94,City Harbor,2007,59,661
Jan-96,Double Crossover Track,2007,66,4
Jan-97,Train Station,2007,66,387
Jan-98,Heavy Hauler,2007,56,332
Jan-00,Pit Droid,2000,18,223
80006-1,White Dragon Horse Bike,2020,693,259
80007-1,Iron Bull Tank,2020,693,430
80008-1,Monkie Kid's Cloud Jet,2020,693,529
80009-1,Pigsy's Food Truck,2020,693,832
800-1,Gear Set with Motor,1970,472,120
80010-1,Demon Bull King,2020,693,1051
Jan-01,Battle Droid,2000,18,336
80011-1,Red Son's Inferno Truck,2020,693,1111
80012-1,Monkey King Warrior Mech,2020,693,1635
80013-1,Monkie Kid's Team Secret HQ,2020,693,1967
80014-1,Sandy's Speedboat,2020,693,394
80015-1,Monkie Kid's Cloud Roadster,2020,693,659
80016-1,The Flaming Foundry,2020,693,1429
80018-1,Monkie Kid's Cloud Bike,2021,693,203
80019-1,Red Son's Inferno Jet,2021,693,299
800-2,Extra Bricks Red,1986,473,62
80020-1,White Dragon Horse Jet,2021,693,565
Jan-02,Destroyer Droid,2000,18,567
80021-1,Monkie Kid's Lion Guardian,2021,693,775
80022-1,Spider Queen's Arachnoid Base,2021,693,1170
80023-1,Monkie Kid's Team Dronecopter,2021,693,1471
80024-1,The Legendary Flower Fruit Mountain,2021,693,1949
80025-1,Sandy's Power Loader Mech,2021,693,520
80026-1,Pigsy鈥檚 Noodle Tank,2021,693,662
80028-1,The Bone Demon,2021,693,1383
80030-1,Monkie Kid's Staff Creations,2022,693,310
Jan-03,Volcano Climber,2000,16,35
80031-1,Mei鈥檚 Dragon Car,2022,693,456
80032-1,Chang鈥檈 Moon Cake Factory,2022,693,609
80033-1,Evil Macaque鈥檚 Mech,2022,693,899
80034-1,Nezha鈥檚 Fire Ring,2022,693,929
80035-1,Monkie Kid's Galactic Explorer,2022,693,1356
80036-1,The City of Lanterns,2022,693,2187
80037-1,Dragon of the East,2022,693,880
80038-1,Monkie Kid's Team Van,2022,693,1406
80039-1,The Heavenly Realms,2022,693,2438
Jan-04,Dirt Bike,2000,16,32
Jan-05,Ice Explorer,2000,16,34
Jan-06,Swamp Craft,2000,16,25
Jan-07,C-3PO,2001,18,339
Jan-08,Stormtrooper,2001,18,361
Jan-09,R2-D2,2002,18,239
Jan-10,Darth Vader,2002,18,388
80101-1,Chinese New Year's Eve Dinner,2019,686,616
80102-1,Dragon Dance,2019,686,622
80103-1,Dragon Boat Race,2019,686,645
80104-1,Lion Dance,2020,686,882
80105-1,Chinese New Year Temple Fair,2020,686,1664
80106-1,Story of Nian,2021,686,1080
80107-1,Spring Lantern Festival,2021,686,1798
80108-1,Lunar New Year Traditions,2021,686,1066
80109-1,Lunar New Year Ice Festival,2021,686,1519
801-1,Gear Set,1970,472,112
Jan-11,Jango Fett,2002,18,425
801-2,Extra Bricks Blue,1986,473,62
Jan-12,Super Battle Droid,2002,18,378
801-3,Space Rocket,1964,365,115
Jan-14,Clone Walker Battle Pack,2009,158,80
Jan-15,Assassin Droids Battle Pack,2009,158,94
Jan-16,Hyena Droid Bomber,2009,158,236
Jan-17,Darth Vader's TIE Fighter,2009,158,257
Jan-18,Armored Assault Tank (AAT),2009,158,407
Jan-19,Republic Attack Shuttle,2009,158,636
80191974-1,"Nexo Knights: Clash, Boom, Bang!",2017,497,19
8020028-1,Special Police Buildable Watch with Toy,2018,501,5
Jan-20,Universal Building Set,1984,21,119
8020240-1,The Joker Buildable Watch,2015,501,0
8020790-1,LEGOLAND Buildable Watch [Male],2018,501,0
8020806-1,LEGOLAND Buildable Watch [Female],2018,501,0
802-1,Gear Supplementary Set,1970,472,30
8021032-1,Yoda Buildable Watch,2017,501,0
8021513-1,Boba Fett Minifigure Link Watch,2017,501,0
8021667-1,Classic Buildable Watch (Child Pink),2019,501,0
802-2,Extra Bricks White,1986,473,62
Jan-22,TECHNIC Starter Set,1993,21,118
802-3,Player Piano,1964,365,90
Jan-24,Universal Building Set,1989,21,114
Jan-26,Kraatu,2004,324,20
Jan-28,TIE Fighter - Mini,2008,158,44
Jan-29,Mini Snowspeeder,2008,158,66
802A-1,Player Piano,1964,365,90
Jan-30,Universal Building Set,1982,21,141
803-1,Extra Bricks Yellow,1986,473,62
Jan-31,V-19 Torrent - Mini,2008,158,66
803-2,Gear/Wheel Set,1972,472,163
Jan-32,Universal Set,1994,21,212
803-3,Seesaw,1964,365,47
Jan-33,General Grievous Starfighter - Mini,2009,158,44
Jan-34,Universal Building Set,1989,21,187
Jan-35,Universal Building Set,1986,21,174
Jan-36,Separatist Shuttle,2009,158,259
Jan-37,Anakin's Y-wing Starfighter,2009,158,570
Jan-38,The Battle of Endor,2009,158,890
Jan-39,Venator-Class Republic Attack Cruiser,2009,158,1170
Jan-40,Universal Building Set,1984,21,162
804-1,Extra Bricks Black,1986,473,62
Jan-41,Race Truck,2010,1,608
804-2,Building Crane,1964,365,64
Jan-42,Universal Pneumatic Set,1993,21,240
Jan-43,Motorized Excavator,2010,1,1127
Jan-44,Universal Pneumatic Set,1989,21,200
Jan-45,Mini Telehandler,2010,1,117
Jan-46,Helicopter,2010,1,152
Jan-47,Compact Excavator,2010,1,252
Jan-48,Buggy,2010,1,314
Jan-49,Tractor with Log Loader,2010,1,525
Jan-50,Universal Building Set,1982,21,142
805-1,Extra Bricks Gray,1986,473,62
Jan-51,Motorbike,2010,1,467
805-2,3 Little Indians,1964,365,89
Jan-52,Container Truck,2010,1,686
Jan-53,Mobile Crane,2010,1,1289
Jan-54,Universal Building Set,1989,21,196
Jan-55,Universal Building Set with Motor,1986,21,188
Jan-56,Monster Crab Clash,2010,315,69
Jan-57,Wreck Raider,2010,315,65
Jan-58,Guardian of the Deep,2010,315,145
Jan-59,Seabed Scavenger,2010,315,120
Jan-60,Typhoon Turbo Sub,2010,315,198
806-1,Extra Plates Blue,1986,473,42
Jan-61,Gateway of the Squid,2010,315,356
806-2,Cowboy & Pony,1964,365,87
Jan-62,Universal Set with Storage Case,1994,21,410
Jan-63,Tractor with Trailer,2009,1,1100
Jan-64,Motorized Universal Building Set,1990,21,221
Jan-65,Mini Container Truck,2011,1,119
Jan-66,Off-Roader,2011,1,141
Jan-67,Mini Mobile Crane,2011,1,292
Jan-68,Rescue Helicopter,2011,1,408
Jan-69,Backhoe Loader,2011,1,609
Jan-70,Supercar,2011,1,1281
807-1,Extra Plates Red,1986,473,42
Jan-71,Lift Truck,2011,1,593
Jan-72,Sea Jet,2010,315,24
Jan-73,Manta Warrior,2010,315,13
Jan-74,Universal Building Set with Flex System,1991,21,317
80741919-1,Ninjago: Ninja vs. Hypnobrai,2012,497,6
Jan-75,Neptune Carrier,2010,315,481
Jan-76,Deep Sea Striker,2010,315,261
Jan-77,Atlantis Exploration HQ,2010,315,475
Jan-78,Portal of Atlantis,2010,315,1008
Jan-79,Shadow Snapper,2010,315,245
80791214-1,DC Comics Super Heroes: Enter The Dark Knight,2016,497,5
80791412-1,DC Comics Super Heroes: Faster Than Lightning!,2018,497,4
Jan-80,Undersea Explorer,2010,315,364
808-1,Wheels and Tires,1986,473,40
Jan-81,Extreme Cruiser,2011,1,590
Jan-82,Universal Building Set,1993,21,460
Jan-83,Rebel Trooper Battle Pack,2010,158,79
Jan-84,Snowtrooper Battle Pack,2010,158,74
Jan-85,Freeco Speeder,2010,158,177
Jan-86,Droid Tri-Fighter,2010,158,268
Jan-87,TIE Defender,2010,158,304
Jan-88,ARC-170 Starfighter,2010,158,396
Jan-89,Hoth Wampa Cave,2010,158,297
Jan-90,TECHNIC Universal Set,1982,21,274
809-1,Doors and Windows,1986,473,38
Jan-91,Republic Swamp Speeder,2010,158,176
Jan-92,Luke's Landspeeder,2010,158,163
Jan-93,Plo Koon's Jedi Starfighter,2010,158,175
Jan-94,TECHNIC Control Centre,1990,21,549
Jan-95,General Grievous' Starfighter,2010,158,454
Jan-96,Emperor Palpatine's Shuttle,2010,158,592
Jan-97,Slave I,2010,158,563
Jan-98,Clone Turbo Tank,2010,158,1145
Jan-99,Midi-Scale Imperial Star Destroyer,2010,158,423
81000-1,Koi,2019,671,293
810002-1,50 Years of the LEGO Brick,2008,497,6
810003-1,LEGO Collector - 1st Edition,2008,497,0
810005-1,LEGO Collector - 2nd Edition,2011,497,0
Jan-00,Cyclone Defender,2007,389,92
810010-1,Duplo Bedding - Baby (Green),2008,501,0
81001-1,Shark Skin,2019,671,31
810011-1,Duplo Fitted Sheet,2008,501,0
810012-1,Duplo Bedding (Green),2008,501,0
81002-1,Splash Koi Skin,2019,671,33
810022-1,Duplo Bedding (Pink),2008,501,0
810030-1,Bedding (Blue),2008,501,0
81003-1,Ink Koi Skin,2019,671,33
81007-1,Design Your Own LEGO City Set,2020,52,1
810-1,Basic Motor Set,1985,473,33
Jan-01,Claw Crusher,2007,389,99
810-2,Town Plan - Continental European,1961,372,760
Jan-02,Blade Titan,2007,389,162
810-3,Gear Truck Set,1974,472,112
Jan-03,Sky Guardian,2007,389,144
810-4,"Town Plan - UK, Cardboard box",1962,372,755
Jan-04,Shadow Crawler,2007,389,161
Jan-05,Iron Condor,2007,389,141
Jan-06,Aero Booster,2007,389,312
Jan-07,Fight for the Golden Tower,2007,389,571
Jan-08,Mobile Devastator,2007,389,1009
Jan-09,Flatbed Truck,2011,1,1115
Jan-10,Unimog U400,2011,1,2048
811-1,"Red Roof Bricks, Steep Pitch",1986,473,59
Jan-11,River Dragon,2008,389,112
811-2,Gear Crane Set,1974,472,181
Jan-12,Battle Arachnoid,2008,389,131
Jan-13,Assault Tiger,2008,389,164
Jan-14,Chameleon Hunter,2008,389,189
Jan-15,Dark Panther,2008,389,244
Jan-17,Storm Lasher,2008,389,283
Jan-18,Hybrid Rescue Tank,2008,389,347
Jan-19,Thunder Racer,2009,112,48
Jan-20,Rally Sprinter,2009,112,47
812-1,Gear Supplementary Set,1974,472,101
Jan-21,Track Marshal,2009,112,48
812-2,"Red Roof Bricks, Shallow Pitch",1986,473,60
Jan-22,Desert Viper,2009,112,41
Jan-23,Ferrari F1 Racers,2009,112,141
Jan-24,Ice Rally,2009,112,172
Jan-25,Thunder Raceway,2009,112,162
Jan-26,Desert Challenge,2009,112,147
Jan-28,Cad Bane's Speeder,2010,158,318
Jan-29,AT-AT Walker,2010,158,815
Jan-30,Terrain Crusher,2007,112,44
81307-1,Racers Wallet,2008,501,0
813-1,"Baseplate, Green",1986,473,1
Jan-31,Raceway Rider,2007,112,51
813-2,Gear Bulldozer Set,1974,472,130
Jan-32,Night Driver,2007,112,41
Jan-33,Rally Rider,2007,112,51
Jan-34,Night Crusher,2007,112,264
Jan-35,Bridge Chase,2007,112,542
Jan-36,Fire Crusher,2007,112,65
Jan-37,Booster Beast,2007,112,70
Jan-38,Phantom Crasher,2007,112,85
Jan-39,Night Blazer,2007,112,66
Jan-40,Tow Trasher,2007,112,184
814-1,"Baseplates, Green, Red and Yellow",1986,473,3
Jan-41,Off Road Power,2007,112,201
814-2,Gear Farm Set,1975,472,88
Jan-42,Ferrari 248 F1 1:24 [Vodafone Version],2007,114,167
Feb-42,Ferrari 248 F1 1:24 [Alice Version],2007,114,167
Jan-43,Ferrari 1:17 F430 Challenge,2007,114,690
Jan-44,Ferrari 248 F1 Team,2007,114,732
Feb-44,Ferrari F1 Team,2007,114,731
Jan-45,Ferrari 599 GTB Fiorano 1:10,2007,114,1326
Jan-46,Nitro Muscle,2007,112,598
Jan-47,Bullet Run,2007,112,795
Jan-48,EZ-Roadster,2008,112,45
Jan-49,Midnight Streak,2008,112,43
Jan-50,ZX Turbo,2008,112,55
815-1,"Baseplate, Gray",1986,473,1
Jan-51,Adrift Sport,2008,112,52
Jan-52,Speed Chasing,2008,112,142
Jan-53,Ferrari F1 Truck 1:55,2008,114,270
Jan-54,Brick Street Customs,2008,112,1021
Jan-55,Ferrari F1 Pit 1:55,2007,114,482
Jan-56,Ferrari FXX 1:17,2008,114,626
Jan-57,Ferrari F1 1:9,2009,114,997
Jan-58,Speed Racer & Snake Oiler,2008,717,242
Jan-59,Racer X & Taejo Togokhan,2008,717,237
Jan-60,Cruncher Block & Racer X,2008,717,367
816-1,"Lighting Bricks, 4.5V",1987,473,17
Jan-61,Grand Prix Race,2008,717,600
Jan-62,Race Rig,2009,112,104
Jan-63,Blue Sprinter,2009,112,110
Jan-64,Extreme Wheelie,2009,112,87
Jan-65,Monster Jumper,2009,112,91
Jan-66,Wing Jumper,2009,112,203
Jan-67,Jump Riders,2009,112,209
Jan-68,Ferrari Victory,2009,114,202
Jan-69,Lamborghini Gallardo LP 560-4,2009,112,741
818-1,Wheel-Wind Motor,1990,473,6
Jan-82,Monster Crushers,2009,112,388
Jan-83,Track Turbo RC,2009,112,92
Jan-84,Twin X-treme RC,2009,112,239
Jan-85,Ferrari Truck,2009,114,539
Jan-86,Street Extreme,2009,112,757
Jan-88,Fire Blaster,2010,439,68
Jan-89,Magma Mech,2010,439,184
Jan-90,Claw Catcher,2010,439,260
819-1,Blue Sea Plate,1991,473,1
Jan-91,Lavatraz,2010,439,382
Jan-92,Lime Racer,2010,112,44
Jan-93,Blue Bullet,2010,112,50
Jan-94,Nitro Muscle,2010,112,47
Jan-95,Turbo Tow,2010,112,43
Jan-96,Chopper Jump,2010,112,143
Jan-97,Highway Chaos,2010,112,144
Jan-98,Ramp Crash,2010,112,147
Jan-99,Security Smash,2010,112,137
8月2日,Universal Building Set,1979,469,93
Jan-00,Radiator Springs Lightning McQueen,2011,269,35
820-1,Red Plates Parts Pack,1980,473,34
Jan-01,Radiator Springs Classic Mater,2011,269,52
820-2,"Wooden Storage Box Large (Double Latch) with Contents, with Lattice",1966,365,0
Jan-02,Blast Off Chopper with Bungee Cord Power!,1998,3,71
Jan-03,Rover Discovery,1998,1,37
Jan-04,Sky Flyer I,1998,1,41
Jan-05,Bungee Blaster,1997,1,64
Jan-06,Tokyo Pit Stop,2011,269,147
Jan-07,Dune Duster / Hawaiian Beach Racer,1996,1,82
Jan-08,Custom Cruiser,1998,1,53
Jan-09,Future F1,1998,1,49
Jan-10,Nitro Bike GTX / GTX 500,1995,1,86
821-1,"Brick Separator, Gray",1990,473,1
Jan-11,Brick Street Getaway,2010,112,552
821264-1,High Speed Adventure Team Collection,1991,67,0
Jan-13,Spy Runner,1998,1,93
Jan-14,Gallardo LP 560-4 Polizia,2010,112,801
Jan-15,Gyro Copter,1997,1,108
Jan-16,Turbo I,1997,1,91
Jan-17,The Wasp,1998,1,64
Jan-18,Trike Tourer,1998,1,70
Jan-19,Go-Cart,1998,1,101
822-1,Blue Plates Parts Pack,1980,473,34
Jan-21,Storming Enforcer,2011,112,96
Jan-22,V-TOL,1997,1,141
Jan-23,Hydrofoil 7 / Powerboat Columbia,1996,1,126
Jan-25,Road Rally V / Super Kart,1995,1,97
Jan-26,Mud Masher / Desert Stormer,1998,1,121
Jan-27,Dragon Dueller,2011,112,94
Jan-28,Sting Striker,2011,112,82
Jan-29,Tread Trekker,1997,1,186
82300365300917-1,"Friends: Ready, Steady, Stick!",2019,497,24
Jan-30,Coastal Cop Buggy / Miami Police Patrol,1996,1,176
Jan-31,Vicious Viper,2011,112,96
Jan-32,Chopper Force,1997,1,278
Jan-33,Blue Thunder versus The Stinger,1998,3,119
Jan-35,Front End Loader,1995,1,166
Jan-36,Bike Burner,2000,17,60
Jan-37,Slammer Racer / Formula Force,2000,17,112
Jan-38,Slammer Dragsters / Dueling Dragsters,2000,17,202
Jan-39,Cyber Challenge,1998,3,122
Jan-40,Slammer Stunt Bike,2001,17,153
Jan-41,Battle Cars,2001,3,111
Jan-42,Slammer Turbo,2001,17,252
Jan-44,Convertables,1996,21,276
Jan-45,Robot's Revenge,1998,3,223
Jan-46,Hydro Racer / Swamp Boat,1999,1,46
Jan-47,Road Rebel / Buggy Racer,1999,1,44
Jan-48,Forklift,1998,1,227
Jan-50,Search Sub [No CD],1997,1,378
Jan-51,Sonic Cycle,1999,1,89
Jan-52,Beach Buster / Police Car,1999,1,167
Jan-53,Fire Helicopter,1999,1,211
Jan-55,Rescue Bike,1999,1,193
Jan-56,Go-Kart,2009,1,144
Jan-57,Cyber Strikers,1998,3,369
Jan-58,Crane Truck,2009,1,1877
Jan-59,Mini Bulldozer,2009,1,165
Jan-60,Tractor,2009,1,104
Jan-61,Rally Truck,2009,1,198
Jan-62,Quad Bike,2009,1,308
Jan-63,Snow Groomer,2009,1,590
Jan-64,Hauler,2009,1,575
Jan-65,Front Loader,2009,1,1061
Jan-66,Spyder Slayer,1998,3,368
Jan-68,Scorpion Attack,1999,3,79
Jan-69,Competition Ultra Challenge [aka Cyber Stinger],1999,3,329
Jan-70,Rough Terrain Crane,2007,1,106
Jan-71,Wheel Loader,2007,1,200
Jan-72,Snowmobile,2007,1,333
Jan-73,Off Road Truck,2007,1,805
Jan-74,Combine Harvester,2007,1,1025
Jan-75,Motorized Bulldozer,2007,1,1381
Jan-77,Giant Model Set,1997,1,554
Jan-79,4WD X-Track,2000,1,449
Jan-80,Fire Engine / Fire Response Unit,1995,1,439
Jan-81,Mini Tractor,2006,1,128
Jan-82,Quad Bike,2006,1,200
Jan-83,Telehandler,2006,1,323
Jan-84,Tractor,2006,1,872
Jan-85,Tow Truck,2006,1,1879
Jan-86,3 In 1 Car / Amphipower,1996,1,732
Jan-87,Motor Box,2006,19,93
Jan-88,Crawler Crane,2006,1,800
Jan-89,Fire Truck,2006,1,1035
Jan-90,Mini Forklift,2008,1,88
Jan-91,Dirt Bike,2008,1,248
Jan-92,Cherry Picker,2008,1,725
Jan-93,Power Functions Motor Set,2008,438,10
Jan-94,Excavator,2008,1,720
Jan-95,Telescopic Handler,2008,1,1182
Jan-96,Dune Buggy,2008,1,199
Jan-97,Off-Roader,2008,1,1097
Jan-99,Search Sub [with CD],1997,1,379
8月3日,Basic Set,1973,469,665
Jan-00,TECHNIC Team,2000,19,7
830-1,Red Bricks Parts Pack,1980,473,46
Jan-01,Urban Enforcer,2011,112,45
Jan-02,Rod Rider,2011,112,48
Jan-03,Demon Destroyer,2011,112,51
Jan-04,Smokin' Slickster,2011,112,44
Jan-05,Duel Bikes,2000,3,208
Jan-07,Turbo Racer,2000,3,393
Jan-10,Nick Bluetooth,2002,685,11
831-1,Black Bricks Parts Pack,1980,473,46
Jan-11,Gorm,2002,685,12
Jan-12,Jens,2002,685,13
Jan-13,Nick Bluetooth Deluxe,2002,685,15
Jan-14,Gorm Deluxe,2002,685,16
Jan-15,TDN Module,2002,685,9
Jan-16,Kek Powerizer,2002,685,9
Jan-17,Allegra,2002,685,11
Jan-18,Ooni,2002,685,29
Jan-19,Aquart,2002,685,11
Jan-20,Nepol Basic Figure,2002,685,10
832-1,Blue Bricks Parts Pack,1980,473,46
Jan-21,Nepol and Shimmel,2002,685,27
Jan-24,Euripides,2002,685,10
Jan-25,Tager,2002,685,18
833-1,White Bricks Parts Pack,1980,473,46
834-1,Yellow Bricks Parts Pack,1980,473,46
Jan-50,Pro-Stunt,2003,112,30
Jan-53,Slammer Rhino,2003,112,217
Jan-54,Exo Force Bike,2003,112,100
Jan-55,H.O.T. Blaster Bike,2003,112,87
Jan-56,Jungle Monster,2003,112,116
Jan-57,Zonic Strike,2003,112,107
Jan-58,Off-roader Bike,2003,112,26
Jan-59,Desert Racer,2003,112,27
Jan-60,Track Racer,2003,112,23
836-1,Doors and Windows Parts Pack,1980,473,37
Jan-62,Ferrari F1 Racer 1:24,2004,114,113
Jan-63,Baja Desert Racers,2003,112,319
Jan-64,Multi-Challenge Race Track,2003,112,624
Jan-65,Tuneable Racer,2003,112,196
Jan-66,Supersonic RC,2003,112,429
Jan-69,Dirt Crusher RC,2004,112,88
Feb-69,Dirt Crusher RC (Blue),2005,112,88
Jan-70,Nitro Stunt Bike,2003,112,89
837-1,Wheels and Tires Parts Pack,1980,473,28
Jan-71,Extreme Power Bike,2003,112,98
Jan-74,Williams F1 Team Racer 1:27,2003,122,93
Jan-75,Ferrari F1 Pit Set,2004,114,218
Jan-76,Hot Flame RC Car,2003,112,257
Jan-78,Red Beast RC,2004,112,65
Jan-80,Red Maniac,2004,112,83
838-1,"Red Roof Bricks Parts Pack, 45 Degree",1980,473,58
Jan-81,Exo Raider,2003,112,94
Jan-82,Hot Buster,2004,112,67
Jan-83,Nitro Terminator,2004,112,70
Jan-84,Jungle Crasher,2004,112,76
Jan-85,Exo Stealth,2004,112,81
Jan-86,Ferrari F1 Racer 1:10,2004,114,719
Jan-89,M. Schumacher and R. Barrichello,2004,114,24
839-1,"Red Roof Bricks Parts Pack, 33 Degree",1980,473,42
Jan-96,Soldier's Arsenal,2009,153,17
Jan-97,Pirate Survival,2009,153,16
Jan-98,BBQ Stand,2009,52,22
Jan-99,K-9 Bot,2009,141,22
8月4日,Magnetic Train Couplers with Plates,1977,456,4
Jan-00,Space Speeder,2009,141,14
840-1,"Baseplate, Green",1980,473,1
Jan-01,City Minifigure Collection,2009,52,60
Jan-02,Sports Car,2009,63,68
Jan-03,City House,2010,52,385
Jan-04,Public Transport,2010,63,864
Jan-08,Desert Ranger,1996,1,289
Jan-09,Spidermonkey,2010,270,22
Jan-10,Swampfire,2010,270,23
841-1,"Baseplates, Green and Yellow",1980,473,2
Jan-11,ChromaStone,2010,270,22
Jan-12,Nighthawk / Sky Wasp,1995,1,284
Jan-14,Mountain Rambler,1997,1,244
Jan-15,Dump Truck,2005,1,284
Jan-16,Forklift,2005,1,729
Jan-17,Mag Wheel Master,1998,1,315
Jan-18,Mini Loader,2005,1,66
Jan-19,Excavator,2005,1,286
Jan-20,Street Bike,2005,1,506
842-1,"Baseplates, Red and Blue",1980,473,2
Jan-21,Mobile Crane,2005,1,1885
842-2,Town Plan,1969,104,797
Jan-22,Circuit Shock Racer / V-Twin Super Bike,1995,1,315
Jan-23,World Grand Prix Racing Rivalry,2011,269,136
Jan-24,Mater鈥檚 Spy Zone,2011,269,114
Jan-25,Black Hawk / Sky Stormer,1996,1,469
Jan-26,Escape at Sea,2011,269,159
Jan-28,Turbo Command Featuring CD-ROM Experience Expander,1998,1,472
Jan-29,Helicopter,2002,1,149
Jan-30,Motorbike,2002,1,315
843-1,"Baseplate, Gray",1980,473,1
Jan-31,Crane Truck,2002,1,836
Jan-32,Supersonic Car,1998,1,471
Jan-33,Cool Movers,2004,1,215
Jan-34,Aircraft,2004,1,445
Jan-35,4WD,2004,1,763
Jan-36,Truck,2004,1,1032
Jan-37,Future Car,1997,1,418
Jan-38,Pneumatic Crane Truck,2003,1,846
Jan-39,Front End Loader,2004,1,592
Jan-40,Formula Flash,1995,1,419
Jan-41,Fork Lift Truck,2003,1,69
Jan-43,Pneumatic Log Loader / Pneumatic Logger,1996,1,335
Jan-44,Air Enforcer / Supercopter,1999,1,309
Jan-45,Indy Storm / Formula 1 Racer,1999,1,434
Jan-46,Crane Truck,1999,1,573
Jan-48,Super Street Sensation,1999,1,1406
Jan-50,Mission Experience Pack,2000,3,644
845-1,"Battery Motor, 9V",1992,473,27
Jan-51,Dumper,2003,1,183
Jan-53,Front End Loader,2003,1,214
Feb-53,Front-End Loader Black Box,2004,1,214
Jan-54,Rescue Truck,2003,1,634
Jan-55,Backhoe Loader,2003,1,704
Jan-56,Fiber Optic Multi Set / Multi Racer Set (with Fibre Optics),1996,1,406
Jan-57,Power Puller,2000,1,980
Jan-58,Silver Champion,2000,1,1433
Jan-59,Pneumatic Front-End Loader,1997,1,596
Jan-60,Pneumatic Crane Truck / Mobile Crane,1995,1,863
846-1,Lighting Bricks,1992,473,45
Jan-61,Williams F1 Team Racer,2002,122,1484
Jan-62,Tow Truck,1998,1,786
Jan-63,Forklift Truck,2001,1,232
Jan-64,Pneumatic Front End Loader,2001,1,583
Jan-65,Extreme Off-Roader,2001,1,364
8465934-1,Muji Christmas Set,2009,301,120
8465972-1,Muji Basic Set,2009,301,200
Jan-66,4x4 Off Roader,2001,1,1103
Jan-68,Power Crusher,2002,112,87
Jan-69,Slammer Raptor,2002,112,141
Jan-70,Slammer G-Force,2002,112,147
Jan-71,Nitro Burner,2002,112,119
Jan-72,Street 'n' Mud Racer,2002,112,349
Jan-73,Nitro Race Team,2002,112,510
Jan-75,RC Race Buggy,2002,112,284
Jan-79,Barcode Multi-Set,1997,1,1274
Jan-80,Space Shuttle,1996,1,1366
Jan-82,CyberMaster,1998,3,897
Jan-83,CyberMaster,1998,3,897
Jan-84,Ultimate Build Lightning McQueen,2011,269,242
Jan-85,Control Centre / Control II,1995,21,1067
Jan-86,Mack鈥檚 Team Truck,2011,269,379
Jan-87,Flo's V8 Caf茅,2011,269,517
Jan-90,Desert Hopper,2008,112,92
Jan-91,Ram Rod,2008,112,72
Jan-92,Mud Hopper,2008,112,59
Jan-93,Red Ace,2008,112,82
Jan-94,Ring of Fire,2008,112,268
Jan-95,Crosstown Craze,2008,112,503
Jan-96,Desert Hammer,2008,112,510
Jan-00,Torch / Fire Slizer,1999,20,33
850-1,Fork lift truck,1977,4,216
Jan-01,Ski / Ice Slizer,1999,20,34
850150-1,Santa Claus Classic Key Chain,1998,503,0
850152-1,Blue Brick Key Chain,2007,503,1
850152-2,Blue Brick Key Chain,2003,503,1
850154-1,Red Brick Key Chain,2007,503,1
Jan-02,Turbo / City Slizer,1999,20,45
850252-1,Johnny Thunder Key Chain,2003,503,0
Jan-03,Scuba / Sub Slizer,1999,20,39
850343-1,Soccer Player with Ball Key Chain,2004,503,0
850353-1,Darth Vader Key Chain,2008,503,0
850354-1,Yoda Key Chain,2005,503,0
850355-1,Stormtrooper Key Chain (with Lego logo on back),2002,503,0
850373-1,Lunch Box,2006,501,0
Jan-04,Jet / Judge Slizer,1999,20,44
850414-1,Zipper Pullers,2012,501,0
850416-1,Pink Hippo Key Chain,2012,503,0
850417-1,Monkey Key Chain,2012,503,0
850421-1,Coasters,2012,501,0
850423-1,Minifigure Presentation Boxes,2012,301,89
850424-1,Mug,2012,501,0
850425-1,Business Card Holder,2012,501,150
850426-1,Pencil Holder,2012,301,157
850432-1,Classic Magnet Set Collection,2012,501,6
850436-1,Friends Ice Cube Tray,2012,501,0
850437-1,Friends School Starter Pack,2012,501,0
850442-1,Lloyd ZX Key Chain,2012,503,0
850443-1,Venomari Warrior Key Chain,2012,503,0
850445-1,Character Card Shrine,2012,435,88
850446-1,Darth Maul Key Chain,2012,503,0
850447-1,Snowtrooper Key Chain,2012,503,0
850448-1,Luke Skywalker Key Chain,2012,503,0
850449-1,Minifigure Beach Accessory Pack,2012,535,64
850451-1,Lord Vampyre Key Chain,2012,503,0
850452-1,Ghost Key Chain,2012,503,0
850453-1,The Monster Key Chain,2012,503,0
850455-1,Ninjago Sheath with Snake Sword,2012,501,0
850456-1,I Love LEGOLAND Key Chain (Male),2012,503,0
850457-1,LEGOLAND Boy Magnet,2012,501,6
850458-1,VIP Top 5 Boxed Minifigures,2012,535,38
850486-1,Rock Band,2012,535,62
850487-1,Halloween Accessory Set,2012,230,58
850490-1,Chicago Key Chain,2013,503,0
850491-1,Orlando Key Chain,2012,503,0
850496-1,Anaheim Key Chain,2012,503,0
850497-1,Statue of Liberty Magnet,2012,501,10
850501-1,I (love) Orlando Figure Magnet,2012,501,6
850502-1,I Love Anaheim Minifigure Magnet,2012,501,6
850503-1,Christmas Tree Ornament,2012,227,3
850506-1,Card Making Kit,2012,501,0
850507-1,Spider-Man Key Chain,2012,503,0
Jan-05,Amazon / Jungle Slizer,1999,20,36
850510-1,Holiday Wrapping Paper,2012,501,0
850513-1,I Love Malaysia Magnet [Male],2012,501,6
850514-1,Mordor Orc Key Chain,2012,503,0
850515-1,Gandalf the Gray Key Chain,2012,503,0
850516-1,Gimli Key Chain,2012,503,0
850517-1,Lord of the Rings Magnet Set,2012,501,25
850529-1,Loki Key Chain,2012,503,0
850581-1,Friends Brick Calendar,2013,494,140
850591-1,Friends Name Sign,2013,501,29
850595-1,Friends Notebook,2014,501,16
850596-1,Heartlake City Playmat,2012,501,0
850597-1,Friends Carry Case,2013,501,31
850598-1,Legends of Chima Game Cards Binder,2013,501,0
850602-1,Cragger Key Chain,2013,503,0
850607-1,Eris Key Chain,2013,503,0
850608-1,Laval Key Chain,2013,503,0
850609-1,Worriz Key Chain,2013,503,0
Jan-06,Granite / Rock Slizer,1999,20,34
850611-1,Cragger's Shield,2013,501,0
850612-1,Cragger's Sword,2013,501,0
850614-1,Laval's Shield,2013,501,0
850615-1,Laval's Sword [Blue],2013,501,0
850617-1,City Police Accessory Set,2013,61,34
850618-1,City Fire Accessory Set,2013,58,43
850620-1,Duplo Monkey Plush,2013,501,0
850622-1,Golden Ninja Key Chain,2013,503,0
850628-1,Sword & Sheath,2013,501,0
850632-1,Battle Pack,2013,435,36
850634-1,R2-D2 Key Chain,2013,503,0
850635-1,Darth Vader Magnet,2013,501,2
850636-1,Luke Skywalker Magnet,2013,501,2
850637-1,Princess Leia Magnet,2013,501,0
850638-1,Han Solo Magnet,2013,501,1
850639-1,Chewbacca Magnet,2013,501,1
850640-1,Obi-Wan Kenobi Magnet,2013,501,2
850641-1,Darth Maul Magnet,2013,501,0
850642-1,Stormtrooper Magnet,2013,501,1
850643-1,Boba Fett Magnet,2013,501,0
850644-1,Yoda Magnet,2013,501,0
850646-1,Donatello Key Chain,2013,503,0
850648-1,Leonardo Key Chain,2013,503,0
850653-1,Michelangelo Key Chain,2013,503,0
850656-1,Raphael Key Chain,2013,503,0
850657-1,The Lone Ranger Key Chain,2013,503,0
850663-1,Tonto Key Chain,2013,503,0
850664-1,Batman Magnet,2013,501,1
850666-1,Spider-Man Magnet,2013,501,0
850670-1,Superman Magnet,2013,501,5
850673-1,Iron Man Magnet,2013,501,9
850674-1,Frodo Baggins Key Chain,2013,503,0
850680-1,Bilbo Baggins Key Chain,2013,503,0
850681-1,Frodo Baggins Magnet,2013,501,1
850682-1,Bilbo Baggins Magnet,2013,501,5
850686-1,Notebook with Studs,2013,501,83
850687-1,"NBA, Nuggets 04 Key Chain",2004,503,0
850691-1,"NBA, Heat 04 Key Chain",2003,503,0
850698-1,"NBA, New Orleans 04 Key Chain",2003,503,0
850702-1,Classic Picture Frame,2013,501,53
850705-1,Salt and Pepper Set,2013,501,0
850707-1,Pirate Photo Frame,2004,501,0
Jan-07,Electro / Energy Slizer,1999,20,37
850744-1,Princess Key Chain,2004,503,0
850751-1,Orlando Picture Frame,2013,425,102
850752-1,Paris Key Chain,2013,503,3
850760-1,I Love Paris Magnet [Male],2013,501,6
850761-1,Germany Key Chain,2013,503,0
850771-1,Brickley Key Chain,2013,503,26
850773-1,Duplo Crocodile Plush,2013,501,0
850775-1,Legends of Chima Speedorz Storage Box,2013,501,0
850776-1,Legends of Chima Playmat,2013,501,26
850779-1,Minifigure Accessory Set,2013,571,42
850781-1,Friends Carry Case House,2013,501,0
850789-1,Horse Bag Charm,2013,503,4
850791-1,Minifigure Birthday Set,2013,206,31
850794-1,Family Window Decals,2013,501,0
850797-1,Wall Stickers,2013,501,0
850798-1,Classic Name Sign,2013,301,41
850800-1,Hedgehog Bag Charm,2013,503,15
850801-1,Tokyo Key Chain,2011,503,0
850802-1,I Love Tokyo Magnet [Male],2011,501,6
850805-1,Drinking Bottle (Blue),2016,501,0
850806-1,Drinking Bottle (Pink),2016,501,0
850807-1,Gold Minifigure Key Chain,2013,503,0
850808-1,Gold 2x4 Stud Key Chain,2013,503,1
Jan-08,Supplementary Disks,1999,20,0
850813-1,Superman Key Chain,2013,503,0
850814-1,The Hulk Key Chain,2013,503,0
850815-1,Arctic Batman Key Chain,2013,503,0
850817-1,Friends Drinking Bottle,2016,501,0
850838-1,Splinter Key Chain,2013,503,0
850839-1,Classic Pirate Set,2013,153,43
850840-1,Gift Bag,2013,501,0
850841-1,Wrapping Paper,2013,501,0
850842-1,Fire Truck Holiday Bauble,2013,228,34
850843-1,Dinosaur Holiday Bauble,2013,228,25
850849-1,Friends Puppy Holiday Bauble,2013,227,29
850850-1,Santa Holiday Bauble,2013,228,23
850851-1,Lego Tree Holiday Bauble,2013,228,26
850852-1,Reindeer Holiday Bauble,2013,227,21
850880-1,Lanyard with Pass Holder,2004,501,0
850884-1,King Key Chain,2014,503,0
850886-1,Dragon Wizard Key Chain,2014,503,0
850888-1,Castle Knights Accessory Set,2014,186,36
850889-1,Castle Dragons Accessory Set,2014,186,42
850894-1,Emmet Key Chain,2014,503,0
850895-1,Wyldstyle Key Chain,2014,503,0
850896-1,Bad Cop Key Chain,2014,503,0
850898-1,The LEGO Movie Stationery Set,2014,501,48
850899-1,Legends of Chima Playmat,2014,501,0
850908-1,Rogon Key Chain,2014,503,0
850909-1,Sir Fangar Key Chain,2014,503,0
Jan-09,Swamp,2000,16,43
850910-1,Legends of Chima Minifigure Accessory Set,2014,571,53
850913-1,Fire and Ice Minifigure Accessory Set,2014,571,48
850918-1,Legends of Chima Ice Cube Tray,2014,501,0
850919-1,Legends of Chima Tumbler,2014,501,0
850921-1,Legends of Chima Sir Fangar Claw,2015,501,0
850929-1,City Playmat,2014,501,0
850932-1,Polar Accessory Set,2014,65,42
850933-1,Policeman Key Chain,2014,503,0
850935-1,Classic Minifigure Graduation Set,2014,301,28
850936-1,Halloween Set,2014,230,13
850939-1,Santa Set,2014,227,29
850949-1,Christmas Snow Hut Ornament,2014,228,45
850950-1,Christmas Cat Ornament,2014,228,34
850951-1,Girl Minifigure Key Chain,2015,503,0
850952-1,Classic Firetruck Bag Charm,2014,503,0
850953-1,Police Car Bag Charm,2014,503,0
850963-1,Friends Tumbler,2014,501,0
850964-1,Friends Towel,2014,501,0
850967-1,Jungle Accessory Set,2014,494,39
850972-1,Friends: Friendship Book,2014,497,0
850978-1,Olli Key Chain,2015,503,0
850996-1,Darth Vader Key Chain,2014,503,0
850997-1,Princess Leia Key Chain,2014,503,0
850998-1,Boba Fett Key Chain,2014,503,0
850999-1,Stormtrooper Key Chain,2014,503,0
851000-1,C-3PO Key Chain,2014,503,0
851002-1,Royal Guard Magnet,2015,501,6
851003-1,The Joker Key Chain,2014,503,0
851005-1,Batgirl Key Chain,2014,503,0
851006-1,Star-Lord Key Chain,2014,503,0
851007-1,Wolverine Magnet,2014,501,6
851008-1,Magnets (Small),2004,501,4
851009-1,Magnets (Medium),2005,501,8
Jan-10,Lava,2000,16,33
851010-1,Magnets,2004,501,14
851014-1,"Magnet Set, Hook",2003,501,5
851015-1,Legends of Chima Scorpion Sword & Shield,2014,501,0
851018-1,Scolder Key Chain,2014,503,0
851030-1,Harry Potter Key Chain,2004,503,0
851031-1,Hermione Key Chain,2005,503,0
851032-1,Hagrid Key Chain,2005,503,0
851033-1,Dumbledore Key Chain with 2 x 2 Tile with Harry Potter Logo,2004,503,0
851035-1,Vampire Key Chain,2004,503,0
851036-1,Ghost Key Chain,2005,503,0
851037-1,Train Worker Key Chain,2004,503,0
851039-1,Chef Key Chain,2004,503,0
851044-1,R2-D2 Key Chain,2004,503,0
851056-1,Bionicle Carry Case,2004,501,0
851091-1,R2-D2 Key Chain,2005,503,0
851097-1,"Sword, Toa Hordika Blazer Claw with Flame End",2004,501,0
851098-1,Toa Hordika Clip,2004,501,0
851-1,Tractor,1977,4,324
Jan-11,Frost,2000,16,43
851197-1,Classic Calculator,2007,501,0
Jan-12,Onyx,2000,16,36
851210-1,Lord Vladek Sword,2005,501,1
851211-1,Lord Jayko Sword,2005,501,1
851212-1,Lord Jayko Shield,2005,501,0
851213-1,Lord Vladek Shield,2005,501,0
Jan-13,Dust,2000,16,43
851316-1,R2-D2 Key Chain,2014,503,0
851317-1,Boba Fett Magnet,2014,501,9
851318-1,Sir Fangar Claw & Shield,2014,501,0
851320-1,Minifigure Notebooks,2014,501,0
851324-1,Dolphin Bag Charm,2014,503,3
851325-1,Jungle Playmat,2014,501,0
851330-1,I Love LEGOLAND Key Chain (Female),2015,503,0
851331-1,LEGOLAND Girl Magnet,2015,501,6
851332-1,I Love LEGOLAND Key Chain (Male),2015,503,0
851335-1,Ninja Sword,2015,501,0
851336-1,Ninja Fork Weapon,2015,501,0
851338-1,Ninja Belt & Throwing Star,2015,501,0
851339-1,Ninjago Bandana,2015,501,0
851341-1,Elves Playmat,2015,501,0
851342-1,Ninja Army Building Set,2015,435,37
851343-1,Ninjago Drinking Bottle,2015,501,0
851344-1,Tumbler,2015,501,0
851345-1,Ninjago Playmat,2015,501,0
851348-1,Ninjago Wall Stickers,2015,501,0
851351-1,Ninja Kai Key Chain,2015,503,0
851352-1,Titanium Ninja Zane Key Chain,2015,503,0
851353-1,Anacondrai Kapau Key Chain,2015,503,0
851354-1,Wrayth Key Chain,2016,503,0
851355-1,Legends of Chima Shield,2015,501,0
851356-1,Laval's Sword [Red],2015,501,0
851358-1,Holiday Bauble White Bricks,2015,227,62
851362-1,Friends Party Set,2015,494,60
851367-1,Friends Party Bags,2015,501,0
851368-1,Laval Key Chain,2015,503,0
851369-1,Icebite Key Chain,2015,503,0
851393-1,Mermaid Key Chain,2015,503,0
851394-1,Gingerbread Man Key Chain,2015,503,0
851395-1,Robot Key Chain,2015,503,0
851399-1,Minifigure Carry Case,2015,501,0
851400-1,Upscaled Mug Red,2015,501,0
851402-1,Wall Stickers,2015,501,0
851406-1,Metalized 2x4 Key Chain,2015,503,1
851407-1,Holiday Wrapping Paper,2015,501,0
Jan-14,Power,2000,16,31
851417-1,Friends Wall Stickers,2015,501,0
851441-1,Toa Hordika Vakama Mask,2004,501,0
851462-1,Anakin Key Chain,2007,503,0
851463-1,Clone Trooper Key Chain,2007,503,0
851464-1,Chewbacca Key Chain,2007,503,0
851490-1,Lord Vladek Mask,2005,501,1
851499-1,Knights' Kingdom Chess,2005,198,249
851501-1,Kitchen Egg Timer,2005,501,0
851502-1,Ice Cube Tray (Yellow),2007,501,0
Jan-15,RoboRider Wheels,2000,16,0
851524-1,Egg Cup Set,2007,501,0
851537-1,Fireman Key Chain,2007,503,0
851538-1,Agent Key Chain,2006,503,0
851576-1,Dolphin Bag Charm,2015,503,0
851578-1,Horse Bag Charm,2015,503,0
851584-1,Viking Key Chain,2006,503,0
851591-1,Piraka Ball Shooter,2006,501,0
851592-1,Piraka Key Light,2006,503,0
Jan-16,The Boss,2000,16,122
851617-1,Duplo Zoo Dinner Set,2007,501,0
851624-1,Police Cap,2007,501,0
851625-1,City Police Badge,2007,501,0
851626-1,Police Officer Key Chain,2008,503,0
851627-1,Key Chain Name Kit,2007,503,73
851641-1,Memory Game,2007,501,0
851648-1,Magnetic Notepad,2007,501,0
851652-1,Corkscrew and Bottle Opener,2006,501,0
851653-1,Store & Carry Case,2006,501,0
851658-1,Racer Key Chain,2008,503,0
851659-1,Boba Fett Key Chain,2008,503,0
851680-1,Santa Gift Wrap and Tags,2007,501,0
851683-1,Imperial Royal Guard Key Chain,2006,503,0
851686-1,Batman Key Chain,2007,503,0
851687-1,Robin Key Chain,2007,503,0
851689-1,DC Comics Minifigure Magnet Set,2007,501,13
Jan-17,Humungousaur,2010,270,15
851730-1,Professor Dumbledore Key Chain,2006,503,0
851734-1,King Jayko Key Chain,2006,503,0
851735-1,Dracus Key Chain,2006,503,0
851746-1,Pilot Key Chain,2006,503,0
851747-1,Doctor Key Chain,2006,503,0
851749-1,Salt and Pepper Shaker Set,2006,501,0
851757-1,Fire Extinguisher,2007,501,0
Jan-18,Jet Ray,2010,270,17
851814-1,The Joker Key Chain,2007,503,0
851815-1,Catwoman Key Chain,2007,503,0
851818-1,Hikaru Key Chain,2006,503,0
851821-1,Exo-Force Blaster,2006,501,0
851826-1,Brazil Footballer Key Chain,2006,503,0
851831-1,Viking Helmet,2006,501,0
851836-1,Exo-Force Magnet Set,2007,501,16
851838-1,SpongeBob Key Chain,2007,503,0
851839-1,Patrick Key Chain,2007,503,0
851841-1,Holiday Gift Wrap,2007,501,0
851846-1,Coaster Set,2006,501,0
851853-1,Mr. Krabs Key Chain,2007,503,0
851854-1,SpongeBob Minifigure Magnet Set,2006,501,9
851855-1,Gift Wrap,2007,501,0
851861-1,Vikings Chess Set,2006,474,206
851868-1,Belville Princess Crown,2007,501,0
851873-1,Porcelain Picnic Tea Set,2007,501,0
851875-1,Takadox Sword,2007,501,0
851876-1,Takadox Mask,2007,501,0
851877-1,Barraki Pump Action Water Gun,2007,501,0
851878-1,Splashy Barraki Squid,2007,501,0
851893-1,Exo-Force Rocket Launcher,2007,501,0
851894-1,King's Sword,2007,501,0
851895-1,King's Cape with Fur,2007,501,0
851896-1,King's Crown,2007,501,0
851897-1,City Fire Drinking Bottle,2007,501,0
851898-1,Fire Axe,2007,501,0
851899-1,Police Flashlight,2007,501,0
851901-1,Police Megaphone,2007,501,0
851902-1,City Police Investigator Set,2007,501,0
851903-1,Brick Backpack,2007,501,0
851904-1,Brick Wallet Blue,2007,501,0
851905-1,Brick Sports Bag (Blue),2007,501,0
851906-1,Activity Planner,2007,501,4
851908-1,Key Rack,2007,503,7
Jan-19,Big Chill,2010,270,21
851910-1,Classic Stripes Stationery Set (Pink),2007,501,0
851911-1,Classic Stripes Stationery Set (Blue),2007,501,0
851915-1,Brick Cake / Jelly Mould,2007,501,0
851917-1,Storage Tray Unit,2007,501,0
851918-1,Brick Lunch Bag,2007,501,0
851931-1,Pirate Cleaver,2007,501,0
851933-1,Pirate Sword,2007,501,0
851935-1,Splash Cannon Balls,2007,501,0
851936-1,Treasure Chest Coin Bank,2007,501,0
851937-1,Astromech Droid Key Chain,2007,503,0
851938-1,Princess Leia Key Chain,2007,503,0
851939-1,Star Wars Magnet Set,2007,501,15
851941-1,Viking Cape,2007,501,0
851942-1,Viking Armor,2007,501,0
851949-1,King's Shield,2007,501,0
851951-1,Classic Stripes Plastic Tumblers,2007,501,0
851954-1,Aquaraiders Stationery Set,2007,501,0
851955-1,Aqua Raiders Water Blaster,2007,501,0
851958-1,Secret Diary Plush,2007,501,0
851960-1,Duplo Zoo Sticker Sheet,2007,501,0
851970-1,Belville Stationery Set,2007,501,0
851973-1,Belville Ice Cube Tray,2007,501,0
851974-1,Bionicle Stationery Set,2007,501,0
851975-1,Toa Mahri Dart Shooter,2007,501,0
851976-1,Bionicle Notebook,2007,501,0
851988-1,Duplo Zoo Height Chart,2007,501,0
851994-1,Manga Tutorial Set,2007,501,0
851999-1,Hagrid Key Chain,2007,503,0
852000-1,Hermione Key Chain,2007,503,0
852001-1,Castle Chess Set,2007,193,286
852003-1,Castle Skeleton Sword,2007,501,0
852004-1,Castle Skeleton Shield,2007,501,0
852005-1,Knight Hero Helmet,2007,501,0
852007-1,Knight's Shield,2007,501,0
852008-1,Knight Hero Armor,2007,501,0
852009-1,Castle Minifigure Magnet Set,2007,501,21
Jan-20,Millennium/Millennia,2000,20,137
852011-1,City Stationery Set,2007,501,0
852012-1,City Minifigure Magnet Set,2007,501,21
852015-1,Construction Worker Vest,2007,501,0
852017-1,Foldable Ruler,2007,501,0
852018-1,Classic Stripes Towel,2007,501,0
852019-1,Space Hero Air Blaster,2007,501,0
852020-1,Space Hero Suit,2007,501,0
852021-1,Squidward Key Chain,2007,503,0
852023-1,Julius the Monkey Key Chain,2006,503,0
852026-1,Duplo Zoo T-shirt (Child),2007,501,0
852028-1,Duplo Zoo Hat,2007,501,0
852037-1,Exo-Force T-Shirt (Child),2007,501,0
852038-1,Exo-Force T-Shirt (Child),2007,501,0
852043-1,Racers Cap,2007,501,0
852053-1,Bionicle Barraki T-Shirt (Child),2007,501,0
852054-1,Bionicle Ehlek T-Shirt (Child),2007,501,0
852064-1,Classic Yellow T-Shirt (Child),2007,501,0
852066-1,Classic Stripes Slimfit Polo Shirt (Women),2007,501,0
852068-1,Classic Stripes Polo Shirt (Men),2007,501,0
852080-1,Two-Face Key Chain,2007,503,0
852081-1,The Penguin Key Chain,2007,503,0
852084-1,Classic Stripes Melamine Plates,2007,501,0
852085-1,Star Wars Magnet Set,2007,501,13
852086-1,"Star Wars Magnet Set: Darth Maul, Anakin and Naboo Fighter Pilot",2007,501,14
852088-1,Castle Skeleton Armor,2007,501,0
852089-1,DC Comics Minifigure Magnet Set,2007,501,23
852090-1,The Riddler Key Chain,2007,503,0
852091-1,Harry Potter Key Chain,2007,503,0
852095-1,Yellow Brick Key Chain,2007,503,1
852096-1,Green Brick Key Chain,2007,503,1
852097-1,Orange Brick Key Chain,2007,503,1
852098-1,Black Brick Key Chain,2007,503,1
852099-1,Lime Green Brick Key Chain,2007,503,1
852-1,Reconnaisance Helicopter,1977,4,364
852100-1,White Brick Key Chain,2007,503,1
Jan-21,Flare,2000,20,44
852113-1,Millennium Falcon Bag Charm,2007,503,37
852114-1,Y-Wing Fighter Bag Charm,2007,503,41
852115-1,Vader's TIE Fighter Bag Charm,2007,503,0
852116-1,Santa Gift Bag,2007,501,0
852117-1,City Gift Bag,2007,501,0
852119-1,Holiday Magnet Set,2007,227,15
852124-1,Santa Stocking,2007,501,0
852129-1,Emperor Palpatine Key Chain,2007,503,0
852130-1,Scarecrow Key Chain,2007,503,0
852131-1,Mr. Freeze Key Chain,2007,503,0
852132-1,Castle Tic Tac Toe,2007,193,86
852133-1,Santa Holiday Cards,2007,501,0
852145-1,Indiana Jones Key Chain,2008,503,0
852146-1,Professor Henry Jones Key Chain,2008,503,0
852147-1,Guard Key Chain,2008,503,0
852165-1,Jewelry Box with Sound Fairy,2008,501,0
852171-1,Phantoka Spheres Shooter,2008,501,0
852172-1,Bionicle Phantoka T-Shirt,2008,501,0
852182-1,Clikits Black Cat Key Chain,2008,503,0
852194-1,Dwarf Key Chain,2008,503,0
852198-1,Dwarf Foam Axe,2008,501,0
852204-1,Police Officer Minifigure T-Shirt,2008,501,0
852206-1,Firefighter Backpack,2008,501,0
Jan-22,Spark,2000,20,35
852214-1,Salt & Pepper Shakers,2008,501,0
852216-1,Easter Magnet Set,2008,229,9
852217-1,Plush Bunny with Bricks,2008,504,23
852221-1,Retro T-Shirt,2008,501,0
852227-1,Pirate Playing Cards,2009,501,0
852231-1,Castle Coin Bank,2008,501,96
852238-1,Mrs. Puff Key Chain,2008,503,0
852239-1,SpongeBob Spacesuit Key Chain,2008,503,0
852240-1,Sandy Key Chain,2008,503,0
852242-1,SpongeBob Space Magnet Set,2008,501,16
852243-1,Darth Vader T-Shirt,2009,501,0
852245-1,Landspeeder Bag Charm,2008,503,0
852246-1,Slave I Bag Charm,2008,503,0
852247-1,Jedi Starfighter Bag Charm,2008,503,0
852266-1,Ollie the Dragon Key Chain,2008,503,0
852270-1,Belville Coin Purse,2008,501,0
852271-1,Battle Pack Knights,2008,193,35
852272-1,Battle Pack Skeletons,2008,193,43
852273-1,Pink Brick Key Chain,2008,503,1
852274-1,Light Blue Brick Key Chain,2008,503,1
852279-1,Phantoka Sphere Shooter Accessory Pack,2008,501,0
852283-1,Picture Frame,2008,501,0
852286-1,Fashion Diary Stationery Set,2008,501,0
852292-1,Duplo Activity Set,2008,501,0
852293-1,Fantasy Era Castle Giant Chess Set,2008,193,2455
852294-1,Dwarf Helmet,2008,501,0
852302-1,Agents Gadget Pen,2008,501,0
852309-1,Light Up Brick Key Chain,2008,503,0
Jan-23,Blaster / Blaster Slizer,2000,20,89
852312-1,Batman Cap,2008,501,0
852314-1,Batman Key Chain,2008,503,0
852315-1,Harley Quinn Key Chain,2008,503,0
852317-1,Batman T-Shirt,2008,501,0
852318-1,Bionicle Phantoka Backpack,2008,501,0
852319-1,Phantoka Drinking Bottle,2008,501,0
852323-1,Bionicle Phantoka Wallet,2008,501,0
852330-1,Lanyard,2008,501,0
852331-1,Vintage Minifigure Collection Vol. 1,2008,535,21
852333-1,Keychain Name Programme,2008,503,64
852335-1,LEGO Classic Logo Notebook,2008,501,0
852336-1,Mechanical Pencil & Pen Set,2008,501,0
852339-1,Duplo Play Rug,2008,501,0
852341-1,Minifigure Ice Lollipop Mould,2008,501,0
852346-1,Yoda T-Shirt,2008,501,0
852347-1,Shock Trooper Key Chain,2008,503,0
852348-1,Rebel Trooper Key Chain,2008,503,0
852349-1,Shadow Trooper Key Chain,2008,503,0
852350-1,Anakin Skywalker Key Chain,2008,503,0
852351-1,Obi-Wan Key Chain,2008,503,0
852352-1,Plo Koon Key Chain,2008,503,0
852353-1,Ahsoka Tano Key Chain,2008,503,0
852354-1,Asajj Ventress Key Chain,2008,503,0
852355-1,Commander Cody Key Chain,2008,503,0
852356-1,Captain Rex Key Chain,2008,503,0
852394-1,Hero Sword,2008,501,0
852395-1,Writing Pad,2008,501,0
852396-1,Twinpocket Portfolio,2008,501,0
852397-1,Report Cover,2008,501,0
852445-1,Gold Brick Key Chain,2008,503,2
852454-1,Note Block,2008,501,0
852458-1,Brick Paper Clips,2008,501,0
852459-1,Photo Album,2008,501,0
852460-1,Magnetic Photo Frames,2008,501,0
852461-1,Gift Tag Stickers,2008,501,0
852462-1,Wrapping Paper & Gift Tags,2008,501,0
852467-1,Magnet Set - Small,2008,501,3
852468-1,Magnet Set - Medium,2008,501,5
852469-1,Magnet Set - Large,2008,501,10
852490-1,Belville Lunch Box,2009,501,0
852492-1,Belville Placemat,2009,501,0
852494-1,Bionicle T-Shirt,2009,501,0
852495-1,Foam Ice Sword,2009,501,0
852496-1,Bionicle Ball Shooter,2009,501,0
852497-1,Bionicle Backpack,2009,501,0
852498-1,Bionicle Cap,2009,501,0
852499-1,Duplo Polar Bear T-Shirt,2009,501,0
852500-1,Duplo Polar Bear Plush,2009,501,0
852504-1,Indiana Jones Magnet Set,2009,501,21
852505-1,Boulderax Key Chain,2009,503,0
852506-1,Meltrox Key Chain,2009,503,0
Jan-25,Kanohi Mask Pack - US Version,2001,324,3
852512-1,Archer Set,2009,501,0
852513-1,City Hero Magnet Set,2009,501,24
852514-1,City Police Handcuffs,2010,501,0
852516-1,City Placemat,2009,501,0
852517-1,City Police Lunch Box,2009,501,0
852520-1,Classic Minifigure T-shirt,2009,501,0
852521-1,Book Ends,2009,501,0
852522-1,Letters Building System,2009,301,179
852524-1,Minifigure Cookie Cutters,2009,501,0
852525-1,Cutlery Set,2009,501,0
852527-1,City Coat Rack,2009,501,0
852528-1,Kitchen Storage Set,2009,501,0
852529-1,Pro-Builder Toolbox,2009,501,0
852530-1,Rolling Cookie Cutter,2009,501,0
852534-1,Minifigure Head Kitchen Scale,2009,501,0
852535-1,Vintage Minifigure Collection Vol. 2,2009,535,22
852543-1,Pirates Magnet Set,2009,501,22
852544-1,Pirate Captain Key Chain,2009,503,0
852545-1,Treasure Box with Pop Up Pirate,2009,501,4
852547-1,SpongeBob Spacesuit Magnet Set,2009,501,21
852548-1,R7-A7 Key Chain,2009,503,0
852549-1,Count Dooku Key Chain,2009,503,0
852550-1,Yoda Key Chain,2009,503,0
852551-1,Magnet Set Darth Maul 2009,2009,501,24
852552-1,Star Wars Magnet Set,2009,501,18
852553-1,Star Wars Magnet Set,2009,501,18
852554-1,Star Wars Magnet Set,2008,501,21
852555-1,Magnet Set Star Wars,2009,501,22
852660-1,Ice Cube Tray (Blue),2008,501,0
852666-1,Brick Wall Photo Display,2009,425,87
852673-1,City Eraser Set,2009,501,0
852676-1,Travel Game,2009,501,82
852678-1,Classic Shoulder Bag,2009,501,0
852683-1,Belville Fairy Wash Towel,2009,501,0
852685-1,Animal Puzzle,2009,504,5
852688-1,Gold Minifigure Key Chain,2009,503,0
852689-1,Brick Sticky Notes,2009,501,0
852690-1,Designers' Tool Set,2009,501,2
852695-1,Bionicle Stationery Set,2009,501,0
852696-1,Duplo Picture Lottery,2009,501,0
852697-1,Vintage Minifigure Collection Vol. 3,2009,535,22
852701-1,Battle Pack Troll Warriors,2009,193,36
852702-1,Battle Pack Dwarfs,2009,193,45
852703-1,City Activity Stationery Set,2009,501,0
852704-1,Classic Girl Key Chain,2009,503,0
852706-1,Eraser Set,2009,501,0
852708-1,Minifigure Cake Mould,2009,501,0
852709-1,Space Shoulder Bag,2009,501,0
Jan-27,LEGO Mindstorms NXT,2006,259,579
852711-1,Admiral's Daughter Key Chain,2009,503,0
852713-1,SpongeBob Magnet Set,2009,501,29
852714-1,Squidward Key Chain,2009,503,0
852715-1,Star Wars Magnet Set,2009,501,19
852716-1,Mutt Williams Key Chain,2009,503,0
852717-1,Irina Spalko Key Chain,2009,503,0
852718-1,Colonel Dovchenko Key Chain,2009,503,0
852719-1,Indiana Jones Magnets,2009,501,19
852733-1,Felt Tip Pen Set,2009,501,0
852734-1,Erasers,2009,501,0
852735-1,Zipper Puller (Pink),2009,501,0
852736-1,Star Wars 10th Anniversary T-Shirt,2009,501,0
852737-1,Star Wars 10th Anniversary Stormtrooper Magnet,2009,501,6
852741-1,Build your own Holiday Countdown Candle,2009,227,165
852742-1,Holiday Magnet,2009,227,23
852743-1,Angel Key Chain,2010,503,0
852744-1,"Christmas Tree Ornaments, Build Your Own Holiday Ornaments",2009,228,72
852745-1,Metallized Magnet Set,2009,501,2
852747-1,Battle Pack Pirates,2009,153,40
852748-1,Pirates Coin Bank,2009,501,127
852749-1,Pirates Soldier Key Chain,2009,503,0
852750-1,Pirates Tic Tac Toe,2009,153,90
852751-1,Pirates Chess,2009,153,285
852753-1,Vintage Minifigure Collection Vol. 4,2009,535,25
852754-1,Coin Bank,2009,501,0
852759-1,Ruler,2009,443,1
852761-1,Castle Troll T-Shirt,2009,501,0
852762-1,Indiana Jones T-Shirt,2009,501,0
852763-1,Star Wars Stormtrooper T-Shirt,2009,501,0
852766-1,The LEGO Store KidsFest Exclusive Minifigure Set,2016,408,15
852768-1,Ice Cube Tray (Red),2009,501,0
852769-1,Vintage Minifigure Collection Vol. 5,2010,535,20
852771-1,Minifigure Ice Cube Tray,2010,501,0
852774-1,Shark Warrior Key Chain,2010,503,0
852775-1,Manta Warrior Key Chain,2010,503,0
852776-1,Lance Spears Key Chain,2010,503,0
852777-1,"Magnet Set, Atlantis",2010,501,21
852778-1,Atlantis Water Gun,2010,501,0
852779-1,Harpoon Blaster,2010,501,0
852780-1,Atlantis Sword,2010,501,0
852781-1,Atlantis Shield,2010,501,0
852782-1,Trident,2010,501,0
852783-1,Fairy Key Chain,2010,503,0
852786-1,Rose,2010,206,29
Jan-28,Converter Cables for Mindstorms NXT,2006,259,3
852810-1,Evolution of the Minifigure T-Shirt,2010,501,0
852815-1,White Spaceman Key Chain,2010,503,0
852820-1,Minifig Display Box,2010,501,15
852836-1,Admiral Ackbar Key Chain,2010,503,0
852837-1,C-3PO Key Chain,2010,503,0
852838-1,Wicket Key Chain,2010,503,0
852839-1,Nute Gunray Key Chain,2010,503,0
852840-1,Onaconda Farr Key Chain,2010,503,0
852841-1,Princess Leia Key Chain,2010,503,0
852842-1,Biker Scout Key Chain,2010,503,0
852843-1,Star Wars Magnet Set,2010,501,14
852844-1,Star Wars Magnet Set,2010,501,16
852845-1,Star Wars Magnet Set,2010,501,19
852847-1,Yoda T-Shirt,2010,501,0
852848-1,Woody Key Chain,2010,503,0
852849-1,Buzz Lightyear Key Chain,2010,503,0
852850-1,Jessie Key Chain,2010,503,0
852856-1,LEGO Club Max Key Chain,2010,503,0
852858-1,Foldable Shoppinh Bag (Red),2010,501,0
852862-1,Firax Key Chain,2010,503,0
852863-1,Duke Key Chain,2010,503,0
852889-1,Rock Band Key Chain,2010,503,0
852890-1,Rock Band Key Chain,2010,503,0
852907-1,Portal Emperor Key Chain,2010,503,0
Jan-29,Connector Cables for Mindstorms NXT,2006,259,7
852911-1,Court Jester Key Chain,2010,503,0
852912-1,Princess Key Chain,2010,503,0
852914-1,Good Knight's Armor,2010,501,0
852920-1,Dragon Armor,2010,501,0
852921-1,Battle Pack Lion Knights,2010,196,36
852922-1,Battle Pack Dragon Knights,2010,196,37
852939-1,Prince Dastan Key Chain,2010,503,0
852940-1,Princess Tamina Key Chain,2010,503,0
852941-1,Nizam Key Chain,2010,503,0
852942-1,Prince of Persia Magnet Set,2010,501,23
852944-1,Luke Skywalker Key Chain,2010,503,0
852945-1,Kit Fisto Key Chain,2010,503,0
852946-1,R4-P44 Key Chain,2010,503,0
852947-1,"Magnet Set, Star Wars - Kit Fisto, Barriss Offee, Captain Jag",2010,501,19
852948-1,Female Minifigure Magnet Set,2010,501,20
852949-1,Toy Story Magnet Set,2010,501,18
852950-1,Alien Key Chain,2010,503,0
852954-1,Harry Potter Key Chain,2010,503,0
852955-1,Ron Weasley Key Chain,2010,503,0
852956-1,Hermione Granger Key Chain,2010,503,0
852957-1,Rebeus Hagrid Key Chain,2010,503,0
852958-1,King Key Chain,2010,503,0
852960-1,Soccer Ball,2010,501,0
852979-1,Albus Dumbledore Key Chain,2010,503,0
852980-1,Severus Snape Key Chain,2010,503,0
852981-1,Dobby Key Chain,2010,503,0
852982-1,Harry Potter Magnet Set,2010,501,20
852983-1,Harry Potter Magnet Set,2010,501,19
852984-1,Key Covers,2010,501,0
852985-1,Duck Key Chain,2010,503,0
852986-1,Crocodile Key Chain,2010,503,0
852987-1,Penguin Key Chain,2010,503,0
852988-1,LEGO Logo Umbrella,2010,501,0
852990-1,LEGO Logo Mug,2010,501,0
852995-1,Ducks,2010,301,15
852996-1,Max,2010,301,4
852997-1,2011 Calendar,2010,501,0
852998-1,Birthday Party Kit,2010,501,40
Jan-30,Kanohi Mask Pack polybag - Non-US Version,2001,324,2
853036-1,Holiday Stocking,2010,501,0
853037-1,Star Wars Magnet Set,2010,501,20
853039-1,Clone Pilot Key Chain,2010,503,0
853040-1,Senate Commando Captain Key Chain,2010,503,0
853083-1,Hero Factory Mission Log Book,2011,501,0
853084-1,Ace Speedman Key Chain,2011,503,0
853085-1,Hammer Head Key Chain,2011,503,0
853086-1,Barracuda Guardian Key Chain,2011,503,0
853087-1,Atlantis Magnet Set,2011,501,27
853088-1,Wizard Key Chain,2011,503,0
853089-1,Princess Key Chain,2011,503,0
853091-1,Policeman Key Chain,2011,503,0
853092-1,City Burglars Magnet Set,2011,501,18
853096-1,Astronaut Key Chain,2011,503,0
853097-1,Kai Key Chain,2011,503,0
853098-1,Jay Key Chain,2011,503,0
853099-1,Cole Key Chain,2011,503,0
853-1,Auto Chassis,1977,4,608
853100-1,Zane Key Chain,2011,503,0
853101-1,Sensei-Wu Key Chain,2011,503,0
853102-1,Ninjago Magnet Set,2011,501,24
853105-1,Ninjago Sword,2011,501,0
853106-1,Ninjago 3D Battle Arena,2011,435,9
853108-1,Ninjago Headband,2011,501,0
Jan-31,Pohatu,2001,324,49
853111-1,Exclusive Weapon Training Set - Limited Edition,2011,435,33
853114-1,Ninjago Trading Card Holder,2011,501,1
853116-1,Boba Fett Key Chain,2011,503,0
853118-1,Emperor Palpatine Key Chain,2011,503,0
Feb-31,Pohatu - With mini CD-ROM,2001,324,50
853125-1,Bossk Key Chain,2011,503,0
853126-1,Star Wars Magnet Set,2011,501,18
853127-1,Cad Bane Key Chain,2011,503,0
853129-1,Aayla Secura Key Chain,2011,503,0
853130-1,Star Wars Magnet Set,2011,501,18
853131-1,Signature Minifigure Towel,2011,501,0
853132-1,Minifigure Mug,2011,501,0
853136-1,Minifigure Umbrella,2011,501,0
853143-1,Signature Minifigure Stationery Set,2011,501,0
853144-1,2 x 4 Brick Coin Bank,2011,501,0
853146-1,Signature Minifigure Playing Cards,2011,501,0
853147-1,LEGO Logo Wallet,2011,501,0
853148-1,Classic Logo Magnet,2011,501,0
853155-1,Photo Frame (LEGOLAND Florida Version),2013,425,5
853155-2,Photo Frame (LEGOLAND Windsor Version),2013,425,5
853155-3,Photo Frame (LEGOLAND Malaysia Version),2013,425,5
853165-1,Amset-Ra Key Chain,2011,503,0
853166-1,Jake Raines Key Chain,2011,503,0
853167-1,Anubis Guard Key Chain,2011,503,0
853168-1,"Magnet Set, Pharaoh's Quest",2011,501,20
853170-1,Pharaoh's Quest Sword,2011,501,0
853175-1,Pharaoh's Quest Coin Bank,2011,501,117
853176-1,Skeleton Mummy Battle Pack,2011,437,29
853179-1,Classic Minifigures Tote Bag,2010,501,0
853187-1,Captain Jack Sparrow Key Chain,2011,503,0
853188-1,Elizabeth Swann Key Chain,2011,503,0
853189-1,Captain Hector Barbossa Key Chain,2011,503,0
853191-1,Pirates of the Caribbean Magnet Set,2011,501,20
853195-1,Brick Calendar,2011,301,120
853200-1,Shaak Ti Key Chain,2011,503,0
853201-1,Jar Jar Binks Key Chain,2011,503,0
853209-1,Towel (Blue),2011,501,0
Jan-32,Onua,2001,324,30
853210-1,Towel (Red),2011,501,0
853211-1,Towel (Yellow),2011,501,0
853213-1,Drink Tumbler,2012,501,9
853216-1,Minifigure Sticker Set,2011,501,0
853219-1,Pirates of the Caribbean Battle Pack,2011,263,30
Feb-32,Onua - With mini CD-ROM,2001,324,33
853235-1,Storage Brick Box 2 x 2 (All Colors),2015,501,0
853240-1,Minifigure Wrapping Paper,2011,501,0
853247-1,Pirates Tumbler with Straw,2012,501,0
853261-1,Large Tote,2011,501,0
853274-1,FIRST LEGO League Key Chain (Male),2011,503,0
853275-1,FIRST LEGO League Key Chain (Female),2011,503,0
853297-1,SpongeBob Key Chain,2013,503,0
853301-1,Alien Conquest Battle Pack,2011,127,27
853305-1,Copenhagen Key Chain,2011,503,3
853306-1,Berlin Key Chain,2011,503,2
853307-1,Canada Key Chain,2011,503,0
853309-1,New York Key Chain,2011,503,0
Jan-33,Gali,2001,324,35
853313-1,Copenhagen LEGO Store Magnet [Male],2011,501,6
853317-1,I (love) NY Figure Magnet,2011,501,6
Feb-33,Gali - With mini CD-ROM,2001,324,36
853340-1,Minifigure Wedding Favor Set,2011,301,30
853344-1,Holiday Ornament with Red Bricks,2011,227,32
853345-1,Holiday Ornament with Gold Bricks,2011,227,42
853346-1,Holiday Ornament with Green Bricks,2011,227,38
853352-1,2012 US Calendar,2011,501,0
853353-1,Holiday Scene Magnet,2011,227,48
853355-1,Classic Gift Wrap,2011,501,0
853358-1,Heroica Storage Mat,2011,502,18
853370-1,Duplo Panda Plush,2012,501,0
853373-1,Kingdoms Chess,2012,196,329
853375-1,Fire Fighter Key Chain,2012,503,0
853378-1,City Firemen Minifigure Pack,2012,58,43
853379-1,Purple Brick Key Chain,2015,503,1
853380-1,Turquoise Brick Key Chain,2015,503,1
853383-1,Girl Magnet Set 2012,2012,501,21
853389-1,Friends Pen and Notebook,2012,501,0
853392-1,Friends White Dog Puppy Plush,2012,501,0
853393-1,Friends Picture Frame,2012,494,51
853394-1,Friends Jewellery Box,2012,501,0
853395-1,Friends Tumbler,2012,501,0
853396-1,Friends Bag,2012,501,0
853397-1,Friends Towel,2010,501,0
853400-1,Friends Mug,2012,501,0
853401-1,Kai Key Chain,2012,503,0
853402-1,Cole Key Chain,2012,503,0
853403-1,Hypnobrai Slithraa Key Chain,2012,503,0
853404-1,Ninjago Magnet Set,2012,501,24
853405-1,Snake Sword,2011,501,0
853406-1,Green Bandana,2011,501,0
853409-1,Ninjago Spinner Storage Box,2012,501,0
Jan-34,Tahu,2001,324,33
853410-1,Ninjago: Spinjitzu Card Collection Holder,2012,501,0
853412-1,Anakin Skywalker Key Chain,2012,503,0
853413-1,Watto Key Chain,2012,503,0
853414-1,Star Wars Magnet Set,2012,501,16
853419-1,Star Wars Magnet Set,2012,501,22
Feb-34,Tahu - With mini CD-ROM,2001,324,34
853421-1,Star Wars Magnet Set,2012,501,20
853429-1,Batman Key Chain,2012,503,1
853430-1,Superman Key Chain,2012,503,1
853431-1,Super Heroes Magnet Set,2012,501,20
853432-1,Super Heroes Magnet Set,2012,501,19
853433-1,Wonder Woman Key Chain,2012,503,1
853439-1,Upscaled Mug Purple,2015,501,0
853440-1,Friends Jewelry Set,2015,501,22
853441-1,Minidoll Carry Case,2015,501,2
853443-1,Name Sign,2015,494,0
853444-1,Friends Mirror,2015,501,0
853447-1,Ninja Sword & Sheath,2015,501,0
853448-1,Elves Diary,2015,501,0
853449-1,Yoda Key Chain,2015,503,0
853450-1,Emperor's Royal Guard Key Chain,2015,503,0
853451-1,Chewbacca Key Chain,2015,503,0
853452-1,Green Lantern Key Chain,2015,503,0
853454-1,Flash Key Chain,2015,503,0
853455-1,Supergirl Key Chain,2015,503,0
853456-1,Martian Manhunter Key Chain,2015,503,1
853457-1,Iron Man Magnet,2015,501,0
853461-1,Elves Bag Charm,2015,503,0
853463-1,Swamp Police Key Chain,2015,503,0
853464-1,Swamp Police Drinking Bottle,2015,501,0
853465-1,Upscaled Mug Blue,2015,501,0
853469-1,Wicket Key Chain,2015,503,0
853470-1,R2-D2 Key Chain,2015,503,0
853471-1,C-3PO Key Chain,2015,503,0
853472-1,Luke Skywalker Key Chain,2015,503,0
853474-1,Commander Gree Key Chain,2015,503,0
853475-1,Imperial Gunner Key Chain,2015,503,0
853476-1,Yoda Magnet,2015,501,5
853503-1,Macy's Mace,2016,501,0
853504-1,Clay's Sword,2016,501,0
853505-1,Knight's Sword,2016,501,0
853506-1,Knight's Shield,2016,501,0
853507-1,Knight's Power-Up Shield,2016,501,0
853508-1,Monster's Shield,2016,501,0
Jan-35,Lewa,2001,324,36
853510-1,Knight's Dress Up,2016,501,0
853511-1,Lava Monster Dress Up,2016,501,0
853515-1,Knights Army-Building Set,2016,605,35
853516-1,Monsters Army-Building Set,2016,605,30
853517-1,Nexo Knights Drinking Bottle,2016,501,0
853518-1,Nexo Knights Tumbler,2016,501,0
853519-1,Nexo Knights Playmat,2016,501,0
Feb-35,Lewa - With mini CD-ROM,2001,324,37
853520-1,Aaron Key Chain,2016,503,0
853521-1,Clay Key Chain,2016,503,0
853522-1,Macy Key Chain,2016,503,0
853524-1,Lance Key Chain,2016,503,0
853525-1,Jestro Key Chain,2016,503,0
853528-1,Nexo Knights Monsters Sketch Book,2016,501,0
853529-1,Ninjago Customizable Sword,2016,501,0
853530-1,Ninjago Skybound Shield,2016,501,0
853532-1,Ninjago Armor,2016,501,0
853533-1,Ninjago Bandana,2016,501,0
853534-1,Skybound Jay Key Chain,2016,503,0
853538-1,Skybound Cole Key Chain,2016,503,0
853543-1,Party Set,2016,435,60
853544-1,Ninjago Accessory Set,2016,435,36
853547-1,Emma Key Chain,2016,503,0
853548-1,Andrea Key Chain,2016,503,0
853549-1,Mia Key Chain,2016,503,0
853550-1,Stephanie Key Chain,2016,503,0
853551-1,Olivia Key Chain,2016,503,0
853552-1,Hand-Foot-Fun,2016,494,52
853555-1,Campsite Scrapbook,2016,501,0
853556-1,Mini-doll Campsite Set,2016,494,35
853559-1,Emily Jones Key Chain,2016,503,0
853560-1,Fire Elf Azari Key Chain,2016,503,0
853561-1,Wind Elf Aira Key Chain,2016,503,0
853562-1,Water Elf Naida Key Chain,2016,503,0
853563-1,Baby Wind Dragon Fledge Bag Charm,2016,503,1
853564-1,Me and My Dragon,2016,501,3
853565-1,Emily Jones' Diary Sketch Book,2016,501,0
853566-1,Fire Helmet,2016,501,0
853567-1,Fire Axe,2016,501,0
853568-1,Prison Guard Key Chain,2016,503,0
853569-1,Notebook with Studs,2016,501,61
853570-1,City Prison Island Accessory Pack,2016,61,26
853571-1,Hot Dog Guy Key Chain,2016,503,0
853572-1,Bumblebee Girl Key Chain,2016,503,0
853573-1,Yellow Car Bag Charm,2016,503,0
853574-1,Christmas Ornament Reindeer,2016,227,21
853575-1,"Minifigure Cake Mold, Blue",2016,501,0
853580-1,Key Rack,2016,503,33
853590-1,Superman Key Chain,2016,503,0
853591-1,Batman Key Chain,2016,503,0
853592-1,Black Widow Key Chain,2016,503,0
853593-1,Captain America Key Chain,2016,503,0
853595-1,Pirate Hat (Gold),2016,501,0
853596-1,Pirate Hat (Pink),2016,501,0
853597-1,Pirate Shield (Pink),2016,501,0
853599-1,New York Minifigure Magnet,2016,501,2
853600-1,Statue of Liberty Magnet [Rockefeller Square Exclusive],2016,501,11
853601-1,New York Key Chain,2016,503,0
853602-1,Finn Key Chain,2016,503,0
853603-1,Rey Key Chain,2016,503,0
853604-1,BB-8 Key Chain,2016,503,0
853605-1,Poe Dameron Key Chain,2016,503,0
853607-1,Halloween Trio (LEGOLAND Version),2018,425,15
853609-1,Minecraft Skin Pack,2016,577,25
Jan-36,Kopaka,2001,324,33
853610-1,Minecraft Skin Pack 2,2016,577,28
853611-1,Marvel Super Heroes Minifigure Display Frame,2016,501,46
Feb-36,Kopaka - With mini CD-ROM,2001,324,34
853632-1,Batman Key Chain,2017,503,0
853633-1,The Joker Key Chain,2017,503,0
853634-1,Robin Key Chain,2017,503,0
853635-1,Catwoman Key Chain,2017,503,0
853636-1,Harley Quinn Key Chain,2017,503,0
853637-1,Upscaled Mug Black,2017,501,0
853638-1,The LEGO Batman Movie Minifigure Collector Frame,2017,501,46
853639-1,Batman Tumbler,2017,501,0
853640-1,Four Stud Lunch Box Black,2017,501,0
853642-1,Batman Mask,2017,501,0
853644-1,The Joker Mask,2017,501,0
853645-1,Batgirl Mask,2017,501,0
853646-1,Harley Quinn Hammer,2017,501,0
853647-1,Batman Batarang,2017,501,0
853648-1,Roblin Bag Charm,2017,503,0
853649-1,Batman Notebook with Stud Cover,2017,501,59
853650-1,Movie Maker Set,2017,708,152
853651-1,The Batman Movie Accessory Set,2017,708,31
853652-1,Batman Minifigure Plush,2017,501,0
853653-1,Batgirl Minifigure Plush,2017,501,0
853654-1,Aira the Wind Elf Key Chain,2017,503,0
853656-1,City Playmat,2017,52,105
853659-1,City Police Handcuffs,2017,501,0
853660-1,The Joker Minifigure Plush,2017,501,0
853663-1,Iconic Holiday Magnet,2017,206,45
853664-1,Wrapping Paper,2017,501,0
853665-1,Iconic Tumbler,2017,501,0
853666-1,Shark Suit Guy Key Chain,2017,503,0
853667-1,Ballerina Key Chain,2017,503,0
853668-1,Iconic Drinking Bottle,2017,501,0
853669-1,Shopper Bag,2017,501,0
853670-1,Christmas Ornament Snowman,2017,227,25
853671-1,Heartlake City Playmat,2017,494,95
853676-1,Nexo Knights Accessory Set,2017,605,27
853677-1,Stone Monsters Accessory Set,2017,605,23
853678-1,Jestro's Sword,2017,501,0
853679-1,Forbidden Power Shield,2017,501,0
853680-1,Axl's Axe,2017,501,0
853681-1,Collect & Combine Powers Storage Box,2016,501,2
853682-1,Macy Key Chain,2017,503,1
853683-1,Jestro Key Chain,2017,503,0
853684-1,Lance Key Chain,2017,503,0
853685-1,Aaron Key Chain,2017,503,0
853686-1,Clay Key Chain,2017,503,0
853687-1,Elemental Masters Battle Pack,2017,435,26
853688-1,Time Blade Claw,2017,501,0
853689-1,Vermillion Sword,2017,501,0
853690-1,Kai Key Chain,2017,503,0
853691-1,Kai Minifigure Plush,2017,501,0
853692-1,Nya Minifigure Plush,2017,501,0
853694-1,Kai Key Chain,2017,503,0
853695-1,Zane Key Chain,2017,503,0
853696-1,Jay Key Chain,2017,503,0
853697-1,Cole Key Chain,2017,503,0
853698-1,Lloyd Key Chain,2017,503,0
853699-1,Nya Key Chain,2017,503,0
853700-1,Nunchucks,2017,501,0
853701-1,Sword & Sheath,2017,501,0
853702-1,Movie Maker Set,2017,616,164
853703-1,Director Krennic Key Chain,2017,503,0
853704-1,Jyn Erso Key Chain,2017,503,0
853705-1,Y-Wing Pilot Key Chain,2017,503,0
853706-1,Invincible Iron Man Key Chain,2017,503,0
853707-1,Star Lord Key Chain,2017,503,0
853708-1,Rocket Key Chain,2017,503,0
853709-1,Upscaled Mug [LEGO House Version],2018,501,0
Jan-37,Nui-Rama,2001,324,146
853711-1,LEGO House Boy Key Chain,2017,503,0
853712-1,LEGO House 2x4 Brick Key Chain,2017,503,0
853713-1,LEGO House Girl Key Chain,2017,503,0
853744-1,Knightmare Batman Accessory Set,2018,695,47
853747-1,Nya Mask,2018,501,0
853748-1,Nya Spear,2018,501,0
853749-1,Kai Katanas with Sheath,2018,501,0
853751-1,Lloyd Mask,2018,501,0
853753-1,Shuriken Claw,2018,501,0
853756-1,Misako Key Chain,2018,503,0
853757-1,Garmadon Key Chain,2018,503,0
853758-1,Jay's Kendo Training Pod,2018,435,28
853759-1,Cole's Kendo Training Pod,2018,435,29
853760-1,Spinjitzu Stunt Ramp,2018,501,0
853762-1,The Ninjago Movie Tumbler,2018,501,0
853763-1,The Ninjago Movie Hydration Bottle,2018,501,0
853764-1,Lloyd Minifigure Plush,2018,501,0
853765-1,Master Wu Minifigure Plush,2018,501,0
853766-1,Hot Dog Guy Minifigure Plush,2018,501,0
853767-1,Star Destroyer Bag Charm,2018,503,0
853768-1,Landspeeder Bag Charm,2018,503,0
853769-1,Han Solo Key Chain,2018,503,0
853770-1,BB-9E Key Chain,2018,503,0
853771-1,Black Panther Key Chain,2018,503,0
853772-1,Cyborg Key Chain,2018,503,0
853774-1,Olivia's Satellite Pod,2018,494,36
853775-1,Andrea's DJ Pod,2018,494,40
853776-1,Emma's Photo Studio Pod,2018,494,38
853777-1,Mia's Exploration Pod,2018,494,49
853778-1,Stephanie's Pool Pod,2018,494,33
853780-1,Creative Rings,2018,494,63
853781-1,Cinderella Key Chain,2018,503,0
853782-1,Belle Key Chain,2018,503,0
853788-1,Unikitty Activity Book,2018,497,0
853790-1,Unikitty Tumbler,2018,501,0
853791-1,Unikitty Hydration Bottle,2018,501,0
853792-1,Brick Separator Key Chain,2018,503,0
853793-1,2x4 Rose Gold Key Chain,2018,503,1
853794-1,Corn Cob Guy Key Chain,2018,503,0
853795-1,Butterfly Girl Key Chain,2018,503,0
853796-1,Penguin Holiday Ornament,2018,227,37
853797-1,Phone Cover with Studs,2018,501,47
853798-1,Notebook with Studs,2018,501,37
853802-1,Bumblebee Girl Plush,2018,501,0
853804-1,Lion Sword,2018,501,0
853807-1,Dragon Sword,2018,501,0
Jan-38,Muaka and Kane-ra,2001,324,633
853810-1,Train Holiday Ornament,2018,227,50
853812-1,LEGOLAND Hydration Bottle,2018,501,0
853813-1,LEGOLAND Pirate Magnet,2018,501,0
853815-1,Gifts Holiday Ornament,2018,227,50
853816-1,Mountain Police Key Chain,2018,503,0
853818-1,Steve Key Chain,2018,503,0
853819-1,Alex Key Chain,2018,503,0
853834-1,Hydration Bottle,2018,501,0
853835-1,Tumbler,2018,501,0
853836-1,LEGOLAND Stationery Set,2018,501,0
853840-1,Road Playmat,2018,646,11
853841-1,Sea Playmat,2018,646,11
853842-1,Park Playmat,2018,646,11
853843-1,Lester Key Chain,2018,503,0
853844-1,I Love LEGO Store Shanghai Key Chain,2018,503,0
853865-1,The LEGO Movie 2 Accessory Set,2019,670,48
853866-1,Oni Villains Accessory Set,2019,435,36
853867-1,Emmet Key Chain,2019,503,0
853868-1,Lucy Key Chain,2019,503,0
853869-1,Emmet's Construction Worker Vest,2019,501,0
853870-1,Batarang,2019,501,0
853871-1,Flail,2019,501,0
853872-1,Emmet Mask,2019,501,0
853873-1,Lucy Hair,2019,501,0
853874-1,Emmet's Construction Pod,2019,670,28
853875-1,Sweet Mayhem's Disco Pod,2019,670,29
853876-1,The LEGO Movie 2 Tumbler with Straw,2019,501,0
853877-1,Hydration Bottle,2019,501,0
853878-1,Sweet Mayhem Notebook,2019,501,0
853879-1,Emmet Plush,2019,501,0
853880-1,Lucy Plush,2019,501,0
853881-1,Friends Creative Bag Charms,2019,503,16
853882-1,Stephanie Key Chain,2019,503,0
853883-1,Olivia Key Chain,2019,503,0
853886-1,Friends Phone Cover,2019,501,53
853889-1,Friends Tumbler with Straw,2019,501,0
853890-1,Cookie Cutters,2019,501,0
853891-1,Friends Ceramic Mug,2019,501,0
853892-1,Friends Hair Accessory Set,2019,501,0
853893-1,Jay Key Chain,2019,503,0
853894-1,Nya Key Chain,2019,503,0
853895-1,Sword of Fire,2019,501,0
853896-1,Shurikens of Ice,2019,501,0
853897-1,Scythe of Quakes,2019,501,0
853898-1,Ninja Dress Up,2019,501,0
853899-1,Lloyd's Kendo Training Pod,2019,435,26
853900-1,4x4 Brick Magnets,2019,646,4
853901-1,Ninjago Tumbler with Straw,2019,501,0
853902-1,Creative Bag Charm,2019,503,17
853903-1,Brick Suit Guy Key Chain,2019,503,0
853904-1,Cactus Boy Key Chain,2019,503,0
853905-1,Elephant Girl Key Chain,2019,503,0
853906-1,Birthday Card,2019,206,39
853907-1,Toy Soldier Ornament,2019,227,43
853908-1,Tumbler with Straw,2019,501,0
853909-1,Thermo Cup,2019,501,0
Jan-39,Manas,2001,324,439
853910-1,Minifigure Ceramic Mug,2019,501,0
853911-1,Ice Cube Tray,2019,501,0
853912-1,Ice Lollipop Tray,2019,501,0
853913-1,Key Hanger,2019,503,44
853914-1,London Bus Magnet,2019,501,35
853915-1,4x4 Brick Magnets Classic,2019,646,4
853917-1,Creative Stationery Set,2019,501,19
853918-1,Firefighter Key Chain,2019,503,0
853919-1,City Police Vest,2019,501,0
853920-1,DUPLO Tableware,2019,501,0
853921-1,Brick Stickers,2019,646,17
853922-1,Creative Rings Pod,2019,301,45
853934-1,Pirate Hat (Boy),2020,501,0
853935-1,Pirate Hat (Girl),2020,501,0
853936-1,Pirate Eye Patch,2020,501,0
853937-1,Dragon Dress Up,2020,501,0
853940-1,Lion Dress Up,2020,501,0
853943-1,Princess Dress Up,2020,501,0
853944-1,Pirate Dress-Up (Boy),2020,501,0
853945-1,Pirate Dress-Up (Girl),2020,501,0
853946-1,Stormtrooper Key Chain,2019,503,0
853947-1,Luke Skywalker Key Chain,2019,503,0
853948-1,Princess Leia Key Chain,2019,503,0
853949-1,Kylo Ren Key Chain,2019,503,0
853950-1,Spider-Man Key Chain,2019,503,0
853951-1,Batman Key Chain,2019,503,0
853952-1,Superman Key Chain,2019,503,0
853953-1,Batwoman Key Chain,2019,503,0
853954-1,Ariel Key Chain,2019,503,0
853955-1,Aurora Key Chain,2019,503,0
853956-1,Creeper Key Chain,2019,503,0
853958-1,Chicken Skater Pod,2019,229,37
853960-1,2x6 Brick Key Chain,2019,503,0
853961-1,Friends Activity Book,2019,497,0
853963-1,Stop Sign Shield,2019,501,0
853967-1,Wooden Minifigure,2019,683,1
853967-2,Wooden Minifigure (Colette Mon Amour Limited Edition),2020,683,1
853968-1,Elsa Key Chain,2019,503,0
853969-1,Anna Key Chain,2019,503,0
853970-1,Olaf Key Chain,2019,503,0
853984-1,Ninjago Fork,2020,501,0
853985-1,Keytana,2020,501,0
853986-1,Customizable Weapon Set,2020,501,0
853989-1,Celebration Bag Charm,2020,503,28
853990-1,Easter Bunny House,2020,229,57
853992-1,2x4 Black Metallic Key Chain,2020,503,1
853993-1,2x4 Bright Blue Key Chain,2020,503,1
853995-1,Crayon Girl Key Chain,2020,503,0
853996-1,Jay Key Chain,2020,503,0
853997-1,Lloyd Key Chain,2020,503,0
853998-1,Mickey Key Chain,2020,503,0
853999-1,Minnie Key Chain,2020,503,0
854000-1,Friends Bag Charm,2020,503,0
854003-1,Poppy Key Chain,2020,503,0
854004-1,Branch Key Chain,2020,503,0
854005-1,Duke DeTain Key Chain,2020,503,0
854006-1,Venom Key Chain,2020,503,0
Jan-40,Vakama,2001,324,26
854011-1,Eiffel Tower Magnet Build,2020,501,29
854012-1,London Magnet Build,2020,501,27
854013-1,LEGOLAND Build Magnet,2020,501,33
854014-1,LEGO House Woman Key Chain,2020,503,0
854015-1,LEGO House Magnet,2020,501,25
854018-1,Police Handcuffs & Badge,2020,501,0
854021-1,Creative Bag Charm,2020,503,17
854022-1,Pirate Sword,2020,501,0
854023-1,Princess Sword,2020,501,0
854024-1,Princess Horse Shield,2020,501,0
854025-1,Pirate Shield,2020,501,0
854026-1,Dragon Shield,2020,501,0
854027-1,Dragon Knights Sword,2020,501,0
854028-1,Lion Shield,2020,501,0
854029-1,Lion Knights Sword,2020,501,0
854030-1,Empire State Building Magnet Build,2020,501,26
854031-1,Statue of Liberty Magnet,2020,501,11
854032-1,New York Key Chain,2020,503,0
854033-1,Ninjago Sword of Destiny,2020,501,0
854034-1,Crossing Katanas,2020,501,0
854035-1,Heavy Duty Fire Axe,2020,501,0
854037-1,Christmas Ornament Santa,2020,227,44
854038-1,Christmas Ornament Reindeer,2020,227,34
854039-1,Watermelon Guy Key Chain,2020,503,0
854040-1,Happy Santa Key Chain,2020,503,0
854041-1,Happy Helper Elf Key Chain,2020,503,0
854043-1,Otto Key Chain,2021,503,0
854048-1,Road Tape,2020,646,36
854049-1,Pumpkin & Bat Duo,2020,230,133
854050-1,Snowman & Reindeer Duo,2020,227,126
854064-1,Captain Marvel Key Chain,2020,503,0
854065-1,Water Tape,2020,646,24
854066-1,Birthday Guy Key Chain,2020,503,0
854067-1,Minifigure Factory Box,2019,408,0
854068-1,China Flower Girl Key Chain,2020,503,0
854071-1,Stuart Key Chain,2021,503,0
854074-1,Jade Blade,2021,501,0
854076-1,Lord Garmadon's Mega Weapon,2021,501,0
854077-1,Spider-Ham Key Chain,2021,503,0
854078-1,Thanos Key Chain,2021,503,0
854080-1,Peapod Girl Key Chain,2021,503,0
854081-1,Llama Girl Key Chain,2021,503,0
854082-1,Lady Liberty Key Chain,2021,503,0
854083-1,2x4 Green Metallic Key Chain,2021,503,0
854084-1,2x4 White Metallic Key Chain,2021,503,1
854085-1,Monkie Kid Key Chain,2021,503,0
854086-1,Red Son Key Chain,2021,503,0
854088-1,Forbidden City Magnet Build,2020,501,27
854090-1,Blue VIP Key Chain,2021,503,0
854-1,Go-Kart,1978,4,212
Jan-41,Matau,2001,324,25
854111-1,Donald Duck Key Chain,2021,503,0
854112-1,Daisy Duck Key Chain,2021,503,0
854114-1,Harry Potter Key Chain,2021,503,0
854115-1,Hermione Key Chain,2021,503,0
854116-1,Ron Key Chain,2021,503,0
854117-1,Ross Geller Key Chain,2021,503,0
854118-1,Chandler Bing Key Chain,2021,503,0
854119-1,Joey Tribbiani Key Chain,2021,503,0
854120-1,Rachel Green Key Chain,2021,503,0
854121-1,Monica Geller Key Chain,2021,503,0
854122-1,Phoebe Buffay Key Chain,2021,503,0
854124-1,The Mandalorian Key Chain,2021,503,0
854125-1,Sword of Fire,2021,501,0
854126-1,Lloyd's Dao with Sheath,2021,501,0
854145-1,Elmo Key Chain,2021,503,0
854146-1,Cookie Monster Key Chain,2021,503,0
854153-1,Miles Morales Key Chain,2022,503,0
854154-1,Carnage Key Chain,2022,503,0
854155-1,Voldemort Key Chain,2022,503,0
854156-1,Tasmanian Devil Key Chain,2022,503,0
854157-1,Lady Bug Girl Key Chain,2022,503,0
854158-1,French Bulldog Guy Key Chain,2022,503,0
854159-1,2 x 4 Sand Green Key Chain,2022,503,1
854186-1,Ahsoka Tano Key Chain,2022,503,0
854187-1,Grogu Key Chain,2022,503,0
854188-1,Darth Maul Key Chain,2022,503,0
854189-1,Black Panther Key Chain,2022,503,0
854190-1,Sylvester Key Chain,2022,503,0
854191-1,Winnie the Pooh Key Chain,2022,503,0
854193-1,Tigger Key Chain,2022,503,0
854194-1,Big Bird Key Chain,2022,503,0
854195-1,Ernie Key Chain,2022,503,0
854196-1,Goofy Key Chain,2022,503,0
854197-1,Demogorgon Key Chain,2022,503,0
854198-1,Dumbledore Key Chain,2022,503,0
854199-1,Daffy Duck Key Chain,2022,503,0
854200-1,Tweety Key Chain,2022,503,0
854203-1,Eeyore Key Chain,2022,503,0
Jan-42,Onewa,2001,324,29
Jan-43,Nokama,2001,324,27
Jan-44,Nuju,2001,324,29
Jan-45,Whenua,2001,324,27
Jan-46,Power Pack,2001,324,10
Jan-47,Mindstorms NXT 2.0,2009,259,621
Jan-48,Nui-Jaga,2001,324,212
Jan-49,Tarakava,2001,324,397
Jan-50,Gahlok Va,2002,324,26
855-1,Mobile Crane,1978,4,511
Jan-51,Kohrak Va,2002,324,28
Jan-52,Lehvak Va,2002,324,28
Jan-53,Pahrak Va,2002,324,27
Jan-54,Tahnok Va,2002,324,27
Jan-55,Nuhvok Va,2002,324,26
Jan-56,Boxor,2002,324,158
Jan-57,Exo-Toa,2002,324,376
Jan-58,Cahdok and Gahdok,2002,324,630
Jan-59,Krana,2002,324,108
Jan-60,Pahrak,2002,324,40
856-1,Bulldozer,1979,4,362
Jan-61,Nuhvok,2002,324,40
Jan-62,Gahlok,2002,324,40
Jan-63,Tahnok,2002,324,40
Jan-64,Lehvak,2002,324,40
Jan-65,Kohrak,2002,324,40
Jan-66,Onua Nuva,2002,324,41
Jan-67,Lewa Nuva,2002,324,37
Jan-68,Pohatu Nuva,2002,324,43
Jan-69,Krana,2002,324,25
Jan-70,Gali Nuva,2002,324,43
857-1,Motorbike with Sidecar,1979,4,403
Jan-71,Kopaka Nuva,2002,324,41
Jan-72,Tahu Nuva,2002,324,36
Jan-73,Nuhvok-Kal,2003,324,41
Jan-74,Tahnok-Kal,2003,324,41
Jan-75,Kohrak-Kal,2003,324,41
Jan-76,Lehvak-Kal,2003,324,41
Jan-77,Pahrak-Kal,2003,324,41
Jan-78,Gahlok-Kal,2003,324,41
Jan-80,Kraata,2003,324,0
858-1,Auto Engines,1980,4,242
Jan-81,Kopeke,2003,324,25
Jan-82,Matoro,2003,324,25
Jan-83,Hahli,2003,324,25
Jan-84,Hewkii,2003,324,25
Feb-84,Hewkii (Kabaya Promotional),2003,324,25
Jan-85,Hafu,2003,324,25
Feb-85,Hafu (Kabaya Promotional),2003,324,25
Jan-86,Macku,2003,324,25
Feb-86,Macku (Kabaya Promotional),2003,324,25
Jan-87,Panrahk,2003,324,44
Feb-87,Panrahk - With Shadow Kraata,2003,324,44
Mar-87,Panrahk - With mini CD-ROM,2003,324,45
Jan-88,Kurahk,2003,324,44
Feb-88,Kurahk - With Shadow Kraata,2003,324,44
Mar-88,Kurahk - With mini CD-ROM,2003,324,44
Jan-89,Lerahk,2003,324,44
Feb-89,Lerahk - With Shadow Kraata,2003,324,44
Mar-89,Lerahk - With mini CD-ROM,2003,324,45
Jan-90,Guurahk,2003,324,44
Feb-90,Guurahk - With Shadow Kraata,2003,324,44
Mar-90,Guurahk - With mini CD-ROM,2003,324,45
Jan-91,Vorahk,2003,324,44
Feb-91,Vorahk - With Shadow Kraata,2003,324,44
Mar-91,Vorahk - With mini CD-ROM,2003,324,44
Jan-92,Turahk,2003,324,44
Feb-92,Turahk - With Shadow Kraata,2003,324,43
Mar-92,Turahk - With mini CD-ROM,2003,324,45
Jan-93,Makuta,2003,324,199
Jan-94,Jaller and Gukko,2003,324,166
Jan-95,Takua and Pewku,2003,324,221
Jan-96,Takanuva,2003,324,199
Jan-97,Krana Nuva,2002,324,0
Jan-98,Kanohi Nuva & Krana Pack,2002,324,132
Jan-99,Krana-Kal Mask Pack,2003,324,0
8599-1-DUMMY-1,Dummy Set for 8599-1,2003,324,90
Jan-00,Krana-Kal Mask Bag polybag - Non-US version,2003,324,48
Jan-01,Toa Vakama,2003,324,48
Feb-01,Toa Vakama - 2004 San Diego Comic-Con Exclusive,2004,324,48
Jan-02,Toa Nokama,2004,324,46
Jan-03,Toa Whenua,2004,324,49
Jan-04,Toa Onewa,2004,324,45
Jan-05,Toa Matau,2004,324,46
Jan-06,Toa Nuju,2004,324,48
Jan-07,Nuhrii,2004,324,27
Jan-08,Vhisola,2004,324,27
Jan-09,Tehutti,2004,324,27
Jan-10,Ahkmou,2004,324,27
Jan-11,Orkahm,2004,324,27
Jan-12,Ehrye,2004,324,27
Jan-13,Kanoka Disk Launcher Pack,2004,324,2
Jan-14,Vahki Nuurakh,2004,324,32
Feb-14,Vahki Nuurakh Limited Edition with Movie Edition Vahi and Disk Of Time,2004,324,33
Jan-15,Vahki Bordakh,2004,324,32
Feb-15,Vahki Bordakh Limited Edition with Movie Edition Vahi and Disk Of Time,2004,324,33
Jan-16,Vahki Vorzakh,2004,324,32
Feb-16,Vahki Vorzakh Limited Edition with Movie Edition Vahi and Disk Of Time,2004,324,33
Jan-17,Vahki Zadakh,2004,324,32
Feb-17,Vahki Zadakh Limited Edition with Movie Edition Vahi and Disk Of Time,2004,324,33
Jan-18,Vahki Rorzakh,2004,324,32
Feb-18,Vahki Rorzakh Limited Edition with Movie Edition Vahi and Disk Of Time,2004,324,33
Jan-19,Vahki Keerakh,2004,324,32
Feb-19,Vahki Keerakh Limited Edition with Movie Edition Vahi and Disk Of Time,2004,324,33
Jan-20,Snow Scooter,1986,1,98
862011-1,Diver and Sawfish,2020,52,10
Jan-21,Turaga Dume and Nivawk,2004,324,180
Jan-22,Nidhiki,2004,324,170
Jan-23,Krekka,2004,324,213
Jan-24,Race for the Mask of Life,2006,341,507
Jan-25,Umbra,2006,324,179
Jan-26,Irnakk,2006,324,8
Jan-30,Mission 3: Gold Hunt,2008,302,352
Jan-31,Mission 1: Jetpack Pursuit,2008,302,88
Jan-32,Mission 2: Swamp Raid,2008,302,231
Jan-33,Mission 4: Speedboat Rescue,2008,302,342
Jan-34,Mission 5: Turbocar Chase,2008,302,497
Jan-35,Mission 6: Mobile Command Center,2008,302,1155
Jan-36,Mission 7: Deep Sea Quest,2008,302,521
Jan-37,Mission 8: Volcano Base,2008,302,716
Jan-38,Spy Jet Escape,2011,269,339
Jan-39,Big Bentley Bust Out,2011,269,745
Jan-40,Polar Copter,1986,1,242
Jan-41,Flame Glider,2005,112,54
Jan-42,Monster Crusher,2005,112,43
Jan-43,Power Cruiser,2005,112,46
Jan-44,Street Maniac,2005,112,36
Jan-45,Muscle Slammer Bike,2005,112,126
Jan-46,Speed Slammer Bike,2005,112,126
Jan-47,Night Racer,2005,112,76
Jan-48,Buzz Saw,2005,112,64
Jan-49,Nitro Menace,2005,112,622
Jan-50,Furious Slammer Racer,2005,112,254
Jan-51,Jumping Giant,2005,112,242
Jan-52,Enzo Ferrari 1:17,2005,114,478
Jan-53,Enzo Ferrari 1:10,2005,114,1358
Jan-54,Scuderia Ferrari Truck,2005,114,823
Jan-55,RX-Sprinter,2005,112,58
Jan-56,F6 Truck,2005,112,47
Jan-57,ATR 4,2005,112,39
Jan-58,Big Bling Wheelie,2005,112,32
Jan-60,Arctic Rescue Unit,1986,1,387
Jan-61,Carbon Star,2006,112,44
Jan-62,Blue Renegade,2006,112,49
Jan-63,Fat Trax,2006,112,42
Jan-64,Road Hero,2006,112,55
Jan-65,Highway Enforcer {Box},2006,112,53
Jan-66,TunerX,2006,112,61
Jan-67,Action Wheelie,2006,112,79
Jan-68,Side Rider 55,2006,112,110
Jan-69,Fire Spinner 360,2006,112,113
Jan-70,Jump Master,2006,112,105
Jan-71,Ferrari 430 Spider 1:17,2006,114,559
Jan-72,Ferrari Finish Line,2006,114,580
Jan-73,Ferrari F1 Fuel Stop,2006,114,189
Jan-74,Ferrari F1 Racer 1:8,2006,114,1246
Jan-75,Outdoor Challenger,2006,112,99
Jan-76,Sunset Cruiser,2006,112,54
Jan-77,Ultimate Build Mater,2011,269,288
Jan-78,Ultimate Build Francesco,2011,269,196
Jan-79,Tokyo International Circuit,2011,269,852
Jan-80,Arctic Rescue Base,1986,1,527
Jan-81,Tuner Garage,2006,112,658
Jan-82,Nitro Intimidator,2006,112,724
8683-0,Series 1 - Random Bag,2010,536,0
Jan-83,Tribal Hunter,2010,536,8
Oct-83,Super Wrestler,2010,536,5
Nov-83,Nurse,2010,536,7
Dec-83,Ninja,2010,536,6
8683-13,Spaceman,2010,536,8
8683-14,Forestman,2010,536,8
8683-15,Deep Sea Diver,2010,536,9
8683-16,Cowboy,2010,536,7
8683-17,Series 1 - Complete - All Sets,2010,536,0
Feb-83,Cheerleader,2010,536,7
Mar-83,Caveman,2010,536,6
Apr-83,Circus Clown,2010,536,6
May-83,Zombie,2010,536,6
Jun-83,Skater,2010,536,8
Jul-83,Robot,2010,536,6
Aug-83,Demolition Dummy,2010,536,6
Sep-83,Magician,2010,536,7
8684-0,Series 2 - Random Bag,2010,537,0
Jan-84,Mariachi / Maraca Man,2010,537,9
Oct-84,Weightlifter,2010,537,8
Nov-84,Pop Star,2010,537,6
Dec-84,Skier,2010,537,9
8684-13,Disco Dude,2010,537,6
8684-14,Karate Master,2010,537,6
8684-15,Surfer,2010,537,6
8684-16,Pharaoh,2010,537,6
8684-17,Series 2 - Complete - All Sets,2010,537,0
Feb-84,Spartan Warrior,2010,537,8
Mar-84,Circus Ringmaster,2010,537,6
Apr-84,Witch,2010,537,6
May-84,Vampire,2010,537,7
Jun-84,Traffic Cop,2010,537,7
Jul-84,Explorer,2010,537,7
Aug-84,Lifeguard,2010,537,6
Sep-84,Mime,2010,537,7
Jan-85,Toa Kopaka,2008,324,53
Jan-86,Toa Lewa,2008,324,51
Jan-87,Toa Pohatu,2008,324,67
Jan-88,Toa Gali,2008,324,60
Jan-89,Toa Tahu,2008,324,73
Jan-90,Toa Onua,2008,324,62
Jan-91,Antroz,2008,324,52
Jan-92,Vamprah,2008,324,48
Jan-93,Chirox,2008,324,48
Jan-94,Krika,2008,324,40
Jan-95,Gorast,2008,324,51
Jan-96,Bitil,2008,324,54
Jan-97,Toa Ignika,2008,324,140
Jan-98,Vultraz,2008,324,133
Jan-99,Takanuva,2008,324,267
Jan-00,Expert Builder Power Pack,1982,4,27
870-1,4.5V Supplementary Set,1977,4,22
Jan-01,King Jayko,2006,198,130
Jan-02,Lord Vladek,2006,198,112
Jan-03,Sir Kentis,2006,198,43
Jan-04,Sir Adric,2006,198,40
Jan-05,Dracus,2006,198,38
Jan-06,Karzon,2006,198,44
Jan-07,Boulder Blaster,2009,439,294
Jan-08,Cave Crusher,2009,439,260
Jan-09,Underground Mining Station,2009,439,636
Jan-10,Expert Builder Parts Pack,1980,19,124
8710823003677-1,City: Duke's Missie,2020,497,17
871082300572500120-1,Build & Celebrate Easter,2020,497,30
871-1,Supplementary Set,1977,4,78
Jan-12,Action Figures,1988,19,14
Jan-13,Ultimate Accessory Kit,2005,324,333
Jan-14,TECHNIC Team,1993,19,9
Jan-15,Ultimate Creatures Accessory Set,2005,324,395
Jan-19,Zamor Spheres,2006,324,10
Jan-20,Power Pack,1991,19,55
872-1,Supplementary Set,1978,4,77
Jan-21,Velika,2006,324,21
Jan-22,Kazi,2006,324,25
Jan-23,Piruk,2006,324,27
Jan-24,Garan,2006,324,21
Jan-25,Balta,2006,324,22
Jan-26,Dalu,2006,324,25
Jan-27,Inika Toa Jaller,2006,324,46
Jan-28,Inika Toa Hahli,2006,324,46
Jan-29,Inika Toa Nuparu,2006,324,55
Jan-30,Inika Toa Hewkii,2006,324,62
Jan-31,Inika Toa Kongu,2006,324,46
Jan-32,Inika Toa Matoro,2006,324,47
Jan-33,Axonn,2006,324,196
Jan-34,Brutaka,2006,324,191
Jan-35,Power Pack Motor Set,1998,19,60
Jan-36,Toa Hordika Vakama,2005,324,48
Jan-37,Toa Hordika Nokama,2005,324,48
Jan-38,Toa Hordika Whenua,2005,324,48
Jan-39,Toa Hordika Onewa,2005,324,48
Jan-40,Toa Hordika Matau,2005,324,48
874-1,Supplementary Set,1979,4,38
Jan-41,Toa Hordika Nuju,2005,324,48
Jan-42,Visorak Vohtarak,2005,324,47
Jan-43,Visorak Boggarak,2005,324,47
Jan-44,Visorak Oohnorak,2005,324,47
Jan-45,Visorak Roporak,2005,324,47
Jan-46,Visorak Keelerak,2005,324,47
Jan-47,Visorak Suukorak,2005,324,47
Jan-48,Rhotuka Spinners,2005,324,5
875-1,Supplementary Set,1979,4,38
Jan-55,Keetongu,2005,324,203
Jan-56,Sidorak,2005,324,211
Jan-57,Visorak Battle Ram,2005,341,194
Jan-58,Tower of Toa,2005,341,412
Jan-59,Battle of Metru Nui,2005,341,876
876-1,Supplementary Set,1979,4,38
Jan-61,Roodaka,2005,324,233
Jan-62,Toa Iruini,2005,324,53
Jan-63,Toa Norik,2005,324,55
Jan-64,Vezon & Fenrakk,2006,324,281
Jan-69,Visorak's Gate,2005,341,335
876993-1,Brick Eraser Set,2008,501,0
Jan-70,Danju,2004,198,42
877-1,Supplementary Set,1979,4,30
Jan-71,Jayko (European version without Cards),2004,198,45
Jan-72,Rascus (European version without Cards),2004,198,46
Jan-73,Santis (European version without Cards),2004,198,46
Jan-74,Vladek (European version without Cards),2004,198,48
Jan-77,Vladek Encounter,2004,198,45
Jan-78,Border Ambush,2004,198,180
Jan-79,The Grand Tournament,2004,198,324
Jan-80,Citadel of Orlan,2004,198,483
878-1,Supplementary Set,1979,4,52
Jan-81,Castle of Morcia,2004,198,661
Jan-82,Danju,2004,198,45
Feb-82,Danju [Target Exclusive],2004,198,48
Jan-83,Jayko (USA version with 3 Cards),2004,198,48
Feb-83,"Jayko (USA version with 6 Cards, Target Promo)",2004,198,51
Jan-84,Rascus (USA version with 3 Cards),2004,198,49
Feb-84,"Rascus (USA version with 6 Cards, Target Promo)",2004,198,52
Jan-85,Santis (USA version with 3 Cards),2004,198,49
Feb-85,"Santis (USA version with 6 Cards, Target Promo)",2004,198,52
8785452-1,MUJI Transparent Set,2010,301,0
8785476-1,MUJI Sea Set,2010,301,91
8785483-1,MUJI Circus Set,2010,301,91
8785490-1,MUJI Animals Set,2010,301,0
8785506-1,MUJI Colour Paper Pad and Perforation Grid,2010,301,0
Jan-86,Vladek (USA version with 3 Cards),2004,198,51
Feb-86,"Vladek (USA version with 6 Cards, Target Promo)",2004,198,54
Jan-90,"King Mathias (Series 1) Limited Edition with Map and Cape, European",2004,198,41
879-1,Supplementary Set,1979,4,87
Jan-91,Sir Danju,2005,198,42
Jan-92,Sir Jayko,2005,198,42
Jan-93,Sir Rascus,2005,198,44
Jan-94,Sir Santis,2005,198,44
Jan-95,Lord Vladek,2005,198,44
Jan-96,King Mathias (Series 2),2005,198,43
Jan-99,Knights' Castle Wall,2004,198,178
88000-1,Power Functions AAA Battery Box,2011,438,1
880001-1,Competition Racers with Stopwatch,1998,3,0
880002-1,World Cup German Starter Set,1998,462,1
880002-2,World Cup Dutch Starter Set,1998,462,1
880002-3,World Cup UK Starter Set,1998,462,1
880002-4,World Cup Austrian Starter Set,1998,462,1
Jan-00,Vladek's Siege Engine,2004,198,193
880010-1,Exclusive Roboriders Pack,2001,16,0
880011-1,Exclusive Roboriders Pack,2001,16,0
880012-1,Exclusive Roboriders Pack,2001,16,0
880015-1,Brick Game Cases for Nintendo DS - Plain,2011,501,3
88002-1,Power Functions Train Motor,2011,438,7
880021-1,Armor Case Kit for Nintendo DSi - Harry Potter,2011,501,25
88003-1,Power Functions L-Motor,2013,438,1
880031-1,Play and Build Kit for Nintendo DS - Pirates of the Caribbean,2011,501,15
880032-1,Play and Build Kit for Nintendo DS - Star Wars - Anakin Skywalker,2011,501,8
880033-1,Armor Case Kit for Nintendo DSi - Pirates of the Caribbean,2011,501,25
88004-1,Power Functions Servo Motor,2013,438,1
88005-1,Light,2018,655,1
88006-1,Move Hub,2019,655,1
88007-1,Color & Distance Sensor,2019,655,1
88008-1,Medium Linear Motor,2019,655,1
88009-1,Hub (Battery Box),2019,655,1
880-1,Supplementary Set,1979,4,22
88010-1,Remote Control,2019,655,1
Jan-01,Knights' Attack Barge,2005,198,167
88011-1,Train Motor,2019,655,7
88012-1,Technic Hub,2020,655,1
88013-1,Technic Large Motor,2020,655,1
88014-1,Technic XL Motor,2020,655,1
88015-1,Battery Box,2021,655,1
88016-1,Technic Large Hub,2021,258,2
88017-1,Large Angular Motor,2021,655,1
88018-1,Medium Angular Motor,2021,655,1
Jan-02,Dark Fortress Landing,2005,198,145
8803-0,Series 3 - Random Bag,2011,538,0
Jan-03,Fisherman,2011,538,9
Oct-03,Tennis Player,2011,538,6
Nov-03,Race Car Driver,2011,538,7
Dec-03,Gorilla Suit Guy,2011,538,6
8803-13,Space Alien,2011,538,6
8803-14,Hula Dancer,2011,538,8
8803-15,Rapper,2011,538,7
8803-16,Baseball Player,2011,538,6
8803-17,Series 3 - Complete - All Sets,2011,538,0
8803-18,4614581-1,2011,538,0
Feb-03,Pilot,2011,538,7
Mar-03,Tribal Chief,2011,538,6
Apr-03,Samurai Warrior,2011,538,7
May-03,Snowboarder,2011,538,7
Jun-03,Space Villain,2011,538,9
Jul-03,Sumo Wrestler,2011,538,6
Aug-03,Mummy,2011,538,5
Sep-03,Elf,2011,538,8
8804-0,Series 4 - Random Bag,2011,539,0
Jan-04,Lawn Gnome,2011,539,8
Oct-04,Sailor,2011,539,6
Nov-04,Soccer Player,2011,539,8
Dec-04,Werewolf,2011,539,6
8804-13,Hazmat Guy,2011,539,6
8804-14,Artist,2011,539,7
8804-15,Ice Skater,2011,539,8
8804-16,Crazy Scientist,2011,539,6
8804-17,Series 4 - Complete - All Sets,2011,539,0
Feb-04,Kimono Girl,2011,539,6
Mar-04,Musketeer,2011,539,7
Apr-04,Punk Rocker,2011,539,6
May-04,Surfer Girl,2011,539,6
Jun-04,Viking,2011,539,10
Jul-04,The Monster,2011,539,5
Aug-04,Hockey Player,2011,539,11
Sep-04,Street Skater,2011,539,8
8805-0,Series 5 - Random Bag,2011,540,0
Jan-05,Graduate,2011,540,7
Oct-05,Fitness Instructor,2011,540,6
Nov-05,Detective,2011,540,6
Dec-05,Evil Dwarf,2011,540,10
8805-13,Boxer,2011,540,5
8805-14,Egyptian Queen,2011,540,6
8805-15,Gangster,2011,540,7
8805-16,Snowboarder Guy,2011,540,6
8805-17,Series 5 - Complete - All Sets,2011,540,0
Feb-05,Gladiator,2011,540,7
Mar-05,Royal Guard,2011,540,6
Apr-05,Ice Fisherman,2011,540,8
May-05,Cave Woman,2011,540,7
Jun-05,Lizard Man,2011,540,6
Jul-05,Zookeeper,2011,540,7
Aug-05,Lumberjack,2011,540,6
Sep-05,Small Clown,2011,540,6
Jan-08,F1 Racer,1994,1,94
Jan-09,"King Mathias (Series 1) Limited Edition with Map and Cape, US",2004,198,44
Jan-10,Cafe Racer,1991,1,80
Jan-11,Toa Lhikan & Kikanalo,2004,324,217
Jan-12,Aero Hawk II,1994,1,149
Jan-13,Battle at the Pass,2006,198,380
Jan-15,Speedway Bandit,1991,1,78
Jan-16,Off-Road Rambler,1994,1,185
Jan-18,Baja Blaster,1993,1,120
Jan-20,Mountain Rambler,1991,1,139
Jan-21,Rogue Knight Battleship,2006,198,153
Jan-22,Gargoyle Bridge,2006,198,250
Jan-23,Mistlands Tower,2006,198,438
Jan-24,Hovercraft,1994,1,193
Jan-25,Night Chopper,1991,1,113
Jan-26,ATX Sport Cycle,1993,1,95
8827-0,Series 6 - Random Bag,2012,541,0
Jan-27,Classic Alien,2012,541,6
Oct-27,Roman Soldier,2012,541,7
Nov-27,Surgeon,2012,541,7
Dec-27,Skater Girl,2012,541,8
8827-13,Intergalactic Girl,2012,541,9
8827-14,Butcher,2012,541,7
8827-15,Mechanic,2012,541,7
8827-16,Genie,2012,541,7
8827-17,Series 6 - Complete - All Sets,2012,541,0
Feb-27,Highland Battler,2012,541,7
Mar-27,Sleepyhead,2012,541,6
Apr-27,Lady Liberty,2012,541,8
May-27,Bandit,2012,541,8
Jun-27,Flamenco Dancer,2012,541,6
Jul-27,Clockwork Robot,2012,541,6
Aug-27,Minotaur,2012,541,8
Sep-27,Leprechaun,2012,541,9
Jan-28,Front End Loader,1993,1,175
Jan-29,Dune Blaster,1994,1,278
Jan-30,Rally 6-Wheeler,1990,1,169
8831-0,Series 7 - Random Bag,2012,542,0
Jan-31,Swimming Champion,2012,542,6
Oct-31,Jungle Boy,2012,542,7
Nov-31,Hippie,2012,542,9
Dec-31,Computer Programmer,2012,542,7
8831-13,Viking Woman,2012,542,9
8831-14,Evil Knight,2012,542,8
8831-15,Rocker Girl,2012,542,6
8831-16,Grandma Visitor,2012,542,7
8831-17,Series 7 - Complete - All Sets,2012,542,0
Feb-31,Aztec Warrior,2012,542,7
Mar-31,Bunny Suit Guy,2012,542,7
Apr-31,Bride,2012,542,11
May-31,Ocean King,2012,542,7
Jun-31,Bagpiper,2012,542,7
Jul-31,Daredevil,2012,542,8
Aug-31,Galaxy Patrol,2012,542,7
Sep-31,Tennis Ace,2012,542,6
Jan-32,Roadster,1988,1,86
8833-0,Series 8 - Random Bag,2012,543,0
Jan-33,Evil Robot,2012,543,8
Oct-33,Santa,2012,543,7
Nov-33,Vampire Bat,2012,543,5
Dec-33,DJ,2012,543,7
8833-13,Red Cheerleader,2012,543,7
8833-14,Actor,2012,543,7
8833-15,Pirate Captain,2012,543,7
8833-16,Alien Villainess,2012,543,10
8833-17,Series 8 - Complete - All Sets,2012,543,0
Feb-33,Conquistador,2012,543,8
Mar-33,Lederhosen Guy,2012,543,7
Apr-33,Cowgirl,2012,543,6
May-33,Football Player,2012,543,8
Jun-33,Diver,2012,543,8
Jul-33,Downhill Skier,2012,543,9
Aug-33,Businessman,2012,543,7
Sep-33,Fairy,2012,543,8
Jan-35,Forklift,1989,1,240
Jan-36,Sky Ranger,1993,1,273
Jan-37,Pneumatic Excavator,1992,1,255
Jan-38,Shock Cycle,1991,1,247
Jan-39,Supply Ship,1992,1,532
Jan-40,Rally Shock n' Roll Racer,1991,1,229
Jan-41,Desert Racer,1983,1,180
Jan-42,Go-Cart,1986,1,282
8842497-1,City Vehicles Bundle Deal 2 In 1,2019,52,0
Jan-43,Fork Lift Truck,1984,1,275
Jan-44,Helicopter,1981,4,316
Jan-45,Dune Buggy,1981,4,174
Jan-46,Tow Truck,1982,4,379
Jan-47,Dragster,1983,4,250
Jan-48,Power Truck,1981,4,398
Jan-49,Tractor,1986,1,347
Jan-50,Rally Support Truck,1990,1,360
885-1,Space Scooter,1979,130,20
Jan-51,Excavator,1984,1,362
Jan-52,Robot,1987,1,327
Jan-53,Excavator / Digger,1988,1,326
Jan-54,Power Crane,1989,1,517
Jan-55,Prop Plane,1988,1,572
Jan-56,Whirlwind Rescue,1991,1,517
Jan-57,Street Chopper / Trike,1993,1,378
Feb-57,Motorcycle,1980,4,409
Jan-58,Rebel Wrecker,1994,1,463
Feb-58,Auto Engines,1980,4,242
Jan-59,Tractor,1981,4,612
Jan-60,Car Chassis,1980,4,676
886-1,Space Buggy,1979,130,20
Jan-62,Backhoe Grader,1989,1,679
Jan-63,Blizzard's Peak,2010,123,504
Jan-64,Desert of Destruction,2010,123,966
Jan-65,Test Car,1988,1,898
Jan-66,Train Motor (RC),2009,438,7
Jan-67,Flexible Train Track,2009,241,64
Jan-68,Airtech Claw Rig,1992,1,954
Jan-69,Power Functions Control Switch,2009,438,1
Jan-70,Power Functions Light,2009,438,1
Jan-71,Power Functions Extension Wire 50cm,2009,438,1
Jan-72,Forklift Transporter,1993,1,763
Jan-73,Fireball Catapult,2005,198,45
Jan-74,Battle Wagon,2005,198,130
Jan-75,King's Siege Tower,2005,198,131
Jan-76,Scorpion Prison Cave,2005,198,279
Jan-77,Vladek's Dark Fortress,2005,198,989
Jan-78,Rechargeable Battery Box,2009,438,1
Jan-79,IR Speed Remote Control,2009,438,1
887988499718-1,Storage Head Combo (Happy),2021,501,0
887988499725-1,Storage Head Combo (Winking),2021,501,0
Jan-80,Super Car,1994,1,1346
Jan-81,Power Functions Battery Box,2008,438,1
Jan-82,Power Functions XL-Motor,2008,438,1
Jan-83,Power Functions M-Motor,2008,438,1
Jan-84,Power Functions IR Receiver,2008,438,1
Jan-85,Power Functions IR Remote Control,2008,438,1
Jan-86,Power Functions Extension Wire,2008,438,1
Jan-87,Power Functions Transformer 10VDC,2009,438,1
Jan-88,Idea Book 8888,1980,498,1
Jan-89,Idea Book 8889,1984,498,1
Jan-90,Idea Book 8890,1988,498,1
889-1,Radar Truck,1979,130,29
Jan-91,Idea Book 8891,1991,498,1
Jan-92,Piraka Outpost,2006,341,211
Jan-93,Lava Chamber Gate,2006,341,375
Jan-94,Piraka Stronghold,2006,341,649
Jan-96,Snake Canyon,2010,123,57
Jan-97,Jagged Jaws Reef,2010,123,191
Jan-98,Wreckage Road,2010,123,288
Jan-99,Gator Swamp,2010,123,354
Jan-00,Reidak,2006,324,41
890-1,Windup Motor,1981,473,10
Jan-01,Hakann,2006,324,42
890-2,"Lockable Storage Box, Empty",1967,501,1
Jan-02,Vezok,2006,324,41
Jan-03,Zaktan,2006,324,42
Jan-04,Avak,2006,324,41
Jan-05,Thok,2006,324,42
Jan-07,Rock Hacker,2009,439,29
Jan-08,Monster Launcher,2009,439,13
8909-0,Team GB - Random Bag,2012,546,0
Jan-09,Brawny Boxer,2012,546,6
8909-17,Team GB - Complete - All Sets,2012,546,0
Feb-09,Stealth Swimmer,2012,546,6
Mar-09,Relay Runner,2012,546,7
Apr-09,Judo Fighter,2012,546,6
May-09,Tactical Tennis Player,2012,546,7
Jun-09,Flexible Gymnast,2012,546,9
Jul-09,Wondrous Weightlifter,2012,546,9
Aug-09,Horseback Rider,2012,546,6
Sep-09,Agile Archer,2012,546,7
Jan-10,Toa Mahri Kongu,2007,324,63
891-1,Two Seater Space Scooter,1979,130,39
Jan-11,Toa Mahri Jaller,2007,324,67
Jan-12,Toa Mahri Hewkii,2007,324,61
Jan-13,Toa Mahri Nuparu,2007,324,58
Jan-14,Toa Mahri Hahli,2007,324,58
891501-1,Kai,2015,435,9
891502-1,Krait,2015,435,7
891503-1,Cole,2015,435,11
891504-1,Weapon Rack,2015,435,25
891505-1,Jay,2015,435,9
891506-1,Ming,2015,435,8
891507-1,Zane,2015,435,9
891508-1,Anacondrai Hideout,2015,435,24
Jan-15,Toa Mahri Matoro,2007,324,62
891609-1,Kai,2016,435,13
Jan-16,Takadox,2007,324,62
891610-1,Clouse,2016,435,8
891611-1,Cole,2016,435,16
891612-1,Sqiffy,2016,435,8
891613-1,Kai's Dragon,2016,435,21
891614-1,Cyren,2016,435,10
891615-1,Jay,2016,435,14
891616-1,Bucko,2016,435,9
891617-1,Zane,2016,435,15
891618-1,Ronin,2016,435,15
891619-1,Pirate's Fighter,2016,435,22
891620-1,Nya,2016,435,10
Jan-17,Kalmah,2007,324,53
891721-1,Jay,2017,435,12
891722-1,Cole,2017,435,14
891723-1,Kai,2017,435,12
891724-1,Zane,2017,435,12
891725-1,Lloyd,2017,435,8
891726-1,Vermillion Warrior,2017,435,10
891727-1,Cole,2017,435,9
891728-1,Stone Swordsman,2017,435,7
891729-1,Kai,2017,435,10
891730-1,Nindroid,2017,435,8
891731-1,Zane,2017,435,10
891732-1,Chen,2017,435,8
Jan-18,Carapar,2007,324,50
891833-1,Jay,2018,435,13
891834-1,Lloyd,2018,435,8
891835-1,Sawyer,2018,435,11
891836-1,Scooter,2018,435,10
891837-1,Nya,2018,435,10
891838-1,Buffer,2018,435,9
891839-1,Cole,2018,435,22
891840-1,Jet Jack,2018,435,15
891841-1,Talon,2018,435,16
891842-1,Kai,2018,435,14
891843-1,Samurai X,2018,435,15
891844-1,Nitro,2018,435,26
Jan-19,Mantax,2007,324,58
891945-1,Young Wu,2019,435,9
891946-1,Jay,2019,435,8
891947-1,Heavy Metal,2019,435,11
891948-1,Iron Baron,2019,435,7
891949-1,Lloyd,2019,435,10
891950-1,Daddy No Legs,2019,435,30
891951-1,Nya,2019,435,9
891952-1,Blizzard Samurai,2019,435,9
891953-1,Cole,2019,435,18
891954-1,Pyro Whipper,2019,435,11
891955-1,Kai,2019,435,10
891956-1,Blizzard Samurai,2019,435,8
891957-1,Zane,2019,435,12
891958-1,Jay,2019,435,9
Jan-20,Ehlek,2007,324,54
892059-1,Kai,2020,435,6
892060-1,Lloyd,2020,435,6
892061-1,Ice Emperor,2020,435,10
892062-1,Cole,2020,435,21
892063-1,Nya,2020,435,10
892064-1,Jay,2020,435,13
892065-1,Zane,2020,435,16
892066-1,Lloyd,2020,435,8
892067-1,Kai,2020,435,7
892068-1,Richie,2020,435,8
892069-1,Jay,2020,435,12
892070-1,Murt,2020,435,11
892071-1,Cole,2020,435,12
Jan-21,Pridak,2007,324,47
892172-1,Lloyd,2021,435,11
892173-1,Zane,2021,435,14
892174-1,Skull Sorcerer,2021,435,7
892175-1,Jay,2021,435,12
892176-1,Thunder Keeper,2021,435,10
892177-1,Kai,2021,435,16
892178-1,Poulerik,2021,435,10
892179-1,Lloyd,2021,435,11
892180-1,Cole,2021,435,9
892181-1,Jay,2021,435,11
892182-1,Maaray Guard,2021,435,8
892183-1,Nya,2021,435,8
892184-1,Scuba Kai,2021,435,10
Jan-22,Gadunka,2007,324,176
892285-1,Benthomaar,2022,435,12
892286-1,Lloyd,2022,435,12
892287-1,Glutinous,2022,435,25
892288-1,Scuba Zane,2022,435,5
892289-1,Jay,2022,435,13
892290-1,Cole,2022,435,10
892291-1,Golden Dragon Kai,2022,435,17
892292-1,Lloyd,2022,435,13
892293-1,Golden Dragon Zane,2022,435,15
Jan-23,Hydraxon,2007,324,165
Jan-24,Maxilos and Spinax,2007,324,256
Jan-25,Barraki Deepsea Patrol,2007,341,228
Jan-26,Toa Undersea Attack,2007,341,399
Jan-27,Toa Terrain Crawler,2007,341,673
Jan-29,Defilak,2007,324,37
Jan-30,Dekar,2007,324,37
Jan-31,Thulox,2007,324,39
Jan-32,Morak,2007,324,40
Jan-34,Squid Ammo,2007,324,7
Jan-35,Nocturn,2007,324,116
Jan-39,Lesovikk,2007,324,149
Jan-40,Karzahni,2007,324,373
894-1,Mobile Ground Tracking Station,1979,130,79
Jan-41,Rockoh T3,2008,324,387
Jan-42,Jetrax T6,2008,324,419
Feb-42,Jetrax T6 Limited Edition,2008,324,419
Jan-43,Axalara T9,2008,324,693
Jan-44,Tanma,2008,324,14
Jan-45,Solek,2008,324,14
Jan-46,Photok,2008,324,14
Jan-47,Radiak,2008,324,16
Jan-48,Gavla,2008,324,14
Jan-49,Kirop,2008,324,14
895-1,Windup Motor,1986,473,10
Jan-52,Mutran & Vican,2008,324,90
Jan-53,Makuta Icarax,2008,324,159
Jan-54,Mazeka,2008,324,301
Jan-56,Stone Chopper,2009,439,32
Jan-57,Mine Mech,2009,439,68
Jan-58,Granite Grinder,2009,439,95
Jan-59,Claw Digger,2009,439,198
Jan-60,Thunder Driller,2009,439,236
Jan-61,Crystal Sweeper,2009,439,476
Jan-62,Crystal King,2009,439,169
Jan-63,Rock Wrecker,2009,439,225
Jan-64,Titanium Command Rig,2009,439,707
Jan-67,Gold Tooth's Getaway,2009,302,68
Jan-68,River Heist,2009,302,203
Jan-69,4-Wheeling Pursuit,2009,302,320
Jan-70,Robo Attack,2009,302,414
897-1,Mobile Rocket Launcher,1979,130,77
Jan-71,Aerial Defense Unit,2009,302,733
Jan-72,Atakus,2009,324,15
Jan-73,Raanu,2009,324,16
Jan-74,Tarduk,2009,324,19
Jan-75,Berix,2009,324,17
Jan-76,Metus,2009,324,16
Jan-77,Zesk,2009,324,18
Jan-78,Skrall,2009,324,50
Jan-79,Malum,2009,324,59
Jan-80,Gresh,2009,324,55
Jan-81,Tarix,2009,324,57
Jan-82,Strakk,2009,324,46
Jan-83,Vorox,2009,324,51
Jan-84,Stronius,2009,324,55
Jan-85,Ackar,2009,324,55
Jan-86,Vastus,2009,324,52
Jan-87,Kiina,2009,324,43
Jan-88,Gelu,2009,324,52
Jan-89,Mata Nui,2009,324,52
Jan-90,Fero and Skirmix,2009,324,148
Jan-91,Tuma,2009,324,188
Jan-92,Cendox V1,2009,324,151
Jan-93,Kaxium V3,2009,324,251
Jan-94,Baranus V7,2009,324,263
Jan-95,Thornatus V9,2009,324,438
Jan-96,Skopio XV-1,2009,324,848
Jan-98,Toa Mata Nui,2009,324,366
900-1,Universal Motor Set,1973,473,24
Feb-01,Medium Storage Bin (Blue),2007,528,2
9001239-1,The Joker Buildable Watch,2014,501,0
9001772-1,Racers Buildable Watch with Car,2011,501,44
9001857-1,Space Police Watch,2009,501,9
900-2,4 Small Wheels with Accessories,1969,371,12
9002014-1,Creator Watch,2002,501,20
9002052-1,Anakin Skywalker Watch,2011,501,30
9002076-1,Yoda Watch,2011,501,31
9002090-1,Count Dooku Minifigure Link Watch,2010,501,33
Jan-02,Rattles,1986,516,6
9002274-1,City Policeman Alarm Clock,2011,501,0
9002687-1,Woody Watch with Building Toy,2011,501,29
9002700-1,Buzz Lightyear Minifigure Link Watch,2011,501,33
9002731-1,Woody Alarm Clock,2011,501,0
9002908-1,Darth Vader Watch,2011,501,0
9002922-1,Stormtrooper Watch,2011,501,31
9002953-1,Darth Maul Watch,2009,501,32
9003073-1,Anakin Skywalker Alarm Clock,2011,501,0
9003400-1,Kingdoms Watch With Building Toy,2011,501,8
9003936-1,Captain Rex Alarm Clock,2012,501,0
Jan-04,Activity Playthings,1986,516,0
9004360-1,Buildable Watch [Girl],2011,501,21
9004889-1,Lasha Buildable Watch with Toy,2012,501,31
9005008-1,Time Teacher [Boy],2012,501,102
9005039-1,Time Teacher [Girl],2012,501,73
Jan-06,Play and Build Center,1986,516,14
Jan-08,Baby Set,1986,516,15
901-1,4.5V Motor Set,1976,473,31
901-2,2 Large Wheels with Accessories,1969,371,7
Jan-17,Baby Discovery Set,2003,516,46
Feb-90,Educational Box - Empty,1965,513,1
Jan-20,Soft Starter Set,1998,526,84
902-1,5 Turntables,1969,371,5
Jan-21,Medium Set of Soft Bricks,1999,526,52
Jan-22,Extra Soft Bricks,1999,526,32
Jan-23,Soft Brick Activity Set,2000,526,7
Jan-26,Preschool Building Toy,2005,516,92
Jan-27,Bulk Set,2007,516,144
Jan-30,Animates (Explore),2003,516,118
903-1,Train Wheels and Couplers,1969,371,10
Jan-31,Vehicles,2003,516,35
904940-1,Workshop Kit Spinning Top (2007 Version),2007,516,10
Jan-50,Basic Set Large,1988,516,167
905-1,Doll Set,1963,365,266
Jan-51,Basic Set Giant,1992,516,198
Jan-55,Basic Set - Animals,1991,516,129
Jan-57,Two Pullback Motors,1992,516,2
Jan-58,Large Building Plates,1987,516,2
Jan-59,Building Plates,1997,516,2
Jan-60,Small Building Plates,1986,516,6
906-1,12 doors and 5 hinges,1969,371,17
Jan-61,Duplo Basic Green Bucket,1994,516,66
Jan-63,Basic Circus,1999,516,305
Jan-64,Basic Town,1999,516,208
Jan-65,Basic Medium Set,1999,516,145
Feb-65,Brick Bulk Set,1999,516,147
Jan-66,Basic Large Set,1999,516,0
Jan-67,Basic Brick Runner,1999,516,116
Jan-70,Super Value Pack,1995,516,0
Jan-71,Building Plates,1998,516,2
Jan-75,Music Builder (Explore),2003,516,0
Jan-76,Tubes Experiment Set with Storage,2008,516,149
Jan-77,Brick Runner Set,2009,516,132
Jan-78,Special Elements Set,2009,516,109
Jan-79,Small Building Plates,2009,516,15
Jan-80,Giant Basic Set,1997,516,0
Jan-81,Large Basic Set,1997,516,198
Jan-85,Basic Building Bricks,1997,516,0
Jan-87,Tubes,2000,516,157
Jan-89,Tubes Experiment Set,2004,516,157
Jan-90,XL Bulk Set,2008,516,564
Feb-90,XL Bulk Set,2019,516,564
Jan-91,Playhouse Set,2010,516,125
Jan-92,Crazy Demon,2012,112,86
Jan-93,Bone Cruncher,2012,112,87
Jan-94,Star Striker,2012,112,89
Jan-95,Nitro Predator,2012,112,87
9月1日,Universal Building Set,1978,469,116
910001-1,Castle in the Forest,2021,719,1953
910003-1,Mountain Windmill,2022,719,2087
910009-1,Modular LEGO Store,2022,719,2124
910010-1,Great Fishing Boat,2021,719,1609
910013-1,Retro Bowling Alley,2022,719,2795
910015-1,Clockwork Aquarium,2022,719,876
910016-1,Sheriff鈥檚 Safe,2021,719,578
910017-1,Kakapo,2021,719,1063
910023-1,Venetian Houses,2022,719,3462
910028-1,Pursuit of Flight,2021,719,541
910-1,Universal Building Set,1976,469,318
Jan-01,Duplo Toolo Large Set,1995,516,86
Jan-02,Small Duplo Toolo Set,1992,516,30
Jan-03,Medium First Tools for Technology Set,1994,516,56
Jan-04,Giant First Tools for Technology,1995,516,85
Jan-05,Large First Tools for Technology Set,1995,516,65
Jan-06,Duplo Toolo Medium Set,1995,516,46
Jan-07,Small First Tools for Technology,1995,516,40
911-1,Universal Building Set,1976,469,401
911506-1,Snowspeeder,2015,158,19
911508-1,Slave One,2015,158,20
911509-1,Imperial Shooter,2015,158,20
911510-1,Star Destroyer & TIE Fighter,2015,158,21
911511-1,Jedi Weapon Stand,2015,158,16
911607-1,Millennium Falcon,2016,158,42
911608-1,Landspeeder,2016,158,37
911609-1,Naboo Starfighter,2016,158,34
911610-1,Probe Droid,2016,158,21
911611-1,AAT,2016,158,37
911612-1,Acklay,2016,158,49
911613-1,TIE Bomber,2016,158,26
911614-1,Yoda's Hut,2016,158,29
911615-1,AT-AT,2016,158,48
911616-1,MTT,2016,158,45
911617-1,Palpatine's Shuttle,2016,158,37
911618-1,Flash Speeder,2017,158,43
911719-1,Kanan Jarrus,2017,158,6
911720-1,The Ghost,2017,158,50
911721-1,Imperial Combat Driver,2017,158,5
911722-1,TIE Advanced,2017,158,26
911723-1,Vulture Droid,2017,158,35
911724-1,A-Wing,2017,158,47
911725-1,Sandcrawler,2017,158,50
911726-1,Imperial Snowtrooper,2017,158,7
911727-1,Rey's Speeder,2017,158,35
911728-1,First Order Snowspeeder,2017,158,44
911729-1,Droid Gunship,2017,158,25
911730-1,Y-Wing,2017,158,60
911831-1,Kylo Ren's Shuttle,2018,158,21
911832-1,Imperial Shuttle Pilot,2018,158,5
911833-1,Imperial Shuttle,2018,158,36
911834-1,Finn,2018,158,5
911835-1,Dwarf Spider Droid,2018,158,23
911836-1,Quadjumper,2018,158,42
911837-1,AT-ST,2018,158,48
911838-1,Probe Droid,2018,158,26
911839-1,Obi-Wan Kenobi,2018,158,6
911840-1,Droideka,2018,158,24
911841-1,Poe Dameron's X-Wing,2018,158,48
911842-1,Star Destroyer,2018,158,35
Jan-19,Bob the Builder Set,2001,516,109
911943-1,Luke Skywalker,2019,158,6
911944-1,Resistance Bomber,2019,158,37
911945-1,Slave I,2019,158,31
911946-1,U-Wing,2019,158,37
911947-1,IG-88,2019,158,11
911948-1,AT-M6,2019,158,52
911949-1,Millennium Falcon,2019,158,32
911950-1,B-Wing,2019,158,52
911951-1,First Order Stormtrooper,2019,158,5
911952-1,Jedi Interceptor,2019,158,30
911953-1,First Order SF TIE Fighter,2019,158,32
911954-1,Kylo Ren's TIE Silencer,2019,158,33
Jan-20,Light and Sound,2000,516,5
912055-1,Snowspeeder,2020,158,28
912056-1,TIE Striker,2020,158,28
912057-1,R2-D2 & MSE-6,2020,158,13
912058-1,Darth Maul's Sith Infiltrator,2020,158,34
912059-1,Elite Praetorian Guard,2020,158,7
912060-1,A-Wing,2020,158,44
912061-1,AT-AT,2020,158,51
912062-1,Stormtrooper,2020,158,5
912063-1,Resistance X-Wing,2020,158,42
912064-1,Sith Eternal TIE Dagger,2020,158,37
912065-1,Luke Skywalker,2020,158,7
912066-1,Jedi Interceptor,2020,158,33
912067-1,TIE Interceptor,2020,158,42
912-1,Universal Building Set,1976,469,472
Jan-21,Giant Airport,1999,516,97
912168-1,Mandalorian Warrior,2021,158,10
912169-1,Emperor Palpatine,2021,158,7
912170-1,V-Wing,2021,158,45
912171-1,TIE Bomber,2021,158,28
912172-1,Jedi Starfighter,2021,158,29
912173-1,Rey + BB-8,2021,158,8
912174-1,Sith Trooper,2021,158,5
912175-1,AT-ST Raider,2021,158,53
912176-1,Clone Turbo Tank,2021,158,57
912177-1,Resistance A-Wing,2021,158,45
912178-1,Republic Gunship,2021,158,51
912179-1,Snowtrooper,2021,158,5
Jan-22,Vehicles,1998,516,76
912280-1,Millennium Falcon,2022,158,41
912281-1,Clone Trooper,2022,158,5
912282-1,AT-AT,2022,158,52
912283-1,Tusken Raider,2022,158,7
912284-1,Razor Crest,2022,158,41
912285-1,Darth Maul,2022,158,7
912286-1,Mandalorian Warrior,2022,158,7
912287-1,Mandalorian Starfighter,2022,158,31
Jan-23,Supplementary Set,1999,516,56
Jan-24,Transportation Set,1999,516,31
Jan-25,Intelligent Train Set,2003,516,134
Jan-26,Dolls Medium Set,2001,516,28
Jan-27,Dolls Large Set,2001,516,76
Jan-28,Big Wheelers,1999,516,53
Jan-29,Little Forest Friends,1999,516,137
Jan-30,Around-The-House Set,2002,516,127
Jan-31,Theatre Set (Theater),2002,516,109
Jan-32,Community Transport Set,2004,516,49
Jan-33,Farm,1998,516,96
Jan-34,Life-on-the-Farm,2002,516,105
Jan-37,Farm Animals,1998,516,36
Jan-39,Push Train,1998,516,76
914-1,"Windows, Red",1969,371,10
914-2,"Windows, White",1969,371,10
Jan-46,Rails & Switches,1998,516,16
Jan-48,Home,1998,516,89
Jan-49,Pony Stables,1998,516,72
Jan-50,Duplo Furniture,1986,516,76
915-1,6 bricks with 16 and 20 studs and 3 Angle Bricks White/Red,1969,371,9
Jan-51,Family,1986,516,10
Jan-52,House,1988,516,126
Jan-53,Train,1986,516,173
Jan-54,Bridge and Rails,1989,516,38
Jan-55,Circus,1988,516,66
Jan-56,Airport,1989,516,85
Jan-57,Job Vehicles with Workers,1997,632,27
Jan-58,Figures,1992,516,18
Jan-59,Figures International,1989,516,14
Jan-60,Safari Park,1990,516,94
Jan-61,Duplo Train,1991,516,75
Jan-62,Ships,1992,516,33
Jan-63,Airport,1993,516,51
Jan-64,Duplo Animals for Safari Park,1993,516,11
Jan-65,Vehicles,1993,516,27
Jan-66,Battery Train,1988,516,66
Jan-67,Supermarket,1994,516,73
Jan-68,Large House,1995,516,182
Jan-69,Medium House,1994,516,72
Jan-70,Community Workers,1995,516,18
Jan-71,World People,1994,516,24
Jan-73,Duplo Farm,1997,516,81
Jan-74,Duplo Farm Animals,1997,516,23
Jan-75,Push Train,1995,516,113
Jan-76,Train Track Package,1996,516,29
Jan-77,Community Vehicles,1997,516,25
Jan-78,Vehicles,1997,516,31
Jan-79,Transportation Set,1997,516,41
Jan-80,Medical Center,1995,516,78
918-1,Space Transport,1979,130,86
Jan-81,Fire and Rescue,1995,516,72
918-2,21 8-Stud Bricks,1969,371,21
Jan-85,Cowboys,1998,516,70
Jan-86,Indians,1998,665,88
Jan-87,Police Station,1997,516,64
Jan-89,Animal and Fun Park,1998,516,105
Jan-90,Zoo,1993,516,84
919-1,"31 bricks with 2, 4 and 6 studs",1969,371,31
Jan-91,Animal Water Park,1996,516,54
Jan-92,Zoo Babies (Zoo Animals),1996,516,16
Jan-94,Giant Dinosaur Set,1997,516,129
Jan-95,Large Dinosaur Set,1997,516,61
Jan-96,Dinosaurs,1997,516,8
Jan-97,Super Value Rescue Pack,1996,516,0
Jan-98,Bonus Home,1996,516,0
Feb-99,Bonus Zoo,1996,516,0
9月2日,Trees & Flowers,1981,443,22
Jan-00,Toolo (Action Wheelers) Large Set,2000,516,97
Jan-01,Toolo (Action Wheelers) Medium Set,2000,516,65
920-2,Rocket Launch Pad,1979,130,187
Jan-02,Toolo Expansion Set,2000,516,41
Jan-03,Remote Controlled Buggy Set,2005,516,21
Feb-03,Tech Machines Set,1998,516,122
Jan-06,Tech Machines Set,2008,516,120
Jan-07,Community Vehicles Set,2010,516,57
Jan-09,Community Services Set,2012,516,132
Jan-10,Wild Animals Set,2001,516,57
Jan-11,Community Transport,2006,516,59
Jan-12,Push Train Set,2006,516,129
Jan-13,Dinosaurs Set,2007,516,92
Jan-14,Wild Animals Set,2007,516,120
Jan-15,Dolls Family Set,2008,516,90
Jan-17,Farm Set,2010,516,150
92176-1,NASA Apollo Saturn V,2020,576,1969
92177-1,Ship in a Bottle,2020,576,962
Jan-18,Wild Animals Set,2012,516,97
Jan-20,Mosaic Set - Farm Scene,1988,516,81
922-1,"28 Bricks with 1, 2, 4, 6 and 8 Studs [Red/White]",1969,371,28
Jan-21,Mosaic Set - Town Scene,1988,516,81
Jan-22,Duplo World People,2007,516,16
922213-1,Brick Eraser Set,2001,501,0
Jan-24,Community People,2006,516,20
Jan-25,Playhouse,2007,516,120
Jan-26,Hospital,2007,516,107
Jan-27,Farm,2007,516,104
Jan-28,Farm Animals,2007,516,52
Jan-29,Police Station,2007,516,81
Jan-30,Duplo Town Set,2004,516,200
923-1,"50 bricks, curved and round",1969,371,50
Jan-31,Playhouse Set,2005,516,104
Jan-32,Hospital Set,2005,516,106
Jan-33,Farm,2005,516,101
Jan-34,Dolls Family Set,2005,516,77
Jan-36,Garden Set,2005,516,33
Jan-37,Garage,2005,516,44
Jan-38,Farm Animals,2005,516,43
Jan-39,Stable Set,2005,516,44
Jan-40,Fire Rescue Services Set,2006,516,135
924-1,Space Transporter,1979,130,172
Jan-41,Wheels Set,2007,528,360
Jan-43,Doors Windows and Roof Tiles,2002,528,270
Jan-47,Community Workers,2005,533,246
Feb-47,Community Workers,2006,533,246
Jan-48,Bonus Lego Basic Town,1998,534,0
Jan-49,BASIC Airport,1988,534,0
Jan-51,Basic Just Bricks,2000,507,576
Jan-55,Basic Set,1992,534,185
Jan-56,"Faces, Fences, Wheels and Windows",1991,528,110
Jan-57,Pullback Motor,1992,528,12
926-1,Command Centre,1979,130,179
Jan-67,Doors and Windows,1997,507,156
Jan-71,Large Lego Dacta Basic Set,1997,534,0
Jan-75,Medium Lego Dacta Basic Set,1997,534,0
Feb-79,Small Lego System Baseplates,2008,528,9
Jan-80,Giant Lego Dacta Basic Set,1997,534,1417
928-1,Space Cruiser and Moonbase,1979,130,342
Jan-86,Large Building Plates,1998,528,4
Feb-86,Large Building Plates,2004,528,4
Jan-87,Bonus Lego Basic Town,1996,534,2542
Jan-90,Thematic Builder Set,1996,534,2
Jan-91,Medium Lego Dacta Basic Set,1997,534,0
Jan-93,Community Workers,1996,533,220
9月3日,Magnetic Train Couplers,1977,456,4
930-1,Red Bricks,1973,473,45
Jan-01,Road Signs,1999,533,172
Jan-02,Creator Community Builders,2004,514,1690
Jan-03,Creator Community Builders,2004,514,1190
Jan-05,Jack Stone Transportation,2003,507,0
Jan-06,Creator Bulk,2003,514,610
Jan-10,Dinosaurs Set,2001,515,0
931-1,White Bricks,1973,473,45
Jan-11,City Buildings Set,2010,533,848
Jan-14,Rescue Service Set,2010,533,1494
Jan-20,Voyage into Space,2003,527,637
932-1,Blue and Yellow Bricks,1973,473,45
Jan-21,Transportation Set,2006,533,1224
Jan-22,Town Developers Set,2007,533,1875
Jan-24,Micro Building Set,2007,533,1657
933-1,Doors and Windows,1973,473,38
Jan-31,BuildToExpress Set,2009,507,207
Jan-33,Vehicles,2010,533,935
Jan-34,Animals,2010,507,1088
Jan-35,Space & Airport Set,2010,533,1183
Jan-37,Harbor Set,2011,533,907
Jan-38,Serious Play / BuildToExpress Mini Kit,2011,507,57
934-1,"Roof Bricks, 45 Degrees",1973,473,58
Jan-48,Community Minifigures,2011,533,268
Jan-49,Fairytale and Historic Minifigures,2011,507,230
935-1,"Roof Bricks, 33 Degrees",1973,473,43
Jan-53,Theme Set,1991,533,900
Jan-54,Town Street Theme,1991,533,535
Jan-55,Space Set,1990,527,559
Jan-56,Town Environment,1986,533,641
Jan-60,Roadplates and Scenery,1986,533,85
936-1,Wheels and Tires,1973,473,20
Jan-61,People,1991,533,176
Jan-62,Road Plates,1991,533,8
Jan-64,Hospital,1993,533,589
Jan-65,Community Vehicles,1993,533,742
Jan-69,Community Vehicles,1998,533,0
Jan-70,Lego System Road Plates,1998,533,10
937-1,Doors and Fences,1973,473,34
Jan-71,Town Vehicles,1999,533,353
Jan-73,Lego System Road Plates,2003,533,0
Jan-76,Castle Set,1997,512,337
Jan-77,Lego Dacta Adventurers Set,1998,509,0
Jan-80,Lego Technic Racers,1998,529,0
938-1,"Plates, Hinges and Turntables",1973,473,17
Jan-84,Bricks,2010,528,884
Jan-85,Sceneries Set,2010,507,1231
Jan-86,Doors Windows & Roof Tiles,2010,528,278
Jan-87,Wheels Set,2011,528,286
Jan-88,Small Building Plates,2012,528,22
Jan-89,Community Starter Set,2012,507,1907
Jan-90,Mini Tow Truck,2012,1,138
939-1,"Flags, Trees and Road Signs",1972,473,20
Jan-91,Mini Crane,2012,1,218
Jan-92,Quad Bike,2012,1,199
Jan-93,Tractor,2012,1,353
93932-1,Fabuland: Playbook,1981,497,0
Jan-94,Jet Plane,2012,1,499
Jan-95,Pick-Up Tow Truck,2012,1,954
Jan-96,Helicopter,2012,1,1056
Jan-97,Logging Truck,2012,1,1308
Jan-98,4 x 4 Crawler,2012,1,1327
940-1,"Flags, Signs and Trees",1973,473,19
Jan-02,Giraffe Playtable,2003,501,0
Jan-05,Racer Play Table,2003,501,0
Jan-08,Spyrius Key Chain,1994,503,0
Jan-09,Islander Key Chain,1994,503,0
Feb-09,Elephant Wall,2003,501,0
Jan-10,Explorien Key Chain,1996,503,0
94107-1,Developer,2021,598,82
941-1,Black and Clear Bricks,1974,473,48
Jan-12,Bricks,1988,516,88
Jan-40,Venomari Shrine,2012,435,86
Jan-41,Kai鈥檚 Blade Cycle,2012,435,188
Jan-42,Jay's Storm Fighter,2012,435,234
Jan-43,Rattlecopter,2012,435,327
Jan-44,Cole鈥檚 Tread Assault,2012,435,286
Jan-45,Fangpyre Truck Ambush,2012,435,452
Jan-46,Destiny's Bounty,2012,435,685
Jan-47,Lasha's Bite Cycle,2012,435,250
Jan-48,Samurai X Mech,2012,435,452
Jan-49,Ultra Sonic Raider,2012,435,622
Jan-50,Epic Dragon Battle,2012,435,915
Jan-52,Giant Lego Topic Set,1991,534,2195
Jan-53,Universal School Set,1997,534,699
Jan-54,Function Set,1992,534,350
Jan-55,Fangpyre Mech,2012,435,255
Jan-56,Spinner Battle Arena,2012,435,418
Jan-57,Fangpyre Wrecking Ball,2012,435,415
Jan-61,The Swamp Creature,2012,558,70
Jan-62,The Mummy,2012,558,91
Jan-63,The Werewolf,2012,558,243
Jan-64,The Vampire Hearse,2012,558,314
Jan-65,The Zombies,2012,558,447
Jan-66,The Crazy Scientist & His Monster,2012,558,430
Jan-67,The Ghost Train,2012,558,744
Jan-68,The Vampyre Castle,2012,558,949
Jan-69,Gandalf Arrives,2012,566,83
Jan-70,Shelob Attacks,2012,566,227
Jan-71,Uruk-hai Army,2012,566,257
Jan-72,Attack on Weathertop,2012,566,430
Jan-73,The Mines of Moria,2012,566,781
Jan-74,The Battle of Helm鈥檚 Deep,2012,566,1367
94751-1,Friends Tote Bag,2020,501,0
Jan-76,The Orc Forge,2012,566,363
Jan-78,Francesco Bernoulli,2012,269,49
Jan-79,Ivan Mater,2012,269,52
Jan-80,Finn McMissile,2012,269,52
948-1,Go-Kart,1978,4,212
Jan-81,Jeff Gorvette,2012,269,54
Jan-83,Agent Mater鈥檚 Escape,2012,269,144
Jan-84,Red鈥檚 Water Rescue,2012,269,199
Jan-85,Ultimate Race Set,2012,269,280
Jan-86,Oil Rig Escape,2012,269,422
Jan-88,Elite Clone Trooper & Commando Droid Battle Pack,2012,158,105
Jan-89,Endor Rebel Trooper & Imperial Trooper Battle Pack,2012,158,77
Jan-90,Droid Escape,2012,158,137
Jan-91,Geonosian Cannon,2012,158,133
Jan-92,TIE Fighter,2012,158,413
Jan-93,X-wing Starfighter,2012,158,560
Jan-94,Anakin's Jedi Interceptor,2012,158,300
Jan-95,Gold Leader's Y-wing Starfighter,2012,158,458
Jan-96,Desert Skiff,2012,158,220
Jan-97,Republic Striker Starfighter,2012,158,376
Jan-98,Saesee Tiin's Jedi Starfighter,2012,158,244
Jan-99,Gungan Sub,2012,158,466
Jan-00,Sith Fury-Class Interceptor,2012,158,748
950-1,Fork Lift,1979,4,216
Jan-05,Early Reading Set,1994,516,133
Jan-09,Star Wars Advent Calendar 2012,2012,209,235
951-1,Bulldozer,1979,4,372
Jan-11,Medium Building Plates,1995,516,4
951178-1,Basic Bricks,1987,534,18
951-2,Lego TC logo Starter Pack,1988,529,13
Jan-15,The Malevolence,2012,158,1101
Jan-16,Jabba鈥檚 Palace,2012,158,717
951701-1,Policeman and Crook,2017,61,16
951702-1,Workman and Wheelbarrow,2017,56,14
951703-1,Diver and Shark,2017,59,11
951704-1,Firefighter Fred,2017,58,21
Jan-17,Measurement Activities,1995,516,60
951805-1,Mountain Ranger & Quad Bike,2018,61,32
951806-1,Miner,2018,56,36
951807-1,Race Driver & Go-kart,2018,52,38
951808-1,Motorcycle & Rider,2018,61,16
951809-1,Garbage Man,2018,52,27
Jan-18,Mosaic Set,1995,516,69
951810-1,Arctic Explorer with Snowmobile,2018,65,39
951901-1,Police Officer and Jet,2019,61,27
951902-1,Fireman,2019,58,16
951903-1,Gardener with Lawn Mower,2019,57,31
951904-1,Police Officer with Jetpack,2019,61,16
951905-1,Gyrocopter,2019,58,29
951906-1,Cool Diver,2019,59,16
951907-1,Police Buggy,2019,61,31
951908-1,Astronaut,2019,679,18
951909-1,Pizza Delivery Guy,2019,52,15
951910-1,Speed Control,2019,61,13
951911-1,Rover,2019,679,23
951912-1,Lumberjack,2019,52,17
952001-1,Policeman & Motorbike,2020,61,15
952002-1,Bobby Brenner and Extinguishing Drone,2020,58,17
952003-1,Eddy Erker with Bulldozer,2020,56,27
952005-1,Dirk Drifter's First Racing Car,2020,52,26
952008-1,Jet-ski,2020,52,15
952009-1,Clemmons With Fire Quad,2020,58,31
952010-1,"Pete Python, Daredevil PI",2020,63,15
952011-1,Duke DeTain,2020,61,17
952012-1,Scuba Diver,2020,52,13
952016-1,Policeman and Robber,2020,61,10
952018-1,Harl Hubbs with Tamping Rammer,2020,56,20
952019-1,Scuba Diver and Shark,2020,52,12
952-1,Tractor,1978,4,322
952101-1,Policeman and Helicopter,2021,61,31
952102-1,Builder with Epic Digger,2021,56,21
952103-1,Policeman & Motorcycle,2021,61,13
952104-1,Firefighter Bob with Equipment,2021,58,19
952105-1,Doctor and Patient,2021,52,21
952106-1,Sweeper,2021,52,32
952107-1,Diver and Crab,2021,59,19
952108-1,Stuntman with Quad,2021,52,28
952109-1,Police Officer with Dog,2021,61,7
952110-1,Larry Jones - The Adventurer,2021,52,11
952111-1,Builder and Traffic Light,2021,52,13
952112-1,Jessica Sharpe and Lion Cub,2021,52,16
952201-1,Justin Justice鈥檚 Police Car,2022,61,31
952202-1,Pete鈥檚 Precise鈥檚 Drill,2022,56,26
952203-1,Sam Speedster鈥檚 Motorcycle,2022,52,12
952204-1,Phil Corky鈥檚 Dump Truck,2022,56,26
952205-1,Sally Stardust鈥檚 Satellite,2022,52,22
952206-1,Freddy Fresh鈥檚 Fire Quad,2022,58,31
952207-1,Police Jetski,2022,52,25
952208-1,Carl Confidential鈥檚 Diving Scooter,2022,52,20
952209-1,Allie Aires鈥?Firefighter Jet,2022,58,24
Jan-25,Pre Vizsla's Mandalorian Fighter,2012,158,403
Jan-26,Palpatine鈥檚 Arrest,2012,158,649
Jan-30,Letters Set,2008,516,156
Jan-31,Numbers and Mosaics Set,2008,516,352
Jan-33,DACTA Numbers Set,1999,516,168
Jan-34,Mosaic Tiles,2000,516,271
Jan-35,Letters,1999,516,140
Jan-36,White Baseplates,1999,516,4
Jan-37,Learning Concepts with Numbers,2001,516,168
Jan-40,Early Math Numbers Set,2004,516,115
954-1,Sky Copter,1978,4,364
Jan-41,Early Math Measurement Set,2004,516,104
Jan-42,Early Math Shape and Space Set,2004,516,132
Jan-43,Let's Play Maths,2006,516,120
Jan-44,Math Machines Set,2006,507,554
Jan-45,Numbers Set,2004,516,164
Jan-46,Mosaics Set,2004,516,273
Jan-47,Letters Set,2004,516,146
Jan-50,Typesetter's Shop (Composing Set) - English Version,1990,517,489
Feb-50,Typesetter's Shop (Composing Set) - German Version,1990,517,0
Mar-50,Typesetter's Shop (Composing Set) - French Version,1990,517,488
955-1,Mobile Crane,1979,4,512
Jan-51,Kendo Cole,2012,435,28
Jan-52,Lloyd Garmadon,2012,435,26
Jan-53,Jay ZX,2012,435,28
Jan-54,Zane ZX,2012,435,38
Jan-55,Mezmo,2012,435,32
Jan-56,Bytar,2012,435,25
Jan-57,Lizaru,2012,435,25
Jan-58,Training Set,2012,435,219
956-1,Auto Chassis,1978,4,603
Jan-61,Kai ZX,2012,435,21
Jan-62,Lasha,2012,435,21
Jan-63,Kendo Zane,2012,435,22
Jan-64,Snappa,2012,435,20
Jan-66,Samurai X,2012,435,23
Jan-67,Fang-Suei,2012,435,19
Jan-69,Spitta,2012,435,20
Jan-70,NRG Jay,2012,435,20
Jan-71,Fangdam,2012,435,19
Jan-72,NRG Cole,2012,435,25
Jan-73,Slithraa,2012,435,20
Jan-74,Lloyd ZX,2012,435,23
Jan-79,Starter Set,2012,435,62
Jan-80,WeDo Robotics Construction Set,2008,521,160
Jan-81,WeDo Robotics USB Hub,2008,521,1
Jan-83,WeDo Robotics Motion Sensor,2009,521,1
Jan-84,WeDo Robotics Tilt Sensor,2009,521,1
Jan-85,WeDo Resource Set,2011,521,326
Jan-90,NRG Zane,2012,435,24
Jan-91,Weapon Pack,2012,435,73
Jan-94,Green City Challenge Set,2011,518,1356
960-1,Power Pack,1978,4,22
Jan-03,TECHNIC I Activity Centre Cards,1990,532,119
Jan-04,Technic and Pneumatic Elements,1992,529,128
Jan-05,4.5V Technic Resource Set,1990,532,1534
Jan-07,Technology Activity Set,1994,529,318
Jan-08,Teacher's Guide for Technology Group Activity Set,1994,529,16
Jan-09,Technology Resource Set,1995,507,1730
Jan-10,Gear Set,1993,529,76
961-1,Expert Builder/Gear Parts,1978,4,78
Jan-12,Lever Set,1993,529,65
Jan-14,Pulley Set,1995,529,77
Jan-15,Motor Add-On for Simple Mechanisms,1997,507,3
Jan-16,Wheels and Axles Mini Set,1995,529,82
Jan-17,Pneumatics I: Introduction to Air Power Set,1997,529,98
Jan-18,Structures Set,1997,529,439
Jan-28,Mechanisms Power Add-On Set,2008,532,3
Jan-30,Simple Mechanisms Set,1997,529,219
Jan-31,Simple and Motorized Machines Activity Pack,1997,529,24
Jan-32,Science & Technology Base Set,2006,529,357
Jan-33,Advanced Air Power Set,1999,507,217
Jan-36,Solar Add-on,2000,507,3
Jan-37,Speed Computer Add-on,2000,19,2
Jan-40,Gears Classroom Pack,1994,529,0
964-1,"10 building plates 2 x 8, 4 x 8, 6 x 8",1969,371,10
Jan-41,Pneumatics Add-on Set for Machines & Mechanisms,2008,528,31
Jan-42,Levers Classroom Pack,1994,529,0
Jan-44,Pulley Classroom Pack,1994,529,0
Jan-45,Motorized Simple Machines Set,1997,529,0
Jan-46,Wheel and Axle Classroom Pack,1994,529,0
Jan-47,Studios Camera and Software,2000,507,2
Jan-48,Education Resource Set [NXT Supplemental Set],2006,519,674
Jan-49,Technology Resource Set,2003,529,1154
Jan-50,Scenery Resource Set,2002,507,721
Jan-52,Fun Time Gears,1995,516,27
Jan-53,Mechanical Toy Shop,1995,516,32
Jan-54,Early Simple Machines II,1998,516,113
Jan-55,Fun Time Gears II,1998,516,50
Jan-56,Early Simple Machines Set,2008,516,102
Jan-57,Senior Solutions Challenge Kit,2012,398,1612
Jan-60,Early Structures,1997,516,126
Feb-60,Motorized Mechanisms Set,2008,529,0
Mar-60,Early Structures Set,2008,516,126
Jan-64,Nature's Fury Challenge Kit,2013,398,1995
Jan-65,Mechanical Engineering Set,2001,507,322
Jan-67,Solar Panel,2010,532,1
Jan-68,Energy Display,2010,532,1
Jan-69,Electric Battery Box 9V 150 mAh (Rechargeable),2010,532,1
Jan-70,E-Motor with Gear Reduction Ratio 9.5 : 1,2010,532,1
Jan-74,Naboo Starfighter & Naboo,2012,158,56
Jan-75,Sebulba's Podracer & Tatooine,2012,158,80
Jan-76,TIE Interceptor & Death Star,2012,158,65
Jan-77,X-wing Starfighter & Yavin 4,2012,158,77
Jan-78,Twin-pod Cloud Car & Bespin,2012,158,78
Jan-79,AT-ST & Endor,2012,158,65
Jan-80,"Energy Work, Power Starter Set",1999,531,792
Jan-81,eLAB Renewable Energy Set,1999,531,713
Jan-84,Renewable Energy Set II,2003,507,732
Jan-85,Green Car Set,2003,507,47
Jan-86,Simple and Motorized Mechanisms Base Set,2009,507,409
Jan-88,Renewable Energy Add-On Set,2010,532,12
Jan-89,Simple Machines Set,2009,507,204
Jan-90,Education Center,2009,516,172
Jan-92,Tech Machines Set,2009,516,38
Jan-93,"Rechargeable Battery for Lego Mindstorms NXT, DC plug",2010,259,1
Jan-94,NXT Color Sensor,2010,259,1
Jan-95,Mindstorms Education Resource Set,2010,259,819
Jan-96,Body Forward Challenge Kit,2010,398,1515
Jan-97,Food Factor Challenge Kit,2011,398,2115
Jan-98,Smart Move Challenge Kit,2009,398,1310
Jan-99,Climate Connections Challenge Kit,2008,398,842
970004-1,Yellow Band (Pack of 25),2002,524,25
970005-1,9-Volt 1 x 2 Lamp Brick (Pack of 2),2002,524,2
970008-1,1 x 2 Red Bricks (Pack of 50),2002,524,50
970009-1,1 x 2 Blue Plates (Pack of 100),2002,524,100
Jan-00,Technic Control Center,1987,529,472
970010-1,Hubs Gray (Pack of 50),2002,525,50
970017-1,14-Tooth Beveled Gears (Pack of 100),2002,525,100
970018-1,Gray Pulley Wheel (Pack of 50),2008,525,50
970021-1,Red Rover Tires and Hubs (4 tires 4 hubs),2002,524,8
970028-1,Shock Absorber (Pack of 10),2002,525,10
970030-1,Lift Arm (Pack of 50),2002,525,50
970036-1,2 x 2 Angle Plate (Pack of 25),2002,524,25
970039-1,Lever Arm (Pack of 50),2002,525,50
970040-1,Caterpillar Hub and Tread (Set of 2 treads 4 Hubs),2002,524,6
970041-1,128 MM Connecting Leads (Pack of 3),2002,525,3
970042-1,Piston Rod (Pack of 75),2002,525,75
970043-1,Small Half Beam (Pack of 100),2002,525,100
970047-1,Large Tire and Hub (2 tires 2 hubs),2002,524,4
970098-1,Special Elements for Control Lab Set,2001,524,122
970-1,Lighting Bricks,1978,473,17
Jan-01,Control Lab Building Set,1995,507,576
970110-1,Pneumatic T-Pieces (Pack of 25),2002,525,25
970111-1,Large Lawn Tire & Hub (4 tires 4 hubs),2002,524,8
970112-1,Small Lawn Tire & Hub (4 tires 4 hubs),2002,524,8
970113-1,Tire Pack (Set of 8),2002,524,8
970115-1,1280 mm Connecting Leads (Pack of 3),2002,525,3
970116-1,12 Tooth Double Bevel Gears (Pack of 25),2002,525,25
970117-1,Pneumatic Hand Pump (Pack of 2),2002,525,2
970118-1,Pneumatic Cylinder (Set of 2 small),2002,525,2
970119-1,Pneumatic Tubing Service Pack,2002,525,2
970120-1,Black Bands (Pack of 50),2002,524,25
970121-1,Red Bands (Pack of 25),2002,524,25
970122-1,Small White Bands (Pack of 24),2002,524,24
970124-1,Linear Actuators,2010,19,3
970-2,47 1/3 elements (plates),1969,371,47
Jan-02,Control System Building Set,1993,507,227
Feb-02,Elevator Kit,2002,530,160
Jan-04,Control Lab Software - Mac,1997,507,0
Jan-05,Control Lab Software - DOS/Windows,1997,530,2
970600-1,1 x 2 Plate with Slides (Pack of 100),2002,524,100
970601-1,Small Pulleys (Pack of 100),2002,525,100
970602-1,Bushings (Pack of 100),2002,525,100
970603-1,Connector Pegs (Pack of 100),2002,525,100
970604-1,Friction Connector Pegs (Pack of 100),2002,525,100
970605-1,Long Black Connector Pegs (Pack of 100),2002,525,100
970606-1,Connector Pegs with Axles (Pack of 100),2002,525,100
970607-1,Connector Pegs with Knobs (Pack of 100),2002,525,100
970608-1,Connector Pegs (Pack of 100),2002,525,100
970609-1,2-Stud Axles with Grooves (Pack of 100),2002,525,100
970610-1,3-Stud Axles (Pack of 100),2002,525,100
970611-1,Cross Axles with Knobs (Pack of 100),2002,525,100
970612-1,4-Stud Axles (Pack of 50),2002,525,50
970613-1,5-Stud Axles (Pack of 50),2002,525,50
970614-1,6-Stud Axles (Pack of 50),2002,525,50
970615-1,8-Stud Axles (Pack of 50),2002,525,50
970616-1,10-Stud Axles (Pack of 50),2002,525,50
970617-1,12-Stud Axles (Pack of 50),2002,525,50
970618-1,Axle Extenders (Pack of 50)  {Axle Joiners},2002,525,50
970619-1,Catches {Technic Pole Reverser Handles},2002,525,50
970620-1,8 Tooth Gears (Pack of 100) 'Spur' Gears,2002,525,100
970621-1,12 Tooth Bevel Gears (Pack of 50),2002,525,50
970622-1,16 Tooth Gears (Pack of 50),2002,525,50
970623-1,20 Tooth Double Bevel Gears (Pack of 25),2002,525,25
970624-1,24-Tooth Crown Gears,2003,525,50
970625-1,24 Tooth Gears (Pack of 50),2002,525,50
970626-1,Technic Clutches,2003,525,10
970627-1,40 Tooth Gears (Pack of 25),2002,525,25
970628-1,Cross Blocks (Pack of 50),2002,525,50
970629-1,Catches with Cross Holes (Pack of 50),2002,525,50
970630-1,Pulleys (For micromotor pack of 10),2002,525,10
970631-1,Bricks with Cross (axle) Holes (Pack of 50),2002,525,50
970632-1,1 x 2 Beams,2002,525,50
970633-1,1 x 4 Beams,2002,525,30
970634-1,1 x 6 Beams,2002,525,30
970635-1,1 x 8 Beams,2002,525,20
970636-1,1 x 10 Beams,2002,525,20
970637-1,1 x 12 Beams,2002,525,10
970638-1,1 x 16 Beams,2002,525,10
970639-1,2 x 2 Skid Plates (Pack of 50),2002,524,50
970640-1,Tacho Wheels (Pack of 20),2002,525,20
970641-1,Gear Casings (Pack of 10 contained 20 prior to 2005 Dacta catalog),2002,525,10
970643-1,Bobbins {Technic Reels},2002,525,25
970645-1,Chain Links,2003,525,100
970646-1,Gear Blocks (Pack of 5),2002,525,5
970653-1,Pole Reversing Switch,2003,524,1
970654-1,9-Volt Connecting Leads (One each of 128mm 256 mm 1280 mm),2002,525,3
970658-1,Air Storage Tanks,2002,525,2
970659-1,Pneumatic Parts,2002,525,5
970660-1,O-Ring and Pulley Wheels,2002,525,50
970661-1,Skeleton and Ghost for Amusement Park Set,2002,524,70
970662-1,Steering Wheels (Pack of 25),2002,525,25
970663-1,Pneumatic Switch (Pack of 5),2002,525,5
970665-1,Universal Joints (Pack of 10),2002,525,10
970669-1,Special Elements for Simple Machines Set,2002,524,49
970670-1,Special Elements for Team Challenge Set,2002,524,288
970671-1,Special Elements for Cities and Transportation Set,2002,524,119
970672-1,Special Elements for Amusement Park Set,2002,524,78
970673-1,Special Elements for ROBO Technology Set,2002,524,71
970674-1,Car Project Set,2002,524,79
970675-1,House Project Set,2002,524,80
970676-1,Bug Project Set,2002,524,83
970677-1,Gadget Project Set,2002,524,48
970678-1,Special Elements for eLAB Renewable Energy Set,2002,524,315
970679-1,Special Elements For Mechanical Engineering Set,2004,524,130
970680-1,Special Elements for Early Simple Machines Set,2002,524,19
970683-1,Black Plates - Large Package,2002,524,165
970684-1,Wheels (Tires hubs axle plates and bricks),2002,524,184
970686-1,Roof Tiles,2002,524,180
970687-1,Team Challenge Upgrade Kit,2002,524,95
Jan-07,Intelligent House Building Set,1996,507,164
Jan-08,Intelligent House Activity Pack - PC,1997,507,0
Jan-09,RCX Programmable Brick,1998,520,1
971-1,52 Flat Tile Bricks,1969,371,52
Jan-13,Infrared Transmission Tower,1998,520,2
Jan-19,"Robotics Invention System, Version 1.0",1998,260,736
Jan-23,Cities and Transportation,2000,507,394
97248-1,Super Mario Carry Case,2021,501,0
97249-1,Super Mario Backpack,2021,501,0
Jan-25,ROBOLAB Amusement Park Set,1999,520,248
Feb-25,ROBOLAB Amusement Park Set,2002,520,270
Jan-30,RoboSports,1998,260,91
Jan-31,Vision Command [RCX Digital Colour Camera],2000,260,139
Jan-32,Extreme Creatures,1998,260,149
Jan-35,Robotics Discovery Set,1999,260,390
Jan-36,Exploration Mars,1999,260,158
Jan-38,Remote Control,1998,260,1
Jan-42,Photosynthesis Student Set,2008,517,74
Jan-43,Chromosomes - Student Set,2003,517,136
Jan-47,"Robotics Invention System, Version 1.5",1999,260,729
Jan-48,Droid Developer Kit,1999,261,658
Jan-49,NXT Temperature Sensor,2009,259,1
Jan-50,LEGO Interface,1986,532,4
Jan-51,Control Lab Serial Interface & Adapter,1995,530,2
Jan-52,Technic Control Center II,1996,532,15
Jan-53,Technic Control Center,1993,532,15
Jan-54,Dark Side Developer Kit,2000,261,578
Jan-55,Temperature Sensor,1999,260,1
Jan-56,Rotation Sensor,1999,260,1
Jan-57,Touch Sensor with Cable,1999,260,2
Jan-58,Light Sensor 9V,1999,260,1
Jan-61,No Limits Challenge Kit,2004,398,1437
Jan-62,Ocean Odyssey Challenge Kit,2005,398,1471
Jan-63,Nano Quest Challenge Kit,2006,398,1505
Jan-64,Power Puzzle Challenge Kit,2007,398,1570
Jan-67,Interface Card/Cable for Apple IIe and IIGS,1989,532,1
Jan-71,Interface Card and Cable for TC Logo - IBM compatible,1989,532,3
Jan-76,Pneumatic Circuit,1999,525,4
Jan-80,ROBOLAB Starter Building Set,1998,520,1712
9780141357225-1,City: Arctic Quest,2014,497,9
9780241196403-1,City: Thief on the Run!,2015,497,20
9780241196854-1,Friends: Jungle Adventures,2015,497,28
9780241198032-1,City: Demolition Mission,2015,497,11
9780241198056-1,Friends: Fairground Fun,2015,497,17
9780241198070-1,City: Police Mission,2015,497,12
9780241272558-1,Nexo Knights: Battle of the Books!,2016,497,6
9780241273333-1,City: Volcano Adventure,2016,497,14
9780241295052-1,City: Bulldozer Break-In,2017,497,19
9780241295144-1,Official Annual 2018,2018,497,6
9780241295168-1,City: Santa Surprise,2017,497,9
9780241360477-1,DK Readers Level 1: The Lego Movie 2 - Emmet to the Rescue,2018,497,0
9780241400319-1,What Will You Build?: Games & Challenges,2019,497,0
9780241400326-1,What Will You Build?: Explore the City,2019,497,0
9780241400357-1,DUPLO: On The Farm,2019,497,6
9780241409190-1,Epic History,2020,497,53
9780241469392-1,Harry Potter: Hogwarts at Christmas,2021,497,5
9780545155236-1,City: Calling All Cars!,2010,497,0
9780545477024-1,City: Fire Team Adventure,2012,497,6
9780545516525-1,Legends of Chima: Origins: A Starter Handbook,2013,497,0
9780545517591-1,Friends: Olivia's Great Idea,2013,497,13
9780545570053-1,Friends: Mia's Forest Rescue,2013,497,15
9780545645256-1,Friends: Andrea's Wish,2014,497,12
9780545645270-1,Legend of Chima: Ravens and Gorillas,2014,497,12
9780545872539-1,Elves: A Magical Adventure,2015,497,20
9780545905848-1,Nexo Knights: Nexo Powers Rule!,2016,497,12
9780545905862-1,Nexo Knights Handbook,2016,497,0
9780545917278-1,Star Wars: Epic Space Adventures,2016,497,4
9780545925426-1,Star Wars: Das ultimative Traininingshandbuch,2018,497,9
9780545925549-1,Nexo Knights: Graduation Day,2016,497,0
9780545927314-1,City: Space Adventures!,2015,497,11
9780593381335-1,Ninjago: The Book of Elemental Powers,2021,497,0
9780593381809-1,How To Be A Pirate,2022,497,0
9780593381823-1,How To Be A Knight,2022,497,0
9780723270508-1,City: Police on the Trail,2013,497,12
9780723270515-1,City: Forest Fire Brigade,2013,497,12
9780723270522-1,City: Meteor Shower - Activity Book,2013,497,19
9780723270812-1,City: False Tracks - Activity Book,2013,497,20
9780723271222-1,Friends: Olivia's Rainbow,2013,497,13
9780723275640-1,Friends: A Treat for Goldie,2013,497,15
9780723278085-1,City: Christmas Caper,2013,497,11
9780723291077-1,City: Sneaky Sharks,2014,497,11
9780723291121-1,The LEGO Movie: Mighty Allies,2014,497,5
9780723291251-1,City: Gold Egg Adventure,2014,497,12
9780744024463-1,Minifigure Handbook,2020,497,0
9780744028539-1,Jurassic World: The Dino Files,2021,497,5
9780744028546-1,Jurassic World: Ultimate Sticker Collection,2021,497,0
9780744028638-1,Harry Potter: Holidays at Hogwarts,2021,497,5
9780744028652-1,Minifigure Mission,2021,497,0
9780744030884-1,Star Wars: Holiday Sticker Book,2020,497,0
9780744047936-1,Harry Potter: Magical Treasury: A Visual Guide to the Wizarding World,2021,497,0
9780744054576-1,Party Ideas,2022,497,25
9780744054583-1,DC Comics Super Heroes: Character Encyclopedia: New Edition,2022,497,5
9780744056907-1,Harry Potter: A Spellbinding Guide to Hogwarts Houses,2022,497,5
9780756656232-1,The LEGO Book & Standing Small,2009,497,0
9780756656232-2,Standing Small,2009,497,0
9780756659844-1,Minifigure: Ultimate Sticker Collection,2009,497,0
9780756663094-1,Star Wars: Ultimate Sticker Collection,2011,497,0
9780756671402-1,City: Ultimate Sticker Collection,2012,497,0
9780756672812-1,Castle: Brickmaster,2009,497,141
9780756686925-1,DK Readers Level 2: Star Wars: The Phantom Menace,2012,497,0
9780756686956-1,DK Readers Level 2: Star Wars: Attack of the Clones,2013,497,0
9780756690168-1,Ninjago: Ultimate Sticker Collection,2012,497,0
9780756690496-1,Star Wars: Ultimate Sticker Collection: Minifigures,2012,497,0
9780756692513-1,Minifigures: Ultimate Sticker Collection: Series 1-7,2012,497,0
9780756693824-1,DK Readers Level 3: Friends: Friends Forever,2012,497,0
9780756698126-1,Ninjago: Character Encyclopedia,2012,497,5
9780756698171-1,DC Universe Super Heroes: Batman Ultimate Sticker Collection,2012,497,0
978079444520-1,City: Fun in LEGO City!,2020,497,0
9780794445218-1,Jurassic World: Dinosaurs on the Run!,2020,497,0
9780794447137-1,Ninjago Legacy: Ninja Hero Coloring,2020,497,0
9780794447144-1,DC Comics Batman: Batman and Friends,2021,497,0
9780794447151-1,Build Easter Fun!,2021,497,30
9780794447175-1,Jurassic World: Let鈥檚 Paint Dinosaurs,2021,497,0
9780794447410-1,Time to Color!,2020,497,0
9780794447519-1,Ninjago Legacy: Golden Ninja,2021,497,7
9780794447526-1,DC Comics Batman: Adventures in Gotham City,2020,497,7
9780794447540-1,Ninjago Legacy: Ninja Warriors in Action!,2021,497,0
9780794447557-1,City: Color The City,2022,497,0
9780794448073-1,Harry Potter: Magical Adventures at Hogwarts,2021,497,7
9780794448103-1,Harry Potter: Mischief Managed! 1001 Stickers,2021,497,0
9780794448110-1,Harry Potter: Let the Triwizard Tournament Begin!,2021,497,0
9780794448158-1,Jurassic World: Dino Lab Secrets,2021,497,7
9780794448165-1,Build Christmas Fun!,2021,497,45
9780794448172-1,DC Comics Super Heroes: Ready For Action,2022,497,0
9780794448325-1,Harry Potter: Color the Wizarding World!,2021,497,0
9780794448332-1,Harry Potter: Magic In Action!,2021,497,0
9780794448394-1,DOTS: Secret Coding Fun,2021,497,38
9780794448400-1,Harry Potter: Wizarding Duels: Potter vs Malfoy,2021,497,12
9780794448714-1,Advent Calendar Activity Book Collection,2021,497,0
9780794448769-1,Build Halloween Fun!,2021,497,33
9780794449247-1,DC Comics Super Heroes: Gotham City鈥檚 New Defender,2022,497,7
9781338047431-1,Star Wars: Quest for the Kyber Saber,2016,497,5
9781338047448-1,DC Comics Super Heroes: The Otherworldly League!,2016,497,5
9781338047455-1,Star Wars: Use The Force!,2016,497,7
9781338055603-1,Nexo Knights: Stone Monster Attack!,2017,497,18
9781338113686-1,Ninjago: Hands of Time,2017,497,8
9781338128123-1,DC Comics Super Heroes: The Official Justice League Training Manual,2018,497,7
9781338162790-1,Ninjago: The Ultimate Ninja Training Manual,2017,497,7
9781338194432-1,The Batman Movie: Welcome to Gotham City!,2017,497,6
9781338269864-1,Star Wars: The Official Force Training Manual,2018,497,7
9781338311464-1,City: Hospital Heist!,2019,497,41
9781338311471-1,Harry Potter: Back to Hogwarts,2019,497,8
9781338337716-1,Star Wars: Brick Adventures: Awesome Jedi Tales,2019,497,5
9781338339406-1,Harry Potter: Hogwarts Handbook,2019,497,8
9781338346138-1,DC Super Heroes: Super-Villain's Guide to Being Bad,2019,497,6
9781338387445-1,The LEGO Movie 2: Vest Friends,2019,497,10
9781338581898-1,Harry Potter: A Magical Search and Find Adventure,2019,497,6
9781338592412-1,DC Comics Batman: Night Patrol!,2020,497,7
9781338613025-1,Hidden Side: Ghosts From The Other Side,2020,497,5
9781338613667-1,"Harry Potter: Witches, Wizards, Creatures, and More! UPDATED Character Handbook",2020,497,5
9781338638530-1,Harry Potter: Adventure with Buckbeak!,2020,497,8
9781338641646-1,Ninjago Legacy: Garmadon's Bad Guy Training Manual,2021,497,0
9781338802061-1,Race Cars,2022,497,0
9781405279031-1,Ninjago: Spot The Samurai - Droid,2015,497,32
9781405283212-1,Star Wars: Strong with the Force,2016,497,7
9781405283236-1,Ninjago: The Djinn Menace,2018,497,12
9781405284974-1,Star Wars: Spot The Galactic Heroes,2016,497,30
9781405287623-1,The Batman Movie: Official Annual 2018,2018,497,6
9781407197081-1,Ninjago: Brick Adventures: Legends of the Ninja,2019,497,5
9781409306269-1,Atlantis: The Menace from the Deep - Activity Book,2010,497,5
9781409308041-1,City: Fire Rescue!,2010,497,9
9781409308867-1,City: Police Chase,2011,497,8
9781409310365-1,City: Space Mission Activity Book,2011,497,7
9781409312833-1,City: Busy Airport,2012,497,8
9781409312840-1,City: Crooks on the Loose!,2012,497,8
9781409314103-1,City: Big City Life,2012,497,8
9781409314110-1,City: Harbour Activity Book,2013,497,9
9781409333586-1,Star Wars: The Yoda Chronicles,2013,497,4
9781409338123-1,Amazing Minifigure Past Times Ultimate Sticker Book,2013,497,0
9781409338147-1,Amazing Minifigure Ultimate Sticker Book,2013,497,0
9781409350545-1,Legends of Chima: Character Encyclopedia,2014,497,10
9781452181998-1,Minifigure Journal,2020,501,0
9781452182315-1,We Just Click,2021,497,0
9781452189826-1,Jigsaw Puzzle Value Pack,2021,501,0
9781465401731-1,Amazing Minifigure: Ultimate Sticker Collection,2013,497,0
9781465401748-1,DK Readers Level 1: DC Comics Super Heroes: Ready for Action!,2013,497,0
9781465401762-1,DK Readers Level 2: DC Comics Super Heroes: Super-Villains,2013,497,0
9781465401786-1,Friends: Ultimate Sticker Collection,2013,497,0
9781465402592-1,DK Readers Level 3: Friends: Summer Adventures,2013,497,0
9781465402615-1,DK Readers Level 2: Friends: Let's Go Riding!,2013,497,0
9781465406583-1,DK Readers Level 4: Friends: Welcome to Heartlake City,2012,497,0
9781465408693-1,DK Readers Level 3: Star Wars: Revenge of the Sith,2013,497,0
9781465415240-1,DK Readers Level 2: Monster Fighters: Meet the Monsters,2013,497,0
9781465415257-1,"DK Readers Level 3: Monster Fighters: Watch Out, Monsters About!",2013,497,0
9781465415301-1,DK Readers Level 2: Kingdoms: Defend the Castle,2013,497,0
9781465415318-1,DK Readers Level 1: Pirates: Brickbeard's Treasure,2013,497,0
9781465419842-1,DK Readers Level 2: Friends Perfect Pets,2014,497,0
9781465420268-1,DK Readers Level 1: Star Wars A New Hope,2014,497,0
9781465420282-1,DK Readers Level 2: Star Wars The Empire Strikes Back,2014,497,0
9781465420312-1,DK Readers Level 3: Star Wars Return of the Jedi,2014,497,0
9781465420787-1,Ninjago: Secret World of the Ninja,2015,497,6
9781465422996-1,Ninjago: The Visual Dictionary,2014,497,5
9781465426390-1,Minifigures: Character Encyclopedia: The LEGO Movie Edition,2014,497,0
9781465428462-1,DC Comics Super Heroes: Ultimate Sticker Collection: Heroes Into Battle,2014,497,0
9781465429476-1,"DK Readers Level 2: Ninjago: Ninja, Go!",2015,497,0
9781465430120-1,DK Readers Level 2: DC Comics Super Heroes: Amazing Battles!,2015,497,0
9781465430137-1,DK Readers Level 3: DC Comics Super Heroes: Batman's Missions,2015,497,0
9781465435514-1,Star Wars: Ultimate Sticker Collection: Mighty Minifigures,2015,497,0
9781465435897-1,Friends: Build Your Own Adventure,2015,497,81
9781465436849-1,DK Adventures Friends: Let's Explore!,2015,497,0
9781465437945-1,DK Readers Level 2: Star Wars: Free the Galaxy,2015,497,0
9781465438195-1,DK Readers Level 2: Star Wars: The Force Awakens,2016,497,0
9781465444547-1,DC Comics Super Heroes: Character Encyclopedia,2016,497,7
9781465444646-1,Minifigure Mash-up: Ultimate Sticker Collection,2016,497,0
9781465444745-1,DK Readers Level 2: Nexo Knights: Meet the Knights,2016,497,0
9781465444769-1,DK Readers Level 3: Nexo Knights: Monster Battles,2016,497,0
9781465445940-1,Nexo Knights: Ultimate Sticker Collection,2016,497,0
9781465451309-1,Friends: Ultimate Sticker Collection: Pet Party!,2016,497,0
9781465451897-1,DK Readers Level 2: City: Heroes to the Rescue,2016,497,0
9781465451927-1,DK Readers Level 4: Ninjago: Team Ninja,2016,497,0
9781465454003-1,Nexo Knights: The Book of Knights,2016,497,6
9781465454751-1,Winter Wonderland: Ultimate Sticker Collection,2016,497,0
9781465455581-1,Star Wars: Ultimate,2017,497,0
9781465455765-1,DK Readers Level 1: Nexo Knights: Stop the Stone Monsters,2017,497,0
9781465455987-1,The LEGO Collector's Set,2016,497,12
9781465456328-1,The Batman Movie: Ultimate Sticker Collection,2016,497,0
9781465456618-1,The Batman Movie: The Making of the Movie,2017,497,0
9781465458333-1,Star Wars Collection,2016,497,5
9781465458339-1,DC Super Heroes Collection,2021,497,4
9781465458544-1,Nexo Knights: Factivity Fun,2017,497,0
9781465458599-1,DK Readers Level 1: The Batman Movie: Team Batman,2016,497,0
9781465458612-1,DK Readers Level 2: The Batman Movie: Rise of the Rogues,2016,497,0
9781465460875-1,Nexo Knights: Build Your Own Adventure,2017,497,78
9781465460899-1,DC Comics Super Heroes: Build Your Own Adventure,2017,497,84
9781465461155-1,The Ninjago Movie: Ultimate Sticker Collection,2017,497,0
9781465461179-1,The LEGO Ninjago Movie: The Essential Guide,2017,497,0
9781465461186-1,The LEGO Ninjago Movie: The Making of the Movie,2017,497,0
9781465461940-1,DK Readers Level 1: The Ninjago Movie: Shark Attack!,2017,497,0
9781465461964-1,DK Readers Level 2: The Ninjago Movie: Secret Ninja Force,2017,497,0
9781465463258-1,Nexo Knights: Character Encyclopedia,2017,497,9
9781465463364-1,DK Readers Level 1: Star Wars: Secrets of the Dark Side,2017,497,0
9781465463586-1,The Batman Movie: The Essential Collection,2017,497,6
9781465466594-1,DK Readers Level 1: Ninjago: Ninja in Action!,2018,497,0
9781465466631-1,DK Readers Level 2 Star Wars - The Last Jedi,2018,497,0
9781465467553-1,City: Ultimate Sticker Collection,2018,497,0
9781465467577-1,DC Comics Super Heroes: Ultimate Quiz Book,2018,497,0
9781465472915-1,DK Readers Level 1: Women of NASA - Space Heroes,2018,497,0
9781465473677-1,Disney Princess: Ultimate Sticker Collection,2018,497,0
9781465480378-1,DK Readers Level 2 - The Lego Movie 2 - Awesome Heroes,2018,497,0
9781465481238-1,Ideas Studio: Around Town,2018,497,1
9781465492395-1,DC Comics Super Heroes: Batman vs. The Joker,2020,497,9
9781465492807-1,Ninjago Collection,2019,497,0
9781465493279-1,Jurassic World: Build Your Own Adventure,2020,497,63
9781553632832-1,Star Wars: Read Build Play - Battle for the Stolen Crystals,2016,497,196
9781728220536-1,Ninjago Legacy: Garmadon vs. Lloyd,2020,497,15
9781760506391-1,Harry Potter: Big Book of Fun!,2021,497,8
9781760506636-1,Ninjago: Into the Fire,2019,497,12
9781760508531-1,Harry Potter: Hogwarts Happenings,2021,497,10
9781780557588-1,Jurassic World: 1001 Stickers - Amazing Dinosaurs,2020,497,0
9781780557700-1,1001 Stickers,2021,497,0
9781780557861-1,Harry Potter: Official Yearbook 2022,2021,497,7
9781780558622-1,Star Wars: Time to play!,2022,497,1
9781780558660-1,City: Searching Adventures,2022,497,1
9781780558929-1,Star Wars: Fun Time,2022,497,1
9781780558936-1,Star Wars: Fun Time,2022,497,5
9781780559018-1,Star Wars: Fun Time,2022,497,1
9781780559056-1,Star Wars: Stormtrooper Adventures,2022,497,1
9781780559063-1,Star Wars: Galactic Adventures,2022,158,1
9781789050455-1,Star Wars: Rebels Forever,2017,497,4
9781789050486-1,Star Wars: 1001 Stickers - The Light Side Strikes Back,2018,497,0
9781789053074-1,Disney Princess: The Mystery Garden,2018,497,30
9781797210711-1,Brick Playing Cards,2021,501,0
9781797214139-1,Build Every Day,2022,497,0
9781797214399-1,Mystery Minifigure Mini Puzzle (Blue Edition),2022,501,0
9781912564637-1,Ninjago: 1001 Stickers - Race and Fight,2018,497,0
9781912564644-1,City: Join the Police,2018,497,10
9781912564651-1,City: 1001 Stickers - Great Vehicles,2018,497,0
9781912564972-1,Ninjago: Annual 2019,2018,497,16
9781912707003-1,Annual 2019,2018,497,3
9781912707775-1,Jurassic World: Dinosaur Discovery - Sticker Activity Challenges,2018,497,0
9781912707782-1,Harry Potter: Sticker Scenes,2020,497,0
9781913072315-1,Harry Potter: Hogwarts Yearbook 2020,2020,497,8
9781913072438-1,Harry Potter: 1001 Stickers - Wizarding World,2019,497,0
9781913110215-1,Harry Potter Tin: Book Collection,2019,497,9
9781913110444-1,Awesome Activity Book,2019,497,4
9781913110468-1,Mission: Design,2019,497,4
9781913110772-1,Birthday Book,2019,497,11
9781913399009-1,Harry Potter: Hogwarts Adventures,2020,497,8
9781913399023-1,"Ninjago: Ready, Players?",2020,497,8
9781913399085-1,Star Wars: Amazing Starships,2020,497,5
9781913399597-1,Party Time,2020,497,11
9781913399603-1,Time to Have Fun!,2020,497,6
9781913399610-1,City: Heroes of the City,2020,497,13
9781913399627-1,City: Moon Landing,2020,497,14
9781913399658-1,Friends: Hello Heartlake,2020,497,15
9781913399665-1,Friends: Time for Friendship,2019,497,13
9781913865351-1,Time for Adventure: Day of Fun,2021,497,4
9781913865368-1,Time for Adventure: The Mission,2021,497,4
9781913865375-1,Time for Adventure: Big City,2021,497,4
9781913865382-1,Time for Adventure: Ready for Action,2021,497,5
9781913865405-1,Time for Adventure: A New Challenge,2021,497,4
Jan-82,Volcanic Panic Challenge Kit,2000,398,177
9782351009697-1,Elves: The Power of Dark Magic,2017,497,11
9782378890315-1,DC Comics Super Heroes: Les 茅nigmes de Lex Luthor,2020,497,4
9782378890957-1,City: Rock 'n' Roll!,2021,497,14
9782378891138-1,Harry Potter: Pr茅pare-toi pour la magie!,2021,497,30
9782378891145-1,Harry Potter: 脌 la recherche de l'aventure,2021,497,8
9782378891176-1,City: 脌 fond les ballons,2021,497,21
9782378891183-1,Harry Potter: Surprises Magiques,2022,497,11
9782378891206-1,Ninjago: L'heure des Ssserpents,2022,497,13
9782378891268-1,Harry Potter: Harry鈥檚 Adventures at Hogwarts,2022,497,8
9782378891299-1,City: Cool Time,2022,497,6
Jan-83,Infrared Transmitter with USB Cable,2001,520,1
9783944107417-1,Friends: Sticker-Party!,2013,497,0
9783960800064-1,Ninjago Legacy: Friends for Life,2017,497,0
9783960801375-1,Star Wars: R盲tselspa脽 f眉r kosmische Abenteurer,2018,497,5
9783960801511-1,LEGO Life: Emoticons Sticker Book,2018,497,0
9783960801825-1,DC Comics Super Heroes: 1001 Stickers Heroes vs Villains,2018,497,0
9783960804239-1,Ninjago Legacy: 1001 Stickers,2020,497,0
9783960805823-1,Harry Potter: R盲tselspa脽 f眉r clevere Zauberer (Germany),2021,497,7
9783960805847-1,Ninjago Legacy: R盲tselspa脽 mit Garmadon,2021,497,10
9783960806929-1,Star Wars: R盲tselspa脽 F眉r Starke Rebellen,2022,497,4
9783960807438-1,City: R盲tselspass f眉r Stadthelden,2022,497,6
Jan-84,Arctic Impact Challenge Kit,2001,398,1368
Jan-85,Robo Technology Set [Serial Cable],2003,507,220
Jan-86,Robo Technology Set [USB Cable],2003,507,221
Jan-88,Mission Mars Challenge Kit,2003,398,1209
9788325317706-1,Legends of Chima: Atak 艂owc贸w,2014,497,10
9788325320249-1,Friends: Go艣膰 Apecjalny,2017,497,13
9788325323400-1,City: Czas Lecie膰!,2016,497,5
9788325323837-1,City: Akcja na Morzu,2017,497,12
9788325323875-1,City: Sekrety D偶ungli,2017,497,14
9788325327934-1,Nexo Knights: Cyfrowe starcie,2018,605,10
9788325329020-1,City: Na Tropie Przygody,2018,497,14
9788325330477-1,Disney Princess: Brokatowa Burza,2020,497,9
9788325330538-1,Star Wars: Przygody Szturmowc贸w,2019,497,5
9788325330668-1,City: Zwiedzamy LEGO City,2018,497,7
9788325331382-1,"The LEGO Movie 2: Emmet Radzi, Jak By膰 Fajnym",2019,497,7
9788325331399-1,Akcja: Zabawa,2019,497,12
9788325332143-1,The LEGO Movie 2: Witaj w Moim 艢wiecie,2019,497,37
9788325332433-1,Star Wars: Galaktyczne Zagadki,2020,497,4
9788325332440-1,Star Wars: Gwiezdni Piloci,2019,497,5
9788325332594-1,Disney: Wsp贸lna Zabawa,2019,497,25
9788325333058-1,The LEGO Movie 2: Czadowi Kumple,2019,497,2
9788325333324-1,Harry Potter: Magiczny Rok,2020,497,6
9788325334017-1,Ninjago Legacy: Ruszaj do Akcji!,2020,497,19
9788325334604-1,City. Z艂ota R膮czka,2020,497,7
9788325334659-1,DC Comics Batman: Ruszaj do akcji!,2020,497,21
9788325335465-1,Harry Potter: Ruszaj do Akcji!,2021,497,20
9788325335502-1,City: Gear Up For Action!,2021,497,20
9788325336493-1,Jurassic World: Spotkanie w d偶ungli,2021,497,10
9788325338213-1,"Star Wars. Przemytnik, rebeliant, bohater!",2022,497,18
9788325338220-1,Christmas: 艢wi膮teczna zabawa,2021,497,9
9788325338701-1,Friends: Magia przyja藕ni,2022,497,12
9788325338862-1,Buduj i baw si臋. Kocham to!,2021,497,51
9788325338886-1,City: Kolorowanka z naklejkami,2022,497,0
9788325339135-1,Harry Potter: Time to play,2019,497,4
9788325339142-1,Jurassic World: Time to Play!,2022,497,3
9788325339159-1,DC Comics Batman: Time to play!,2022,497,0
9788325339562-1,Jurassic World: Misje Alana Granta,2022,497,8
9789030507628-1,Bedenk en Speel - Kerstmis,2020,497,62
Feb-89,City Sights Challenge Kit,2002,398,1016
9789634157038-1,Elves: Revenge of the Elven Witch,2016,497,23
9789895640485-1,Harry Potter: Hogwarts Memory Journal,2020,497,10
Jan-90,ROBOLAB Team Challenge Set (Serial),1999,520,727
Jan-93,ROBOLAB Team Challenge Set Version 2.5 [Serial Transmitter],2002,520,834
Jan-94,ROBOLAB Team Challenge Set Version 2.5 [USB],2003,507,832
Jan-95,ROBOLAB Intelligent House Building Set,2001,520,164
Jan-97,Mindstorms Education NXT Base Set,2006,519,442
Feb-97,Mindstorms Education NXT Base Set,2013,519,491
979760-1,Mars Exploration,2003,518,810
Jan-98,NXT Rechargeable Battery,2006,259,1
Jan-99,Sensor Adaptor for Mindstorms NXT to Vernier,2008,259,1
980-1,"23 sloping bricks, including roof peak bricks, Red",1969,371,23
980-2,"23 sloping bricks, including roof peak bricks, Blue",1969,371,23
Jan-06,Play Table,1998,501,0
Jan-09,Play Table - Small,2003,501,0
981-1,"34 sloping profile bricks, including profile peak bricks, Red",1969,371,39
981-2,"34 sloping profile bricks, including profile peak bricks, Blue",1969,371,39
Jan-16,Numbers & Letters,1998,516,276
Jan-17,Seats for Play Table,2003,501,0
Jan-20,Geared Turntable,1989,525,64
Jan-22,Beams (Red),1994,525,68
Jan-23,Beams (Blue),1994,525,68
Jan-24,Beams (Yellow),1994,525,68
Jan-25,Pneumatic Elements,1994,525,3
Jan-26,Pneumatic Tubing,1994,525,1
Jan-31,Battery Box with Switch - 9v,1995,525,1
Jan-33,AC Adapter 230V - 10V Transformer,1996,259,1
Feb-33,"AC Adapter, 120V - 10V Transformer",1996,259,1
Mar-33,AC Adapter 230V - 10V Transformer Type G Plug (British),2006,259,1
Jan-40,Storage Solution (6-Pack),2006,528,12
Jan-41,NXT Intelligent Brick,2006,259,1
Jan-42,NXT Servo Motor,2006,259,1
Jan-43,NXT Touch Sensor,2006,259,1
Jan-44,NXT Light Sensor,2006,259,1
Jan-45,NXT Sound Sensor,2006,259,1
Jan-46,NXT Ultrasonic Sensor,2006,259,1
Jan-47,Activity Booklets for Non-Motorized Simple Machines,1997,532,18
Feb-47,NXT Bluetooth Dongle,2006,259,0
Jan-48,Lamps and Fittings,1997,507,9
Jan-49,9V Micromotor,1995,525,4
985-1,Lighting Device Parts Pack,1969,371,4
Jan-51,Assortment of Connectors,1992,525,453
Jan-52,Chain Link Pack,1992,525,229
Jan-53,Assortment of Gears,1992,525,122
Jan-54,Worm Gear Pack,1992,525,22
Jan-55,Assortment of Tires/Wheels,1992,525,56
Jan-56,Assortment of Cross Axles,1992,525,124
Jan-57,Assortment of Plate Pieces,1992,524,166
Jan-58,Assortment of Beams,1992,525,126
Jan-59,Technic Motor 4.5 Volt,1992,525,1
Jan-60,Battery Box (4.5 Volt),1992,525,1
986-1,One Light Bulb,1969,371,1
Jan-61,Connecting Leads,1992,525,8
Jan-62,Random Special Pieces,1992,525,96
Jan-63,Weighted Brick Pack,1992,525,4
Jan-64,Green Building Plates,1992,524,3
Jan-65,Optosensor,1992,507,2
Jan-66,Light and Transparent Bricks,1992,507,12
Jan-67,Touch Sensor,1992,525,1
Jan-68,Plugholders and Leads,1992,525,42
Jan-69,Building Plates (24 x 24),1992,524,3
Jan-70,Pneumatic Rubber Bands and Pneumatic Tubing,1992,525,144
987-1,Number Bricks,1969,371,52
Jan-71,Yellow Beams,1992,525,76
Jan-72,"Pneumatic Pump, Cylinder, Valves, Tubing",1992,525,10
Jan-74,Building Cards - 1090,1992,532,5
Jan-75,Building Cards - 1092,1992,532,4
Jan-76,Large Turntables,1992,532,2
988-1,Alphabet Bricks,1969,371,52
Jan-83,Motor - 9v,1995,525,1
Jan-85,Sound Element - 9v,1995,525,1
Jan-88,Touch Sensor,2002,530,1
Jan-89,Temperature Sensor,1995,530,1
Jan-90,Light Sensor,1995,530,1
989-1,10 Traffic Signs,1969,371,10
Jan-91,Angle Sensor,1995,530,1
Jan-92,Brick Separators,1995,524,2
Jan-94,Two Screwdrivers,1987,524,2
98959-1,Motor,1977,4,40
Jan-96,Two Wrenches,1998,516,2
Jan-97,9-Volt Connecting Leads,1998,507,3
Jan-98,9-Volt Long Connecting Leads,1996,525,2
Jan-99,Hubs and Tires,1999,525,20
Jan-00,Small Gear Wheels,1999,525,21
990-1,Trees and Signs (1971 version with granulated trees and 4 bricks),1971,473,12
990-2,Trees and Signs (1969 version with old style trees and 3 bricks),1969,473,11
Jan-99,Gift Set,1966,366,94
Jan-11,9-Volt Touch Sensor and Leads,2004,260,3
991118-1,3M Connecting Lead (Set of 2),2002,524,2
Jan-12,LEGO Solar Cell,1999,507,1
991268-1,Special Elements Pack,2009,528,674
991319-1,Medium Storage Bin (Gray),2008,528,2
991327-1,12-Tooth Black Double Conical Wheels (Pack of 25),2007,525,25
991328-1,36-Tooth Double Conical Wheels (Pack of 25),2007,525,25
991329-1,7-Stud Axles (Pack of 50),2007,525,50
991330-1,New Turntables (Pack of 2),2007,525,2
991331-1,Small Wide Tire & Hub (Pack of 8 each),2007,524,16
991332-1,Technic Triangle (Pack of 25),2007,525,25
991333-1,Cam Wheel (Pack of 25),2007,525,25
991335-1,Swivel Magnet Pack (Pack of 10 each),2007,524,20
991336-1,2-Stud Axles with Grooves (Pack of 100),2007,525,100
991337-1,Connector Peg with Axle (Pack of 100),2007,525,100
991369-1,Tracks and Sprockets Pack,2008,525,110
991402-1,Studless Technic Beams,2008,525,35
991403-1,Technic Angle Beams,2008,525,30
991404-1,Technic Beams with Snaps,2008,525,30
991405-1,Technic Crossblocks,2008,525,30
991426-1,Black Plates - Large Package,2009,525,165
991451-1,Tracks,2009,525,120
991452-1,Sprockets,2009,525,22
991464-1,LEGO Smart Kit,2009,507,20
991526-1,Homeschool Introduction to Simple and Motorized Mechanisms Pack,2009,529,1
Jan-16,Electrical Capacitor,1999,531,1
991751-1,MINDSTORMS Energy Parts Pack,2012,525,46
Jan-18,Gear Block Yellow,1999,525,1
Jan-19,X-Large Storage Bin - 3 Pack,1997,528,6
Jan-20,X-Large Storage Bin (Yellow),1990,528,2
Jan-21,Large Storage Bin,1995,528,2
Jan-27,Beams (red),1999,525,44
Jan-28,Beams (blue),1999,525,44
Jan-29,Plates Red,1998,524,72
Jan-30,Plates Blue,1998,524,72
Jan-31,Plates Yellow,1998,524,72
Jan-32,Plates Black,1998,524,72
Jan-33,Basic Bricks (red),1999,524,62
Jan-34,Basic Bricks (yellow),1999,524,62
Jan-35,Basic Bricks (black),1999,524,62
Jan-36,Weight Elements,1998,524,2
Jan-37,Small Chain Links,1998,525,108
Jan-38,Conveyor Belt Links,1999,525,36
Jan-39,Assorted Pulleys,1999,525,14
Jan-40,Rubber Bands and String,1999,524,36
994-1,LEGO fences with garden gates,1969,371,19
Jan-41,Cams & Linkages,1998,525,18
Jan-42,Connectors & Bushings,1998,525,160
Jan-43,Axles and Extenders,1998,525,54
Jan-45,Differentials,1998,525,14
Jan-47,Figures,1998,524,16
995-1,Lighting Bricks with Color Filters,1969,371,23
Jan-54,Special Elements for Mini Sets,2001,524,55
Jan-59,Special Elements for Intelligent House Building Set,2001,524,41
Jan-60,"Crane Hook, Cam, Propellor",1994,525,13
Jan-61,White Belts,1994,525,16
Jan-62,Flat Tiles,1994,524,12
Jan-63,Axle Extenders and Bushings,1995,525,88
Jan-64,Connector Pegs,1994,525,64
Jan-65,Gears 8- and 10-Tooth,1994,525,18
Jan-66,Large Gear Wheels,1994,525,16
Jan-67,Differential and Bevel Gears,1994,525,18
Jan-68,Pulley Wheels,1994,525,22
Jan-69,Tires and Spoked Hubs,1994,525,24
Jan-70,Axles - Short,1994,525,36
Jan-71,Axles - Long,1994,525,24
Jan-72,Plates (Red),1994,524,88
Jan-73,Plates (Blue),1994,524,88
Jan-74,Plates (Yellow),1994,524,88
Jan-75,Simple Machines,1987,529,122
Jan-76,Airport,1989,516,85
Jan-77,Home,1992,516,126
Jan-78,Home Environment,1991,516,77
Jan-79,People,1992,516,18
Jan-80,World People,1992,516,16
Jan-87,Basic Bucket,1991,516,65
Jan-99,Upgrade Kit for 9654,2008,516,7
Alpharetta-1,"LEGO Store Grand Opening Exclusive Set, North Point Mall, Alpharetta, GA",2012,408,15
AMFLAG-1,American Flag with Sticker For Stars,2002,206,63
ANNAPOLIS-1,"LEGO Store Grand Opening Exclusive Commemorative Set, Westfield Annapolis, Annapolis, MD",2009,408,45
AQUAMANDVD-1,DC Comics Super Heroes: Aquaman: Rage of Atlantis,2018,501,0
ARENDELLECASTLE-1,Arendelle Castle,2019,687,62
auditt-1,Audi TT Roadster (Legoland Deutschland),2002,425,57
Austin-1,"LEGO Store Grand Opening Exclusive Set, Barton Creek Square, Austin, TX",2010,408,82
B001-1,"1 x 4 x 5 Black Window Frames, Transparent Blue Panes",2001,254,20
B002-1,1 x 4 x 3 Train Window Clear,2000,254,25
B003-1,"Red Frame, Black Door, Green Pane",2003,254,10
B004-1,2 x 4 Ridge Roof Tile Low Sloped Black,2003,254,25
B005-1,2 x 4 Ridge Roof Tile Low Sloped Red,2003,254,25
b55dk-01,Lego Mursten - System i Leg Byggebog,1955,497,0
b56de-01,System im Spiel,1956,497,0
b63de-01,LEGO Hobby und Modellbau,1963,497,0
b66de-01,LEGO Motor Eisenbahn,1966,497,0
BACKPACK-1,Cars Backpack,2020,501,0
BACKPACK-10,City Foiled Again Backpack,2020,501,0
BACKPACK-11,Friends Backpack,2021,501,0
BACKPACK-12,Ninjago Spray Paint Backpack,2022,501,0
BACKPACK-13,Ninjago Kai Backpack,2019,501,0
BACKPACK-14,City Deconstruction Boom Heritage Classic Backpack,2020,501,0
BACKPACK-15,City Nights Heritage Classic Backpack,2020,501,0
BACKPACK-2,Minifigure Motion Backpack,2021,501,0
BACKPACK-3,Minifigure Emoji Backpack (Pink),2021,501,0
BACKPACK-4,2 x 2 Building Brick Backpack (Blue),2021,501,0
BACKPACK-5,Minifigure Emoji Backpack (Blue),2021,501,0
BACKPACK-6,2 x 2 Building Brick Backpack (Pink),2021,501,0
BACKPACK-7,LEGOLAND Purple Brick Maze Backpack,2021,501,0
BACKPACK-8,City Fire Trio Backpack,2021,501,0
BACKPACK-9,Minifigure Backpack,2021,501,0
BAG-1,Ninjago Lloyd Energy Explorer Premium Set,2020,501,0
BAG-2,Friends Confetti Easy Set,2020,501,0
BAG-3,Ninjago Kai Easy Set,2020,501,0
BAG-4,Ninjago Jay Explorer Premium Set,2020,501,0
BAG-5,City Police Easy Set,2020,501,0
BAG6-1,Gray Brick Separator with Black Frame Pieces,2006,254,56
BAGCHARM-1,The LEGO Movie 2: Batman Plush Clip,2020,501,0
BAGCHARM-2,The LEGO Movie 2: Angry Unikitty Plush Clip,2020,501,0
BAGCHARM-4,The LEGO Movie 2: Lucy Plush Clip,2020,501,0
BAGCHARM-5,The LEGO Movie 2: Rex Plush Clip,2020,501,0
BAM2018-3,Halloween Trio,2018,408,15
BAM2018-4,Christmas Trio,2018,408,15
BAM2020-1,Sweet & Sunny Build a Minifigure Collection,2020,425,15
BAM2020-2,Cool & Cute Minifigure Collection,2020,408,15
BAM2020-3,Halloween Minifigure Collection,2020,408,15
BAM2020-4,Christmas Trio - 2020,2020,408,15
BauMit-1,BAU MIT!,2009,301,1
Beachwood-1,"LEGO Store Grand Opening Exclusive Set, Beachwood Place, Beachwood, OH",2011,408,15
BEIJINGSTANDEE-1,I 鉂わ笍 Beijing Standee,2019,408,29
BELLE-1,Belle's Castle,2016,579,72
BERLIN-1,"LEGO Store Grand Opening Exclusive Set, Berlin, Germany",2009,408,69
BERLIN-2,Big New Opening LEGO Store Berlin,2017,408,0
BIGBOX-1,The Ultimate Battle for Chima,2015,571,9987
bilmasks-1,Special Kanohi Masks (Legoland Billund),2001,324,2
BIONICLEDVD1-1,Bionicle: Mask of Light (DVD),2003,501,0
BIONICLEDVD2-1,Bionicle 2: Legends of Metru Nui (DVD),2004,501,0
BIONICLEDVD3-1,Bionicle 3: Web of Shadows (DVD),2005,501,0
Birmingham-1,"LEGO Store Grand Opening Exclusive Set, Riverchase Galleria, Birmingham, AL",2009,408,79
BLANKET-1,Frozen Hooded Blanket,2020,501,0
BLANKET-2,LEGOLAND Mermaid Tail Fleece Blanket,2020,501,0
BLANKET-3,LEGOLAND Shark Fleece Blanket,2020,501,0
BLUE-1,Blue,2018,602,47
BLUEGHOST-1,Blue Ghost,2021,230,43
BONSAI-1,55cm Bonsai Tree Model,2021,598,0
BOOKANDPENCIL-1,Book and Pencil,2020,301,19
BORDEAUX-1,Grand Opening of the LEGO Store in Bordeaux,2016,408,12
BOTTLE-1,Minifigure Head Drinking Bottle (Tongue),2018,501,0
BOTTLE-2,Minifigure Head Drinking Bottle (Criminal),2018,501,0
BOTTLE-3,Minifigure Head Drinking Bottle (Boy),2020,501,0
BOTTLE-4,Square Drinking Bottle (Pink),2015,501,0
BRAINTREE-1,"LEGO Store Grand Opening Exclusive Commemorative Set, South Shore Plaza, Braintree, MA",2008,408,58
Bricktober-1,Toys 'R' Us Bricktober Promotional Brick Set,2009,598,6
BUCKET-1,Iconic Skull Halloween Bucket,2010,501,0
BUCKET-2,Iconic Jack O Lantern Halloween Bucket,2010,501,0
BUCKET-3,Friends Cinch Bucket,2020,501,0
BUCKET-4,NINJAGO Cinch Bucket,2022,501,0
BULL-1,Bull,2019,408,64
BUNNY-1,Bunny,2019,229,32
C8500-1,Robotops (8500 + 8501 + 8502 + 8503),1999,20,96
C8504-1,Ultrarex (8504 + 8505 + 8506 + 8507),1999,20,88
C8509-1,Swamp + Lava,2000,16,0
C8509-2,Dust + Lava + Swamp,2000,16,0
C8509-3,Swamp + Frost + Onyx + Dust,2000,16,0
C8509-4,Swamp + Frost + Onyx + Dust + Power,2000,16,0
C8509-5,Swamp + Lava + Frost + Onyx + Dust + Power,2000,16,0
C8511-1,Frost + Dust,2000,16,0
C8511-2,Frost + Onyx + Power,2000,16,0
C8512-1,Onyx + Power,2000,16,0
C8521-1,Dynamo (8521 + 8522 + 8523),2000,20,142
CALENDAR-1,2023 Wall Calendar,2022,501,0
CALENDAR-2,2023 Daily Builds Calendar,2022,501,0
Calgary-1,"LEGO Store Grand Opening Exclusive Set, Chinook Centre, Calgary, AB, Canada",2010,408,130
CANDYBOX-1,Candy Box,2018,408,54
CAP-1,LEGOLAND Windsor Cap (All Colors),2020,501,0
CAP-2,LEGOLAND Windsor Pastel Ombre Glitter Cap,2020,501,0
CAPITOL-1,Capitol Building,2015,598,36
CAPTAINMARVEL-1,Mini Captain Marvel Ship,2019,696,46
CARDS-1,Friend's Pair Cards,2022,501,0
CARROT-1,Sven's Carrot,2019,687,9
casbon-1,Castle Bonus Pack,1998,186,0
CASTLEBYERS-1,Castle Byers,2019,680,50
CCegg-1,Chupa Chups Egg with Surprise Lego Set,2003,459,0
CELEB2015-1,Tatooine Mini-Build (Star Wars Celebration Version),2015,158,178
CELEB2015MF-1,Mini Millennium Falcon,2015,158,20
CELEB2015SD-1,Mini Star Destroyer,2015,158,19
CELEB2015TF-1,Mini TIE Fighter,2015,158,15
CELEB2015XW-1,Mini X-Wing,2015,158,27
CELEBV-1,Fan Celebration V - CubeDude - The Bounty Hunter Edition,2010,158,497
CELEBVI-1,Boba Fett's Mini Slave I,2012,158,81
CHANDLER-1,"LEGO Store Grand Opening Exclusive Set, Chandler Fashion Center, Chandler, AZ",2008,408,67
CHICK-1,Easter Chick,2019,410,18
CINCINNATI-1,Flying Pig,2009,408,93
CINDERELLASCASTLE-1,Cinderella鈥檚 Castle,2017,608,102
CLIKIT-1,Clikits Accessories,2004,500,63
CLOCK-1,Hidden Side Ghost Table Clock,2019,501,0
CLUBHOUSE-1,Clubhouse,2018,494,80
cnminifigs-1,Ninja Minifig Packs 3-Pack,2000,434,0
COINPURSE-1,Minifigure Color Me Crowd Coin Purse,2021,501,0
COINPURSE-2,Minifigure Emoji Coin Purse (Pink),2021,501,0
COKEJPIII-1,Japanese Coca-Cola Studios Polybag Collection,2001,273,0
cokesoccer-1,Japanese Coca-Cola Soccer collection sets 4443 thru 4472,2002,462,0
Columbus-1,"LEGO Store Grand Opening Exclusive Set, Easton Town Center, Columbus, OH",2009,408,72
COMCON001-1,Clone Wars Pack,2008,158,33
COMCON002-1,Indiana Jones Brickmaster Pack,2008,264,114
COMCON003-1,Batman and Joker Minifig Pack,2008,697,9
COMCON004-1,Collectible Display Set 1,2009,158,16
COMCON005-1,Collectible Display Set 2,2009,158,13
COMCON006-1,Collectible Display Set 4,2009,158,30
COMCON007-1,Collectible Display Set 5,2009,158,17
COMCON008-1,Collectible Display Set 3,2009,158,16
COMCON009-1,Collectible Display Set 6,2009,158,17
COMCON010-1,Mini Republic Dropship & AT-TE Brickmaster SDCC 09 Exclusive,2009,158,108
COMCON011-1,LEGO Star Wars Holo-Brick Archives,2009,158,3
COMCON013-1,Green Lantern (San Diego Comic-Con Version),2011,695,4
COMCON014-1,Super Heroes Unite - Batman - San Diego Comic-Con 2011 Exclusive,2011,697,6
COMCON015-1,Star Wars Advent Calendar 2011 (San Diego Comic-Con Exclusive),2011,158,0
COMCON016-1,Green Lantern (New York Comic-Con Version),2011,695,4
COMCON017-1,Super Heroes Unite - Superman - New York Comic-Con 2011 Exclusive,2011,701,5
COMCON018-1,Super Heroes Unite - Batman - New York Comic-Con 2011 Exclusive,2011,697,5
COMCON019-1,Darth Maul's Mini Sith Infiltrator,2012,158,84
COMCON020-1,Shazam,2012,695,6
COMCON021-1,Jean Grey in Phoenix Costume,2012,707,5
COMCON022-1,Bizarro #1,2012,701,6
COMCON023-1,Spider-Man in Black Venom Symbiote Costume,2012,706,4
COMCON024-1,Luke Skywalker's Mini Landspeeder,2012,158,110
COMCON025-1,Shadow Leonardo,2012,570,8
COMCON026-1,Kraang,2012,570,5
COMCON027-1,Spider-Woman,2013,696,4
COMCON028-1,Spider-Man,2013,706,3
COMCON029-1,Black Superman,2013,701,5
COMCON030-1,Green Arrow,2013,695,4
COMCON031-1,Azog,2013,562,6
COMCON032-1,JEK-14 Mini Stealth Starfighter,2013,158,127
COMCON033-1,Micro Scale Bag End,2013,562,130
COMCON034-1,Rocket Raccoon鈥檚 Warbird,2014,704,145
COMCON035-1,The Collector,2014,704,8
COMCON036-1,Batman of Zur-En-Arrh,2014,697,6
COMCON037-1,Batman Classic TV Series Batmobile,2014,697,152
COMCON038-1,Bard the Bowman,2014,562,5
COMCON039-1,The Ghost Starship,2014,158,132
COMCON040-1,Unikitty,2014,578,17
COMCON041-1,Antonios Pizza-Rama - New York Comic-Con 2012 Exclusive,2012,570,54
COMCON042-1,Tahu Mask - New York Comic-Con 2014 Exclusive,2014,324,1
COMCON043-1,Tahu Mask - New York Comic Con 2014 VIP Event Exclusive,2014,324,1
COMCON052-1,Batgirl,2016,617,5
COMCON053-1,Deadpool Duck,2017,696,3
COMCON054-1,Vixen,2017,695,4
Concord-1,"LEGO Store Grand Opening Exclusive Set, Concord Mills, Concord, NC",2009,408,70
COOLCAR-1,Cool Car,2019,408,50
CostaMesa-1,"LEGO Store Grand Opening Exclusive Set, South Coast Plaza, Costa Mesa, CA",2011,408,3
COWS1-1,Singapore: Food Cart,2017,619,114
COWS2-1,"Singapore: Kaya Toast, Eggs & Kopi Set",2017,619,92
COWS3-1,Singapore: Chope Seat,2017,619,93
COWS4-1,Singapore: Chilli Crab,2017,619,124
COWS5-1,Singapore: Nyonya Kueh,2017,619,126
COWS6-1,Singapore: Display Base,2017,619,257
COWT2-1,Chihkan Tower,2017,619,160
COWT4-1,Taichung Station,2017,619,159
CREATOR-1,Dummy Set for 4562-1 - Creator Box,2004,22,167
CROSSBODY-1,Vintage Crossbody Bag,2021,501,0
D100340-1,LogIT Sensor Adapter,2010,259,1
DACHSHUND-1,Dachshund,2018,598,104
Dallas-1,"LEGO Store Grand Opening Exclusive Set, NorthPark Center, Dallas, TX",2009,408,92
DC1-1,Commemorative Limited Edition Batman Announcement,2006,697,13
DCBHZ-1,Wonder Woman,2017,610,145
DCSHDVD2-1,DC Comics Super Heroes: Justice League: Attack of the Legion of Doom! (Blu-ray + Digital),2015,501,4
DELMONTE1-1,Del Monte Building Kit,1971,523,0
DesPeres-1,"LEGO Store Grand Opening Exclusive Set, West County Center, Des Peres, MO",2013,408,17
DOMINOS-1,Duplo Dominos,2022,501,0
DOTSBOOK-1,DOTS: Friends Code Together,2021,497,38
DOTS-MEGA-PACK-1,DOTS Collectible Tiles 41913-1 Mega Pack,2021,688,22
DOTS-MEGA-PACK-2,DOTS Collectible Tiles 41949-1 Bag Tag Mega Pack - Messaging,2022,688,16
DOTS-MEGA-PACK-3,DOTS Collectible Tiles 41957-1 Mega Pack,2022,688,16
DOTS-MEGA-PACK-4,DOTS Collectible Tiles 41947-1 Mega Pack,2022,688,16
DOTS-MEGA-PACK-5,DOTS Collectible Tiles 41947-1 / 41964-1 Mega Pack,2022,688,16
DOTS-SERIES-1,DOTS Collectible Tiles Series 1,2020,688,16
DOTS-SERIES-2,DOTS Collectible Tiles Series 2,2020,688,16
DOTS-SERIES-3,DOTS Collectible Tiles Series 3,2021,688,16
DOTS-SERIES-4,DOTS Collectible Tiles Series 4,2021,688,24
DOTS-SERIES-5,DOTS Collectible Tiles Series 5,2021,688,16
DOTS-SERIES-6,DOTS Collectible Tiles Series 6,2022,688,16
DOTS-SERIES-7,DOTS Collectible Tiles Series 7,2022,688,16
DSARMORCASEIJROTLA-1,"Armor Case Kit for Nintendo DS - Indiana Jones, Raiders of the Lost Ark",2009,501,22
DSARMORCASEIJTOD-1,"Armor Case Kit for Nintendo DS - Indiana Jones, Temple of Doom",2009,501,23
DSGAME-1,Batman the Videogame - DS,2008,501,0
DSGAME-2,Bionicle Heroes - DS,2006,501,0
DSIARMORCASEBLUE-1,Armor Case Kit for Nintendo DSi - Classic Blue,2011,501,22
DSIARMORCASEEOTB-1,Armor Case Kit for Nintendo DSi - Evolution of the Brick,2011,501,20
DSIARMORCASERED-1,Armor Case Kit for Nintendo DSi - Classic Red,2011,501,22
DUCK-1,Duck,2007,408,6
Duck75-1,75th Anniversary Duck on Wheels,2007,301,44
DUFFLEBAG-1,2 x 2 Building Brick Duffle Bag,2021,501,0
DUFFLEBAG-2,Minifigure Motion Duffle Bag,2021,501,0
DUMMY-258-2,Dummy Set for 258-2,1958,368,26
DUMMY-259-1,Dummy Set for 259-1,1958,368,12
DUPLOGAME-1,"Playground, Preschool Counting Game",2001,504,17
DUPLOVP-1,Value Pack,1984,504,0
DUTCHVANDER-1,"""Dutch"" Vander",2021,501,4
DVD-1,Shazam: Magic and Monsters (DVD),2020,501,0
DVD-10,Batman: Family Matters,2019,501,0
DVD-2,Ninjago: Rebooted: Battle for New Ninjago City (DVD),2015,501,0
DVD-3,Ninjago and Friends (DVD),2014,501,0
DVD-4,Jurassic World: Legend of Isla Nublar (DVD),2020,501,0
DVD-7,Ninjago: Sons of Garmadon: Season 8 (DVD),2019,501,0
DVD-8,Jurassic World: The Secret Exhibit (DVD),2018,501,0
DVD-9,Jurassic World: Double Trouble (DVD),2020,501,0
e1a1401-1,MUJI Basic Set,2011,301,64
e1a1402-1,MUJI Animal / Vehicle Set,2011,301,196
e1a1403-1,MUJI Moving Set,2011,301,109
e1a1404-1,MUJI Christmas Set,2011,301,120
EASTERCHICK-1,Easter Chick,2019,229,30
Edmonton-1,"LEGO Store Grand Opening Exclusive Set, Southgate Mall, Edmonton,  AB, Canada",2013,408,14
ELEPHANT-1,Elephant,2019,598,11
Elizabeth-1,"LEGO Store Grand Opening Exclusive Set, Jersey Gardens, Elizabeth, NJ",2012,408,15
Elmhurst-1,"LEGO Store Grand Opening Exclusive Set, Queens Center Mall, Elmhurst, NY",2010,408,95
EMMETSCAR-1,Emmet's Car,2014,578,40
ESSEN-1,"LEGO Store Grand Opening Exclusive Set, Essen",2012,408,1
EV3MEG-1,EV3 MEG Mini,2013,262,31
F6316-1,Flags and Posts,2006,254,100
FACEMASK-1,LEGOLAND Face Cover (Blue),2021,501,0
FACEMASK-2,LEGOLAND Face Cover (LEGOLAND Skyline),2021,501,0
FACEMASK-3,LEGOLAND Face Cover (Stars),2021,501,0
FANDOME2020-1,Supergirl,2020,695,0
FANEXPO001-1,The Ghost Starship,2014,158,134
FANEXPO2015-1,Tatooine Mini-Build (FAN EXPO Version),2015,158,179
FBULLDOG-1,French Bulldog,2018,598,0
fdp01-1,LEGO Familiedage Puzzle Promo 2009,2009,301,7
FIESTA2020-1,LEGOLAND Discovery Center San Antonio Fiesta 2020 Medal,2020,501,0
FLLCCLASSGUIDE2022-1,SUPERPOWERED Class Pack Guide (FLL Challenge),2022,398,0
FLLCCLASSPACK2021-1,CARGO CONNECT Class Pack (FLL Challenge),2021,398,0
FLLCCLASSPACK2022-1,SUPERPOWERED Class Pack (FLL Challenge),2022,398,0
FLLCDISTANCEGUIDE-1,RePLAY Guide for Distance Education,2020,398,0
FLLCEVENTGUIDE2021-1,CARGO CONNECT Class Pack Event Guide (FLL Challenge),2021,398,0
FLLCGAMEGUIDE2020-1,RePLAY Robot Game Rulebook,2020,398,0
FLLCGAMEGUIDE2021-1,CARGO CONNECT Robot Game Rulebook,2021,398,0
FLLCIMPGUIDE2021-1,CARGO CONNECT Class Pack Implementation Guide (FLL Challenge),2021,398,0
FLLCNOTEBOOK2020-1,RePLAY Engineering Notebook,2020,398,0
FLLCNOTEBOOK2021-1,CARGO CONNECT Engineering Notebook (FLL Challenge),2021,398,0
FLLCNOTEBOOK2022-1,SUPERPOWERED Engineering Notebook (FLL Challenge),2022,398,0
FLLCTEAMGUIDE2020-1,RePLAY Team Meeting Guide,2020,398,0
FLLCTEAMGUIDE2021-1,CARGO CONNECT Team Meeting Guide (FLL Challenge),2021,398,0
FLLCTEAMGUIDE2022-1,SUPERPOWERED Team Meeting Guide (FLL Challenge),2022,398,0
FLLDCLASSGUIDE2022-1,SUPERPOWERED Class Pack Guide (FLL Discover),2022,398,0
FLLDCLASSPACK2021-1,CARGO CONNECT Class Pack (FLL Discover),2021,398,0
FLLDCLASSPACK2022-1,SUPERPOWERED Class Pack (FLL Discover),2022,398,0
FLLDDISTANCEGUIDE-1,PLAYMAKERS Teacher Guide for Distance Education (FLL Discover),2020,398,0
FLLDNOTEBOOK2018-1,Mission MOON Engineering Notebook (FLL Jr. Discovery Edition),2018,398,0
FLLDNOTEBOOK2019-1,BOOMTOWN BUILD Engineering Notebook (FLL Jr. Discovery Edition),2019,398,0
FLLDNOTEBOOK2020-1,PLAYMAKERS Engineering Notebook (FLL Discover),2020,398,0
FLLDNOTEBOOK2021-1,CARGO CONNECT Engineering Notebook (FLL Discover),2021,398,0
FLLDNOTEBOOK2022-1,SUPERPOWERED Engineering Notebook (FLL Discover),2022,398,0
FLLDTEAMGUIDE2019-1,BOOMTOWN BUILD Team Meeting Guide (FLL Jr. Discovery Edition),2019,398,0
FLLDTEAMGUIDE2020-1,PLAYMAKERS Team Meeting Guide (FLL Discover),2020,398,0
FLLDTEAMGUIDE2021-1,CARGO CONNECT Team Meeting Guide (FLL Discover),2021,398,0
FLLDTEAMGUIDE2022-1,SUPERPOWERED Team Meeting Guide (FLL Discover),2022,398,0
FLLECLASSGUIDE2022-1,SUPERPOWERED Class Pack Guide (FLL Explore),2022,398,0
FLLECLASSPACK2021-1,CARGO CONNECT Class Pack (FLL Explore),2021,398,0
FLLECLASSPACK2022-1,SUPERPOWERED Class Pack (FLL Explore),2022,398,0
FLLEDISTANCEGUIDE-1,PLAYMAKERS Guide for Distance Education (FLL Explore),2020,398,0
FLLEEVENTGUIDE2021-1,CARGO CONNECT Class Pack Event Guide (FLL Explore),2021,398,0
FLLEIMPGUIDE2021-1,CARGO CONNECT Class Pack Implementation Guide (FLL Explore),2021,398,0
FLLENOTEBOOK2020-1,PLAYMAKERS Engineering Notebook (FLL Explore),2020,398,0
FLLENOTEBOOK2021-1,CARGO CONNECT Engineering Notebook (FLL Explore),2021,398,0
FLLENOTEBOOK2022-1,SUPERPOWERED Engineering Notebook (FLL Explore),2022,398,0
FLLETEAMGUIDE2020-1,PLAYMAKERS Team Meeting Guide (FLL Explore),2020,398,0
FLLETEAMGUIDE2021-1,CARGO CONNECT Team Meeting Guide (FLL Explore),2021,398,0
FLLETEAMGUIDE2022-1,SUPERPOWERED Team Meeting Guide (FLL Explore),2022,398,0
FLLGAMEGUIDE2019-1,City Shaper Game Guide,2019,398,0
FLLJGUIDE-1,Junior FIRST LEGO League Guide to Building and More,2013,398,0
FLLJNOTEBOOK2019-1,BOOMTOWN BUILD Engineering Notebook,2019,398,0
FLLJTEAMGUIDE2019-1,BOOMTOWN BUILD Team Meeting Guide,2019,398,0
FLLNOTEBOOK2019-1,City Shaper Engineering Notebook,2019,398,0
FLLTEAMGUIDE2019-1,City Shaper Team Meeting Guide,2019,398,0
FLOWER-1,Flower,2019,598,17
FOOTSHOP-1,Footshop Meets Adidas & LEGO Special Custom Re-build Kit,2021,598,245
FRAME-1,Picture Frame,2019,598,44
FRANKFURT-1,"LEGO Store Grand Opening Exclusive Set, MyZeil, Frankfurt, Germany",2009,408,157
Frisco-1,"LEGO Store Grand Opening Exclusive Set, Stonebriar Centre, Frisco, TX",2009,408,60
FRNDSBEACH-1,Les copines 脿 la plage (Friends on the beach),2014,497,20
fruit1-1,Apple - Hong Kong Lego Show Promotional,2007,22,9
fruit2-1,Cherry - Hong Kong Lego Show Promotional,2007,22,12
fruit3-1,Grapes - Hong Kong Lego Show Promotional,2007,22,8
fruit4-1,Mango - Hong Kong Lego Show Promotional,2007,22,7
fruit5-1,Melon - Hong Kong Lego Show Promotional,2007,22,9
fruit6-1,Orange - Hong Kong Lego Show Promotional,2007,22,8
fruit7-1,Pear - Hong Kong Lego Show Promotional,2007,22,11
fruit8-1,Tree - Hong Kong Lego Show Promotional,2007,22,1
G1753-1,Checkers,2006,504,25
GAMECASENINJAGO-1,Brick Game Cases for Nintendo DS - Ninjago,2011,501,15
GANYMEDE-1,Ganymede,2019,669,38
GANYMEDE-2,Ganymede,2019,669,39
GardenCity-1,"LEGO Store Grand Opening Exclusive Set, Roosevelt Field Mall, Garden City, NY",2010,408,88
GBAGAME-1,Bionicle: Maze of Shadows - Game Boy Advance,2005,501,0
GBAGAME-2,Star Wars: The Video Game - Game Boy Advance,2005,501,0
GBAGAME-3,Knights' Kingdom - Game Boy Advance,2004,501,0
GBAGAME-4,Bionicle Heroes - Game Boy Advance,2006,501,0
GCGAME-1,Bionicle Heroes - Gamecube,2006,501,0
GCGAME-3,Star Wars: The Video Game - Gamecube,2005,501,0
GHOST-1,Ghost,2019,410,21
GIANTS2015-1,Baseball Player,2015,598,38
GIANTS2016-1,Lou Seal,2016,598,60
GINGERORNAMENT-1,Gingerbread Man Ornament,2020,227,72
GLADIATOR-1,Ancient Rome Comes Back To Life,2020,598,9
Glasgow-1,"LEGO Store Grand Opening Exclusive Set, Glasgow UK",2013,408,15
GLENDALE-1,"LEGO Store Grand Opening Exclusive Commemorative Set, Arrowhead Towne Center, Glendale, AZ",2010,408,140
GMRACER1-1,Truck,2009,112,4
GMRACER2-1,Race Car,2009,112,4
GMRACER3-1,Race Car,2009,112,4
GMRACER4-1,Race Car,2009,112,4
GMRACER5-1,Race Car,2009,112,4
GMRACER6-1,Police Car,2009,112,4
GREENDRAGON-1,Green Dragon,2017,616,35
GREETINGCARD-1,Personalised Greeting Card,2021,501,0
HANOVER-1,"LEGO Store Grand Opening Exclusive Set, Arundel Mills, Hanover, MD",2009,408,69
HARLEY-1,Harley-Davidson Mini Motorcycle,2019,673,71
HEART-1,Heart,2022,232,34
HEROICABOX-1,Heroica Gift Box with 4 Games - Limited Edition,2011,502,0
HKYCUP-1,Mini Stanley Cup,2004,461,7
HOBBIT-1,The Hobbit - An Unexpected Journey (Blu-Ray + DVD + Digital),2013,501,4
HOLIDAYORNAMENT-1,Holiday Ornament,2020,227,96
Honolulu-1,"LEGO Store Grand Opening Exclusive Set, Ala Moana Center, Honolulu, HI",2009,408,85
HOODIE-1,LEGOLAND Windsor Hoodie (All Colors),2020,501,0
HOTDOGTRUCK-1,Hot Dog Truck,2020,52,77
HOUSTON-1,Space Shuttle,2008,408,65
Houston-2,"LEGO Store Grand Opening Exclusive Set, The Galleria, Houston, TX",2010,408,143
Houston-3,"LEGO Store Grand Opening Exclusive Set, The Woodlands Mall, Houston, TX",2012,408,15
HPANGLIA-1,Harry Potter Ford Anglia,2018,246,61
HPEXPRESS-1,Harry Potter Hogwarts Express,2018,246,46
HPG01-1,Harry Potter Gallery 1,2002,246,20
HPG02-1,Harry Potter Gallery 2,2002,246,17
HPG03-1,Harry Potter Gallery 3,2002,246,23
HPG04-1,Harry Potter Gallery 4,2002,246,23
HPMAGICWAND-1,Harry Potter Magic Wand,2018,246,18
HPWAND-1,Harry Potter Wand,2018,246,26
HUBBLEMOSAIC-1,Hubble Image Mosaic,2021,301,179
ICECREAMTRUCK-1,Ice Cream Truck,2020,494,60
iFountain-1,iFountain (Lego / Coca-Cola Employee Exclusive),2001,301,331
IKEAKIT-1,BYGGLEK Children Kit,2021,301,0
INDEPENDENCEHALL-1,Independence Hall,2015,598,68
Indianapolis-1,"LEGO Store Grand Opening Exclusive Set, Castleton Square, Indianapolis, IN",2011,408,15
ITBH-1,Nonnie - Inside Tour 2017 Edition,2017,610,0
JEFFERSONMEMORIAL-1,Jefferson Memorial,2015,598,50
JELLYFISH-1,Flying Jelly Sub,2018,616,0
JUMPROPE-1,Ninjago LED Jump Rope,2020,501,0
K10001-1,Metroliner Kit,2001,236,0
K10020-1,Santa Fe Starter Kit,2002,236,0
K10022-1,Santa Fe Train Kit,2002,236,0
K10039-1,Legend Castle Collection,2003,186,0
K10041-1,LEGO Town Kit,2003,94,0
K10068-1,Holiday Kit,2002,227,0
K10079-1,Holiday Decoration II,2003,227,0
K10124-1,Ultimate Plane Kit,2003,673,0
K10131-1,Battle of Yavin Collection,2004,158,0
K10145-1,Mouse Hole Kit,2005,254,0
K10158-1,Deluxe High Speed Train Collection,2005,105,0
K10176-1,Classic Castle,2006,197,0
K10194-1,Emerald Night Collection,2009,673,0
K1062-1,Road Safety Kit,1981,533,138
K1376-1,Spider-Man Adventure Kit,2003,706,0
K1383-1,Scary Monster Madness Kit,2002,273,0
K2159-1,Holiday Train Starter Collection,2006,673,29
K3300-1,Island of Sodor Collection,2007,631,0
K3354-1,Complete Thomas Collection,2006,631,0
K3409-1,Ultimate Soccer Stadium Kit,2000,462,0
K3433-1,Ultimate NBA Arena Kit,2004,459,0
k34431-1,Lego Mosaic Cat,2003,277,2127
k34432-1,Lego Mosaic Dino,2003,277,2847
k34433-1,Lego Mosaic Johnny Thunder,2003,277,2127
K34434-1,Mosaic Tiger,2003,277,2217
K3451-1,Famous Planes Kit,2002,673,0
K3538-1,Snowboard Cross Race Kit,2003,460,0
K3731-1,3D Pumpkin Pack Kit,2000,230,0
K3801-1,RIS 2.0 Builders Kit,2003,260,0
K4103-1,Creator Bucket bundled with 4782 (TRU Exclusive),2005,674,0
K4346-1,X-Pod Kit,2004,478,0
K4415-1,X-Pod Creator Collection,2006,478,0
K4479-1,TIE Bomber & TIE Fighter Kit,2003,158,0
K4480-1,Jabba's Palace Kit,2003,158,0
K4482-1,Episode II Final Scene Kit,2003,158,0
K4487-1,Star Wars Miniatures Kit I,2003,158,0
K4488-1,Star Wars Miniatures Kit II,2003,158,0
K4492-1,Star Wars Miniatures Kit III,2004,158,0
K4511-1,Passenger Train Kit,2003,105,0
K4512-1,Cargo Train Kit,2003,105,0
K4515-1,Ultimate Track Kit,1992,236,0
K4516-1,Oval Track Kit,1992,236,0
K4519-1,Cross Track Kit,1992,236,0
K4520-1,Special Track Kit,1992,236,0
K4531-1,Deluxe Track Kit,1992,236,0
K4548-1,9-volt Train Accessory Collection,2007,236,0
K4609-1,Jack Stone Fire Rescue Kit,2001,280,0
K4611-1,Jack Stone Police Rescue Kit,2001,280,0
K4612-1,Jack Stone Kit,2002,280,0
K4701-1,Chamber of Secrets Kit,2002,246,0
K4706-1,Sorcerers Stone Kit,2002,246,0
K4729-1,Deluxe Hogwarts Kit,2003,246,0
K4751-1,Marauder's Map Kit,2004,246,0
K4755-1,Knight Bus Collection,2004,246,0
K4852-1,Spider-Man Movie Kit,2003,706,0
K4915-1,Mini Pods Collection,2006,672,0
K5300-1,Train Accessories Kit,2003,236,0
K5613-1,City Fire Station Collection,2008,58,0
K5850-1,Belville Kit,2003,318,0
K5858-1,The Golden Palace Collection,2003,318,0
K5862-1,Flower Fairy Party Collection,2003,318,0
K5974-1,Space Police Collection,2009,141,0
K6243-1,Big Pirates Collection,2009,153,0
K6290-1,Classic Pirates Kit,2001,148,0
K6762-1,Western Kit,2002,475,0
K7000-1,Dinosaurs Kit,2001,386,0
K7029-1,Complete Castle Collection,2007,193,0
K7035-1,World City Police Kit,2003,105,0
K7094-1,Castle Collection US version,2007,193,0
K7153-1,Episode II Ultimate Action Kit,2002,158,0
K7204-1,Jedi Adventure Kit,2002,158,0
K720x-1,Story Teller Pack,2002,158,0
K7283-1,V-wing Space Battle Collection,2005,158,0
K7317-1,Life on Mars Kit,2001,135,0
K7417-1,Orient Expedition in Mount Everest Kit,2003,300,0
K7418-1,Orient Expedition in India Kit,2003,300,0
K7419-1,Orient Expedition in China Kit,2003,300,0
K7422-1,Orient Expedition World Travel Kit,2003,300,0
K7467-1,Space Exploration Kit,2003,387,0
K7471-1,Discovery Space Kit,2003,387,0
K7623-1,Indiana Jones Classic Adventures Collection,2008,264,0
K7690-1,Mars Mission Collection,2008,137,0
K7699-1,Complete Mars Mission Collection,2007,137,0
K7734-1,Cargo Transport Collection,2008,54,0
K7741-1,City Police Collection,2009,61,0
K7744-1,Ultimate City Police Collection,2008,61,0
K7775-1,Complete Aqua Raiders Collection,2007,310,0
K7776-1,Ultimate Aqua Raiders Collection,2007,310,0
K7890-1,Rescue Collection,2007,60,0
K7894-1,City Airport Collection,2007,53,0
K7895-1,Oval Track for RC Trains,2006,66,0
K7896-1,Deluxe Track for RC Trains,2006,66,0
K7906-1,Ultimate Firefighter Collection,2007,58,0
K7945-1,Firefighter Collection,2007,58,0
K8008-1,Darth Vader / Stormtrooper Kit,2002,18,0
K8102-1,Humans vs. Robots Battle Machine Collection,2007,389,0
K8107-1,Golden City Collection,2009,389,0
K8111-1,Battle Machine Collection,2008,389,0
K8130-1,Tiny Turbo III Collection,2007,112,0
K8148-1,Mini Racers Collection,2008,112,0
K8310-1,Galidor Defender Kit,2002,685,0
K8355-1,Twin Powered Street Racer Kit,2003,112,0
K8358-1,Night Sprinter Kit,2003,112,0
K8362-1,Ferrari Collection,2004,114,0
K8371-1,Twin Powered Street Racer Kit 2,2003,112,0
K8380-1,All-Terrain Racers Collection,2003,112,0
K8381-1,High-Speed Racers Collection,2003,112,0
K8383-1,Off-Road Racers Collection,2003,112,0
K8533-1,Find the Power BIONICLE Kit,2001,324,0
K8563-1,Bohrok Swarm Kit,2002,324,0
K8564-1,Ultimate Bohrok Swarm Kit,2002,324,0
K8566-1,Toa Nuva Hero Kit,2003,324,0
K8572-1,Toa Nuva Kit,2003,324,0
K8573-1,Bohrok-Kal Kit,2003,324,0
K8578-1,Ultimate Bohrok-Kal Kit,2003,324,0
K8586-1,Matoran Villagers Kit,2003,324,0
K8587-1,Rahkshi Set (Panrahk and Kurahk),2003,324,0
K8588-1,Ultimate Rahkshi Kit,2003,324,0
K8590-1,Rahkshi Kaita Vo Kit,2003,324,0
K8591-1,Rahkshi Kit (Panrahk and Vorahk),2003,324,0
K8592-1,Rahkshi Kaita Za Kit,2003,324,0
K8596-1,Takutanuva Kit,2003,324,0
K8603-1,Toa Metru Legends Kit,2004,324,0
K8605-1,Toa Metru Kit I,2004,324,0
K8606-1,Toa Metru Kit II,2004,324,0
k8612-1,Metru Nui Matoran Kit,2004,324,0
K8614-1,Vahki Kit,2004,324,0
K8615-1,Vahki Enforcers Kit (8614 & 8615),2004,324,0
K8645-1,Slammer Propeller Hotrod,2005,112,0
K8647-1,Dual-Engine Truck,2005,112,0
K8667-1,Pullback Racer Collection,2006,112,0
K8672-1,Ferrari Racing Collection,2006,114,0
K8685-1,Phantoka Collection,2008,324,0
K8688-1,Mistika Collection,2008,324,0
K8725-1,Matoran of Voya Nui Collection (8721 8722 8723 8724 8725 8726),2006,324,0
K8727-1,Toa Inika Collection (8727 8728 8729 8730 8731 8732),2006,324,0
K8741-1,Toa Hordika Deluxe Collection (8736 8737 8738 8739 8740 8741),2005,324,0
K8747-1,Visorak Collection (8742 8743 8744 8745 8746 8747),2005,324,0
K8755-1,Titans Collection (8755 8756 8761),2005,324,0
K8761-1,The Shadowed One (LEGO Club Members Exclusive),2005,324,235
K8764-1,Warriors of Voya Nui Collection,2006,324,0
K8882-1,Power Functions Train Accessories Pack,2009,438,0
K8900-1,Piraka Collection (8900 8901 8902 8903 8904 8905),2006,324,0
K8915-1,Toa Mahri Collection,2007,324,0
K8916-1,Barraki Collection,2007,324,0
K8924-1,Titans of Mahri Nui Collection,2007,324,0
K8927-1,Mahri Nui Deepsea Collection,2007,341,0
K8929-1,Matoran of Mahri Nui Collection,2007,324,0
K8942-1,Ultimate BIONICLE Collection,2008,324,0
K8944-1,Matoran of Light Collection,2008,324,0
K8956-1,Power Miners Collection,2009,439,0
K8978-1,Bionicle Glatorian Collection,2009,324,0
K9833-1,Rechargeable Battery Set,2007,259,0
K9833-2,Rechargeable Battery Set (AC Adapter 230V - 10V Transformer),2006,259,0
K9916-1,Robotics Invention System Kit,2003,260,0
KABAYA-1,Kabaya 4-Pack,2000,559,0
KABBASIC-1,Kabaya Basic 4-Pack,2000,470,0
KABBION1-1,Bionicle Turaga Kabaya 4-Pack,2001,324,0
KABBION2-1,Bionicle Va Kabaya 4-Pack,2002,324,0
KABCREAT-1,Creator 4-Pack,2001,674,0
KABDINO-1,Dino Island 4-Pack,2000,298,0
KABEXTREME-1,Kabaya Extreme Team 4-Pack,1999,87,0
Kabinsect-1,Insectoids 4-Pack,1999,134,0
KABKK-1,Knight's Kingdom 4-Pack,2000,197,0
kabmars-1,Life on Mars 4-Pack,2001,135,0
KABNINJA-1,Kabaya Ninja 4-Pack,1999,434,0
KABORIENT-1,Orient Expedition 3-Pack,2003,300,0
kabrace-1,Race 4-Pack,2001,91,0
KABROBO-1,Kabaya RoboRiders 4-Pack,2000,16,0
KABROCK-1,Rock Raiders 4-Pack,2000,442,0
KABSOCCER-1,Kabaya Soccer 3-Pack,2002,462,0
KABSPACE-1,Kabaya Space Port 4-Pack,1999,93,0
kabstud-1,Studios 4-Pack,2001,273,0
KABTEC-1,Kabaya Technic Vehicle 4-Pack,1999,1,0
KANOHI-KRANA-1,Dummy Set for 8598-1 Kanohi Nuva & Krana Pack,2002,324,132
KANOHI-MASK-1,Dummy Set for 8525-1 Kanohi Mask Pack - US Version,2001,324,92
KANOHI-MASK-2,Dummy Set for 8530-1 Kanohi Mask Pack - Non-US Version,2001,324,92
KANOKA-1,Dummy Set for 8613-1 Kanoka Disk Launcher Pack,2004,324,62
KB565-1,RIS 2.0 Basics Kit,2004,260,1
KC019-1,Pirate with Brown Shirt Key Chain,1996,503,0
KC02-1,UFO Alien Key Chain,1997,503,0
KC021-1,Paradisa Female with Horse Top Key Chain,1997,503,0
KCCHP-1,Coca Cola Harry Potter Gift Set,2002,246,0
KEYCHAIN-1,LEGOLAND Windsor Train Spinner Keychain,2020,503,0
KEYLIGHT-1,Zombie Key Light,2018,503,0
KEYLIGHT-2,Lord Vampyre Key Light,2018,503,0
KEYLIGHT-3,I Love LEGOLAND Key Light (Male),2021,503,0
KEYLIGHT-4,I Love LEGOLAND Key Light (Female),2021,503,0
KEYLIGHT-5,Stormtrooper Holiday Key Light,2020,503,0
KEYLIGHT-6,Darth Vader Holiday Key Light,2020,503,0
KEYLIGHT-7,BB-9E Key Light,2017,503,0
KFruit-1,Fruit Set - Hong Kong Lego Show Promotional,2007,22,0
KingofPrussia-1,"LEGO Store Grand Opening Exclusive Set, King of Prussia Mall, PA",2008,408,66
KK2VP1-1,Danju / Vladek Bonus Pack,2004,198,1
KK2VP2-1,Jayko / Vladek Bonus Pack,2004,198,1
KK2VP3-1,Rascus / Santis Bonus Pack,2004,198,1
kkchrome-1,Knight's Kingdom Chrome Series (complete set),2000,197,0
KLLCA21-1,Santa with Reindeer and Sleigh (Legoland California),2005,227,0
KNIGHTBUS-1,Knight Bus,2019,246,35
KP3101-1,Limited Edition Pen Set,2005,501,0
KRAATA-1,Dummy Set for Kraata,2003,324,258
KRANA-NUVA-1,Dummy Set for 8597-1 Krana Nuva,2002,324,132
KSB28-1,BrickMaster Sample Magazine,2008,264,0
KT103-1,Large Train Engine Blue,2001,236,0
KT104-1,Large Train Engine Green,2001,236,0
KT105-1,Large Train Engine Black,2001,236,0
KT106-1,Large Train Engine Brown,2001,236,0
KT107-1,Large Train Engine Gray,2001,236,0
KT203-1,Large Train Engine with Tender Blue,2001,236,0
KT204-1,Large Train Engine with Tender Green,2001,236,0
KT205-1,Large Train Engine with Tender Black,2001,236,0
KT206-1,Large Train Engine with Tender Brown,2001,236,0
KT207-1,Large Train Engine with Tender Gray,2001,236,0
KT303-1,Small Train Engine Blue,2001,236,0
KT304-1,Small Train Engine Green,2001,236,0
KT305-1,Small Train Engine Black,2001,236,0
KT306-1,Small Train Engine Brown,2001,236,0
KT307-1,Small Train Engine Gray,2001,236,0
KT403-1,Small Train Engine with Tender Blue,2001,236,0
KT404-1,Small Train Engine with Tender Green,2001,236,0
KT405-1,Small Train Engine with Tender Black,2001,236,0
KT406-1,Small Train Engine with Tender Brown,2001,236,0
KT407-1,Small Train Engine with Tender Gray,2001,236,0
KTR01-1,Classic Train Kit,2001,236,0
KTR02-1,Large Classic Train Kit,2001,236,0
KTR04-1,Large Classic Train Kit with Speed Regulator,2003,236,0
LADYBIRD2-1,Atlantis: The Quest For The Lost City - Activity Book,2010,497,4
LANYARD1-1,Minifigure Heads Lanyard,2020,501,0
LASVEGAS-1,Grand Opening LEGO Store Las Vegas,2014,408,13
ldd3-1,LEGO Digital Designer Promo,2009,598,3
Leeds-1,"LEGO Store Grand Opening Exclusive Set, Leeds, UK",2013,408,16
legobricks-1,Bricks Box,1958,366,2
LEGO-Build-a-Mini-0,Build-A-Minifigure Station Exclusive Parts,2018,408,18
LEGO-Build-a-Mini-1,2018 Build-A-Minifigure Station Exclusive Parts,2018,408,3
LEGO-Build-a-Mini-2,2019 Build-A-Minifigure Station Exclusive Parts,2019,408,38
LEGO-Build-a-Mini-3,2020 Build-A-Minifigure Station Exclusive Parts,2020,408,22
LEGO-Build-a-Mini-4,2021 Build-A-Minifigure Station Exclusive Parts,2021,408,32
LEGO-Build-a-Mini-5,2022 Build-A-Minifigure Station Exclusive Parts,2022,408,54
LEGO-Classic-1,Unused par锘縯s sold by LEGO betwe锘縠n 1945 and 1965,1965,408,1
LEGO-Land-1,Unused parts from LEGOLAND(s),2006,408,206
LEGO-Modulex-1,Unused Modulex parts sold by LEGO,1963,716,276
LEGO-Pick-a-Brick-1,Unused parts sold at modern LEGO Pick-a-Brick,2019,408,9
LEGO-Store-1,Unused parts sold by the LEGO Store(s),2019,408,28
LEGOSTORE100-1,"LEGO Store 100th LEGO Store Grand Opening Set, White Plains, NY, June 28-30, 2013",2013,408,5
LEGO-System-1,Un锘縰sed parts sold by LEG锘縊 between 1966 and 200锘?,2000,408,5
LEGOWORLD-DUMMY-1,Dummy Set for LEGO World Letter Tiles,2013,301,39
LESTER-1,Lester (LEGO Store Leicester Square Grand Opening Version),2016,408,4
lfv1-1,Le Fleuriste Collector Vase - Rapid Flore Pop Color,2010,301,352
lfv2-1,Le Fleuriste Collector Vase - Happy,2010,301,297
lfv3-1,Le Fleuriste Collector Vase - Monceau Fleurs Blue Chic,2010,301,350
LGO6715-1,The LEGO Movie: Brick Erasers Set,2015,501,0
LHGO-1,LEGO House Grand Opening,2017,599,26
LIBERTY-1,Lady Liberty Model,2021,598,0
LIBERTYBELL-1,Liberty Bell,2015,598,40
LIFECEREAL-1,Puppet Set,1969,598,92
LIGHTBULB-1,Celebrating Moments That CLICK Light Bulb,2009,301,57
Lille-1,"LEGO Store Grand Opening Exclusive Set, Euralille, Lille, France",2013,408,16
LINCOLNMEMORIAL-1,Lincoln Memorial,2015,598,58
LIT2005-1,LECA Automobile,2005,599,0
LIT2007-1,Market Street (LEGO Inside Tour Version),2007,599,1250
LIT2009-1,Ole Kirk's House (LEGO Inside Tour Version),2009,599,910
Liverpool-1,LEGO Store Grand Opening Exclusive Set Liverpool UK,2011,408,12
LLBUS-1,Bus (Legoland Deutschland),2002,425,45
LLCA03-1,Pelican Sculpture,2000,425,83
LLCA04-1,Toy Soldier (Legoland California),2003,425,171
LLCA07-1,"Holiday Gift Box (Red Box, Yellow Trim With Removable Top) (Legoland California)",2001,425,108
LLCA08-1,LEGO Heart (Legoland California),2004,425,58
llca10-1,Dragon Sculpture (Legoland California),2000,425,70
llca12-1,3D Witch,2004,230,103
LLCA13-1,Trumpet (Legoland California),2004,425,178
llca21-1,Sitting Santa (Legoland California),2005,227,42
llca22-1,Santa's Sleigh (Legoland California),2005,227,76
llca23-1,Reindeer (Legoland California),2005,227,72
LLCA24-1,"Las Vegas Skyline, Pyramid (LLCA Ambassador Pass Exclusive)",2005,425,103
LLCA25-1,"Las Vegas Skyline, Eiffel Tower (LLCA Ambassador Pass Exclusive)",2005,425,151
LLCA26-1,"Golf Bag, Balls & Clubs (Legoland California)",2006,425,112
llca27-1,Legoland Pirate with Parrot (Legoland California),2006,425,70
LLCA29-1,Pirate Treasure Chest Bank (LLCA Ambassador Pass Exclusive),2006,425,215
LLCA30-1,Pirate Ship Diorama (LLCA Ambassador Pass Exclusive),2006,425,127
LLCA31-1,Tree Frog Sculpture (LLCA Ambassador Pass Exclusive),2007,425,90
llca34-1,Sarcophagus (LLCA Ambassador Pass Exclusive),2008,425,181
llca35-1,Obelisk (LLCA Ambassador Pass Exclusive),2008,425,100
LLCA51-1,Legoland California 10th Birthday Cupcake Box (LLCA Ambassador Pass Exclusive),2009,425,92
LLCA52-1,Sand Castle - Ambassador Class 2010 (LLCA Ambassador Pass Exclusive),2010,425,229
LLCA53-1,Han Solo on his Tauntaun,2011,158,337
LLCABR1-1,Hau Mask - Green Brick,2001,324,168
LLCABR2-1,Hau Mask - Blue Brick,2001,324,168
LLCABR3-1,Hau Mask - Red Brick,2001,324,168
LLCAPUM1-1,Build N Buy Pumpkin (Happy),2002,230,31
LLCAPUM2-1,Build N Buy Pumpkin (Sad),2002,230,29
LL-D2007,Roadster (Legoland Deutschland),2007,425,65
LLKING-1,King (Legoland Deutschland),2003,425,59
LLMAGNET-1,LEGOLAND Billund 2020 Magnet,2020,501,0
LLMAGNET-2,LEGOLAND Miniland USA Golden Gate Bridge Magnet,2020,501,0
LLOlli-1,"Dragon Sculpture, Ollie (LEGOLAND Deutschland Version)",2002,425,51
LLPlane-1,Airplane [Legoland Deutschland],2002,425,25
LLSHIP-1,Pirate Ship,2018,425,152
LLSWAN-1,Swan (Legoland Deutschland),2003,425,72
LMG001-1,LEGO Japan Small Duck,2003,301,8
LMG002-1,LEGO Japan Cat,2004,301,10
LMG003-1,LEGO Japan Ostrich,2004,301,10
LMG003-2,LEGO Japan Ostrich Yellow Label Version,2006,301,10
LMG004-1,LEGO Japan Spinning Top,2004,301,12
LMG005-1,LEGO Japan Deer,2003,301,13
LMG006-1,LEGO Japan Dog,2005,301,13
LMG006-2,LEGO Japan Dog Blue Label Version,2006,301,13
LMG007-1,LEGO Japan Snake,2005,301,9
LMG008-1,LEGO Japan Whale,2005,301,10
LMG009-1,LEGO Japan Snail,2004,301,8
LMG010-1,LEGO Japan Santa,2005,301,13
LNYPAGODA-1,LNY Pagoda and LNY Lantern,2021,686,0
LoneTree-1,"LEGO Store Grand Opening Exclusive Set, Vistas Court, Lone Tree, CO",2011,408,15
LOUNGEPANTS-1,LEGOLAND Minifigure Lounge Pants,2021,501,0
LUGGAGE-1,Minifigure Head Luggage,2022,501,0
LUKE-1,Luke Skywalker,2019,158,87
LUNARNEWYEAR-1,Lunar New Year Bundle,2020,686,0
LUNCHBAG-1,Minifigure Emoji Lunch Bag (Blue),2021,501,0
LUNCHBAG-2,2 x 2 Building Brick Lunch Bag (Pink),2021,501,0
LUNCHBAG-3,2 x 2 Building Brick Lunch Bag (Blue),2021,501,0
LUNCHBAG-4,Minifigure Emoji Lunch Bag (Pink),2021,501,0
LUNCHBAG-5,City Foiled Again Lunch Bag,2020,501,0
LUNCHBAG-6,City Building Lunch Bag,2021,501,0
LUNCHBAG-7,City Construction Lunch Bag,2021,501,0
LUNCHBAG-8,City Nights Vertical Lunch Bag,2020,501,0
LUNCHBAG-9,City Minifigure Vertical Lunch Bag,2020,501,0
LWP01-1,LEGO World Denmark Puzzle Promo,2009,598,7
LWP02-1,LEGO World Zwolle Puzzle Promo 2009,2009,598,7
LWP03-1,LEGO World Denmark Puzzle Promo 2010,2010,598,7
LWP04-1,LEGO World Denmark Puzzle Promo 2011,2011,598,7
LWP05-1,LEGO World Denmark Puzzle Promo 2012,2012,598,7
LWP06-1,LEGO World Denmark Puzzle Promo 2013,2013,598,7
Lynnwood-1,"LEGO Store Grand Opening Exclusive Set, Alderwood Mall, Lynnwood, WA",2012,408,15
LYON-1,Grand Opening of the LEGO Store in Lyon,2015,408,9
M20-2110-100,Modulex Box - 100x Tile 1 x 1,1963,716,100
M20-2111-100,Modulex Box - 100x Brick 1 x 1,1963,716,100
M20-2120-100,Modulex Box - 100x Tile 1 x 2,1963,716,100
M20-2121-100,Modulex Box - 100x Brick 1 x 2,1963,716,100
M20-2122-100,Modulex Box - 100x Brick 2 x 2,1963,716,100
M20-2130-100,Modulex Box - 100x Tile 1 x 3,1963,716,100
M20-2131-100,Modulex Box - 100x Brick 1 x 3,1963,716,100
M20-2132-100,Modulex Box - 100x Brick 2 x 3,1963,716,100
M20-2140-100,Modulex Box - 100x Tile 1 x 4,1963,716,100
M20-2141-100,Modulex Box - 100x Brick 1 x 4,1963,716,100
M20-2142-100,Modulex Box - 100x Brick 2 x 4,1963,716,100
M20-2211-100,Modulex Box - 100x Slope 1 x 1,1963,716,100
M20-2221-100,Modulex Box - 100x Slope 1 x 2,1963,716,100
M20-2231-100,Modulex Box - 100x Slope 1 x 3,1963,716,100
M20-2261-100,"Modulex Box - 100x Slope 1 x 4, Slope 1 x 2 - 1:6",1963,716,200
M20-2314-100,Modulex Box - 100x Brick 1 x 1 x 4 with Vertical Grooves,1963,716,100
M20-2315-100,Modulex Box - 100x Brick 1 x 1 x 5 with Vertical Grooves,1963,716,100
M20-2341-100,Modulex Box - 100x Brick 1 x 4 with Horizontal Grooves,1963,716,100
M20-2348-10,Modulex Box - 10x Door Panel 1 x 4 x 8,1963,716,10
M20-2351-100,Modulex Box - 100x Brick 1 x 5 with Horizontal Grooves,1963,716,100
M20-2361-100,Modulex Box - 100x Brick 1 x 6 with Horizontal Grooves,1963,716,100
M20-2371-100,Modulex Box - 100x Brick 1 x 7 with Horizontal Grooves,1963,716,100
M20-2542-10,Modulex Box - 10x Window 1 x 4 x 2,1963,716,10
M20-2544-10,Modulex Box - 10x Window 1 x 4 x 4,1963,716,10
M20-2548-10,Modulex Box - 10x Door Panel 1 x 4 x 8 with Border,1963,716,10
M20-2552-10,Modulex Box - 10x Window 1 x 5 x 2,1963,716,10
M20-2553-10,Modulex Box - 10x Window 1 x 5 x 3,1963,716,10
M20-2555-10,Modulex Box - 10x Window 1 x 5 x 5,1963,301,10
M20-2562-10,Modulex Box - 10x Window 1 x 6 x 2,1963,716,10
M20-2563-10,Modulex Box - 10x Window 1 x 6 x 3,1963,716,10
M20-2565-10,Modulex Box - 10x Window 1 x 6 x 5,1963,716,10
M20-2566-10,Modulex Box - 10x Window 1 x 6 x 6,1963,716,10
M20-2575-10,Modulex Box - 10x Window 1 x 7 x 5,1963,716,10
M20-2576-10,Modulex Box - 10x Window 1 x 7 x 6,1963,716,10
M20-2586-10,Modulex Box - 10x Window 1 x 8 x 6,1963,716,10
MACGAME-2,Star Wars II: The Original Trilogy - MAC-DVD,2007,501,0
MACGAME-3,Star Wars: The Video Game - MAC CD-ROM,2005,501,0
MACGAME-4,Star Wars: The Complete Saga - MAC DVD-ROM,2009,501,0
MAGNET-1,Super Mario Refrigerator Magnets,2020,501,0
Maine-1,Maine Space Grant Consortium Promotional Astronaut Polybag,1999,93,5
MAKE-1,Make and Create Basic Set (Toyfair Nuernberg Promotion),2003,34,16
Manchester-1,"LEGO Store Grand Opening Exclusive Set, Manchester, UK",2012,408,12
MAY2013-1,Holocron Droid,2013,158,31
MAYHEMSTARSHIP-1,Sweet Mayhem's Systar Starship!,2019,670,29
MAZKANATA-1,Signed Maz Kanata minifigure,2020,158,0
MCALLEN-1,"Grand Opening LEGO Store McAllen, TX",2018,408,5
McDR1-1,McDonald's Racers Car 1 - Kurvencruiser (EU),2009,112,4
McDR1US-1,6 x 2 Turbo (US),2009,112,4
McDR2-1,Monster Rad (EU),2009,112,4
McDR2US-1,Rally Fire,2009,112,4
McDR3-1,Turbobooster (EU),2009,112,4
McDR3US-1,Curve Cruiser,2009,112,4
McDR4-1,Sportpfeil (EU),2009,112,4
McDR4US-1,Circuit Star,2009,112,4
McDR5US-1,Lap Star,2009,112,4
McDR6US-1,EZ Rally,2009,112,4
McDR7US-1,Curve Chaser,2009,112,4
McDR8US-1,Sport Racer,2009,112,4
MESSENGERBAG-1,Minifigure Motion Messenger Bag,2021,501,0
MESSENGERBAG-2,2 x 2 Building Brick Messenger Bag,2021,501,0
MFCN-1,Chinese Minifig Collection Volume 1,2009,535,0
MFCN-2,Chinese Minifig Collection Volume 2,2009,535,27
MIAMI-1,Art Deco Hotel,2010,408,142
MICROROOSTER-1,Micro Rooster,2017,206,8
MIDAUTUMNRABBIT-1-1,Mid Autumn Rabbit,2019,408,40
MINECON-1,Steve,2013,577,19
MINIBATMOBILE-1,Mini-Speedwagon,2017,708,71
MINIDOLL-1,Minidoll Dummy Set - Do Not Use,2022,494,19
MiniNXT-1,Mini NXT Brick,2008,259,3
MiniRCX-1,Mini RCX Brick,2008,260,4
Minneapolis-1,"LEGO Store Grand Opening Exclusive Set, Mall of America, Bloomington, MN",1992,408,6
Minneapolis-2,"LEGO Store Grand Re-opening Exclusive Set, Mall of America, Bloomington, MN",2010,408,125
MissionViejo-1,LEGO Store Grand Opening Exclusive Set Mission Viejo Mall Mission Viejo CA,2011,408,15
MLN09-1,My LEGO Network Promo,2009,598,3
MMMB001-1,Snowman,2008,409,11
MMMB002-1,Penguin,2009,409,20
MMMB003-1,Heart,2009,409,15
MMMB004-1,Leprechaun,2009,409,38
MMMB005-1,Rabbit,2009,409,38
MMMB006-1,House,2009,409,58
MMMB007-1,Tractor,2009,409,35
MMMB008-1,Flower In Pot,2009,409,28
MMMB009-1,Sailing Boat,2009,409,27
MMMB010-1,US Flag,2009,409,15
MMMB012-1,Lobster,2009,409,49
MMMB013-1,Book and Pencil Set,2009,409,24
MMMB015-1,Turkey,2009,409,28
MMMB016-1,Fireworks,2009,409,20
MMMB017-1,Wreath,2009,409,29
MMMB019-1,Groundhog,2010,409,0
MMMB022-1,Shamrock,2010,409,22
MMMB023-1,Chick,2010,409,30
MMMB024-1,Truck,2010,409,58
MMMB025-1,Barbecue,2010,409,21
MMMB026-1,Watermelon,2010,409,43
MMMB027-1,Seagull,2010,409,29
MMMB028-1,Boy with Backpack,2010,409,41
MMMB029-1,Monster,2010,409,49
MMMB030-1,Turkey Dinner,2010,409,47
MMMB031-1,Fire Place,2010,409,41
MMMB032-1,Christmas Tree,2010,409,40
MMMB033-1,Polar Bear,2011,409,45
MMMB034-1,Skier,2011,409,43
MMMB035-1,Bird,2011,409,31
MMMB036-1,Watering Can,2011,409,57
MMMB037-1,Flower,2011,409,15
MMMB038-1,Graduate,2011,409,37
MMMB039-1,Lighthouse,2011,409,20
MMMB040-1,Chair,2011,409,47
MMMB041-1,Scarecrow,2011,409,44
MMMB042-1,Dracula,2011,409,41
MMMB043-1,Acorn,2011,409,26
MMMB044-1,Turkey,2011,409,42
MMMB045-1,Nutcracker,2011,409,40
MMOUTON-1,Michele Mouton (Mich猫le Mouton),2020,598,4
MONKIEKIDHEAD-1,Storage Head S (Monkie Kid),2020,501,0
MONSTERFRIEND-1,Monster Friend,2018,230,78
MS1032-1,Infrared Receiver Sensor for Mindstorms NXT,2010,259,1
MS1034-1,Compass Sensor for Mindstorms NXT,2006,259,1
MS1038-1,Color Sensor for Mindstorms NXT,2006,259,1
MS1040-1,Accelerometer Sensor for Mindstorms NXT,2007,259,1
MS1042-1,Infrared Seeker for Mindstorms NXT (Version 1),2007,259,1
MS1044-1,Gyroscopic Sensor for Mindstorms NXT,2007,259,1
MS1046-1,Infrared Link Sensor for Mindstorms NXT,2007,259,1
MS1048-1,Mindstorms RF ID Sensor,2008,259,3
MS1049-1,Mindstorms Keyfob Transponder,2008,259,10
MS1060-1,Mindstorms NXT Touch Sensor Multiplexer,2009,259,0
MUNICH-1,Grand Opening Ceremony of LEGO Store M眉nchen Pasing!,2013,408,17
MYERNEXO-1,Micro Battle Blaster,2016,605,18
MYERNEXO-2,Micro Mecha Horse,2016,605,24
MYSTERYBOX-1,Mystery Box 1 - Cars,2018,598,0
MYSTERYBOX-2,Mystery Box 2 - Animals,2018,598,65
MYSTERYBOX-3,Mystery Box 3 - Space,2018,598,65
MYSTERYMACHINE-1,Micro Mystery Machine,2015,603,29
NAA1030-1,NXT Angle Sensor,2013,259,0
NASHVILLE-1,The LEGO Store Grand Opening 2012,2012,408,15
NBA-1,NBA Collectors Cards #1,2003,459,6
NBA-2,NBA Collectors Cards #2,2003,459,6
NBA-3,NBA Collectors Cards #3,2003,459,6
NBA-4,NBA Collectors Cards #4,2003,459,6
NBA-5,NBA Collectors Cards #5,2003,459,6
NBA-6,NBA Collectors Cards #6,2003,459,6
NBA-7,NBA Collectors Cards #7,2003,459,6
NBA-8,NBA Collectors Cards #8,2003,459,6
NEO1048-1,EOPD Sensor for Mindstorms NXT (Electro Optical Sensor),2009,259,0
Newark-1,"LEGO Store Grand Opening Exclusive Set, Christiana Mall, Newark, DE",2010,408,133
NEWORLEANS-1,"Grand Opening LEGO Store New Orleans, LA",2018,408,5
NEWSSTAND-1,Newsstand,2020,408,155
NEXOKNIGHTS-1,Nexo Powers Wave 1 Power Shields,2017,605,35
NEXOKNIGHTS-2,Nexo Powers Wave 2 Power Shields,2017,605,35
NINJAGOSPINNER-1,Ninjago Fidget Spinner,2017,616,22
NINJATRU-1,Kai's Mask,2015,435,97
NINJATRU-2,Lloyd's Mask,2015,435,97
NINJATRU-3,Cole's Mask,2015,435,97
NINJATRU-4,Jay's Mask,2015,435,97
NINJATRU-5,Zane's Mask,2015,435,97
NMS1035-1,NXT Magnetic Sensor,2010,259,1
NOTEBOOK-1,Duck Build Recruitment Bag Stationery Set,2019,501,1
NOTEBOOK2-1,Imperial TIE Fighter Recruitment Bag Stationery Set,2019,501,1
NQSTUDIOS-1,Nesquik Studios Promo 3-Pack,2001,273,0
NUREMBERG-1,"LEGO Store Grand Opening Exclusive Set, Nuremberg (N眉rnberg), Germany",2010,408,126
OklahomaCity-1,"LEGO Store Grand Opening Exclusive Set, Penn Square Mall, Oklahoma City, OK",2009,408,58
OLAFBOX-1,Olaf Box,2019,687,50
OLDNORTHCHURCH-1,Old North Church,2014,598,35
Orlando-1,"LEGO Store Grand Opening Exclusive Set, Imagination Center, Orlando, FL",1997,408,3
OrlandPark-1,"LEGO Store Grand Opening Exclusive Set, Orland Park, IL",2009,408,58
OverlandPark-1,"LEGO Store Grand Opening Exclusive Set, Oak Park Mall, Overland Park, KS",2012,408,15
OWIK-1,Overwatch Influencer Kit,2018,669,0
OWIK-2,Tracer (Golden Guns Version),2018,669,15
P1804-1,Clikits Daisy Pen,2005,501,16
PAB4-1,Batman & Robin,2012,410,96
PAB7-1,Surfer,2012,410,70
PAJAMAS-1,Dream in Bricks Pajama Set,2020,501,0
PAJAMAS-2,Iconic Brick Pajama Set (Gray),2020,501,0
PAJAMAS-3,Iconic Brick Pajama Set (Pink),2020,501,0
PAJAMAS-4,Unikitty Spa Day Pajama Set,2020,501,0
Paramus-1,"LEGO Store Grand Opening Exclusive Set, Paramus, NJ",2009,408,73
PARIS-1,LEGO Store Forum Des Halles!,2016,408,16
PASSPORTCASE-1,Minifigure Passport Case,2021,501,0
PATCHPACK-2,Mystery Patch Pack Series 2,2021,501,0
PBKFIRE-1,Fire Station,2013,598,59
PCGAME-1,Batman 3: Beyond Gotham - PC DVD,2014,501,0
PCGAME-10,Marvel Super Heroes 2 - PC,2017,501,0
PCGAME-12,The Ninjago Movie Video Game - PC,2017,501,0
PCGAME-2,Batman the Videogame - Windows PC,2008,501,0
PCGAME-3,Bionicle Heroes - PC-DVD,2006,501,0
PCGAME-4,DC Super-Villains - PC-DVD,2018,501,0
PCGAME-5,The LEGO Movie 2 Videogame - PC,2019,501,0
PCGAME-7,Star Wars: The Video Game - PC CD-ROM,2005,501,0
PCGAME-9,The Incredibles - PC,2019,501,0
PE770439-1,BYGGLEK Medium Box,2020,501,6
PE770439-2,BYGGLEK Large Box,2020,501,6
PE770441-1,BYGGLEK Extra Small / Small Box Set,2020,501,9
Peabody-1,"LEGO Store Grand Opening Exclusive Set, Northshore Mall, Peabody, MA",2012,408,15
PEN-1,President Business Retractable Pen,2014,501,0
PEN-2,C-3PO Pen,2008,501,11
PETORNAMENT-1,Happy Holiday Pet Ornament,2020,227,44
PHONECASE-1,The Ninjago Movie Dual Protection Case - iPhone 6/6S,2017,501,0
PILLOW-1,Unikitty Cuddle Pillow,2020,501,0
PINBALL-1,Pinball Machine,2020,598,102
PLAYINGCARDS-1,LEGOLAND Playing Cards,2020,501,0
Pleasanton-1,LEGO Store Grand Opening Exclusive Set Stoneridge Mall Pleasanton CA,2011,408,15
PLUSH-1,LEGOLAND Billund Teddy Bear (All Colors),2020,501,0
PLUSH-15,Firefighter Plush,2009,501,0
PLUSH-16,Policeman Plush,2009,501,0
PLUSH-17,"Minifigure with Red Legs, Blue Torso With 'LEGO' Logo, White Arms and White Hat Plush",2009,501,0
PLUSH-18,Construction Worker Plush,2009,501,0
PLUSH-19,LEGOLAND Dog Widget Plush,2020,501,0
PLUSH-2,Olivia Plush,2020,501,0
PLUSH-3,I Love LEGOLAND Plush (Female),2020,501,0
PLUSH-5,Ollie Plush,2020,501,0
PLUSH-6,Ninjago Kai Minifigure Plush,2020,501,0
PLUSH-7,I Love LEGOLAND Plush (Male),2020,501,0
PLUSH-8,Ninjago Jay Minifigure Plush,2020,501,0
PLUSH-9,Ninjago Lloyd Minifigure Plush,2020,501,0
PONCHO-1,LEGOLAND Child Rain Poncho,2020,501,0
PONCHO-2,LEGOLAND Adult Rain Poncho,2020,501,0
PORG-1,Porg,2018,158,75
POUCH-1,2 x 2 Building Brick Accessory Zipper Pouch,2021,501,0
POUCH-2,Minifigure Motion Accessory Zipper Pouch,2021,501,0
POUCH-3,Minifigure Color Me Crowd Pencil Pouch,2021,501,0
POUCH-4,Minifigure Emoji Pouch (Blue),2021,501,0
POUCH-5,Minifigure Pouch,2020,501,0
POUCH-6,Nexo Knights Accessory Pouch,2018,501,0
PSGAME-3,Bionicle Heroes - PS2,2006,501,0
PUMPKIN-1,Pumpkin,2011,230,40
PUPPY-HOUSE-1,Puppy House,2019,52,71
PUPPY-HOUSE-2,Puppy House,2019,494,72
QUATRO-1,Bag of Bricks,2006,441,15
QX12933-1,Hallmark Keepsake Christmas Tree Ornament - The LEGO Ninjago Movie Lloyd,2018,501,0
QX4769-1,Hallmark Keepsake Christmas Tree Ornament - 1995 Fireplace with Santa,1995,501,0
QX5453-1,Hallmark Keepsake Christmas Tree Ornament - 1994 Santa鈥檚 Sleigh,1994,501,0
QXI2215-1,Hallmark Keepsake Christmas Tree Ornament - The LEGO Batman Movie Batman,2017,501,0
QXI2245-1,Hallmark Keepsake Christmas Tree Ornament - Star Wars Yoda,2013,501,0
QXI2334-1,Hallmark Keepsake Christmas Tree Ornament - DC Comics Super Heroes Superman,2020,501,0
QXI2554-1,Hallmark Keepsake Christmas Tree Ornament - Jurassic World Velociraptor Blue,2020,501,0
QXI2584-1,Hallmark Keepsake Christmas Tree Ornament - Gingerbread Man,2020,501,0
QXI2593-1,Hallmark Keepsake Christmas Tree Ornament - Star Wars Boba Fett,2014,501,0
QXI2619-1,Hallmark Keepsake Christmas Tree Ornament - Star Wars Darth Vader,2011,501,0
QXI2661-1,Hallmark Keepsake Christmas Tree Ornament - Star Wars Stormtrooper,2012,501,0
QXI3063-1,Hallmark Keepsake Christmas Tree Ornament - The LEGO Batman Movie The Joker,2018,501,0
QXI3297-1,Hallmark Keepsake Christmas Tree Ornament - The LEGO Batman Movie Robin,2019,501,0
QXI3687-1,Hallmark Keepsake Christmas Tree Ornament - Star Wars C-3PO,2019,501,0
QXI3689-1,Hallmark Keepsake Christmas Tree Ornament - Star Wars R2-D2,2019,501,0
QXI3749-1,Hallmark Keepsake Christmas Tree Ornament - Santa Claus,2019,501,0
QXI3789-1,Hallmark Keepsake Christmas Tree Ornament - The LEGO Movie 2 Unikitty,2019,501,0
QXI6014-1,Hallmark Keepsake Christmas Tree Ornament - Star Wars Han Solo,2020,501,0
QXI6021-1,Hallmark Keepsake Christmas Tree Ornament - Star Wars Chewbacca,2020,501,0
QXI7022-1,Hallmark Keepsake Christmas Tree Ornament - DC Comics Super Heroes Wonder Woman,2021,501,0
QXI7225-1,Hallmark Keepsake Christmas Tree Ornament - Elf and Teddy,2021,501,0
QXI7336-1,Hallmark Keepsake Christmas Tree Ornament - Yeti,2022,501,0
QXI7343-1,Hallmark Keepsake Christmas Tree Ornament - Astronaut,2022,501,0
QXI7506-1,Hallmark Keepsake Christmas Tree Ornament - BB-8,2022,501,0
QXI7555-1,Hallmark Keepsake Christmas Tree Ornament - Star Wars Darth Vader,2021,501,0
QXI7562-1,Hallmark Keepsake Christmas Tree Ornament - Star Wars Stormtrooper,2021,501,0
QXI7576-1,Hallmark Keepsake Christmas Tree Ornament - Harry Potter,2022,501,0
RABBIT-1,Easter Rabbit,2019,410,26
RACERS-1,Cheerios Promotional Set,2009,112,4
RACERS-2,Hamburger Helper Car,2009,112,4
RALEIGH-1,"LEGO Store Grand Opening Exclusive Set, Crabtree Valley Mall, Raleigh, NC",2009,408,121
RAMBOLL-1,Ramboll Oil Platform,2008,301,216
RAT-1,Easy Build Building Happening Rat,2020,206,754
REDSOX2016-1,Red Sox Player,2016,598,40
REDSOX2019-1,Wally,2019,598,56
REDTEMPLE-1,Mini Temple,2017,435,35
ROBORIDER-1,RoboRider Dummy Set,1999,16,128
ROCKBAND-1,Rock Band Bus,2009,52,258
ROOSTER-1,Easy Build Building Happening Rooster,2017,206,0
ROSE-1,The Beast's Enchanted Rose,2017,608,0
ROSE2-1,Rose,2020,598,26
ROSEVILLE-1,"Grand Opening LEGO Store Roseville, CA",2018,408,7
RRMINIFIGS-1,Rock Raiders Mini Heroes Collection,2000,442,0
SAARBRUCKEN-1,"LEGO Store Grand Opening Exclusive Set, Saarbr眉cken, Germany",2012,408,16
Sacramento-1,"LEGO Store Grand Opening Exclusive Set, Arden Fair Mall, Sacramento, CA",2008,408,79
SanDiego-1,LEGO Store Grand Opening Exclusive Set Fashion Valley San Diego CA,2011,408,15
SANFRANCISCO-1,LEGO Store Grand Opening San Francisco CA,2016,408,17
SANTACHIMNEY-1,Santa In A Chimney,2019,410,24
SATCHEL-1,LEGOLAND Minifigure Trading Satchel,2022,501,0
SDCC2010-1,CubeDude - The Clone Wars Edition,2010,158,416
SDCC2015-1,Throne of Ultron,2015,702,196
SDCC2015-2,Dagobah Mini-Build,2015,158,177
SDCC2015-3,Action Comics #1 Superman,2015,701,145
SDCC2015-4,All New Captain America (Sam Wilson),2015,696,5
SDCC2015-5,Arsenal,2015,695,5
SDCC2015-6,Skull Scorpio Mask,2015,324,1
SDCC2016-1,Steve Rogers Captain America,2016,696,4
SDCC2016-2,ATOM,2016,695,5
SDCC2018-1,Sheriff Deadpool,2018,696,5
SDCC2018-2,Black Lightning,2018,695,4
SDCC2018-3,Apocalypseburg Unikitty,2018,670,19
SDCC2019-1,PS4 Spider-Man,2019,706,3
SDCC2019-2,Zebra Batman,2019,697,5
SDCC2019-3,Barb,2019,680,4
SDIK-1,Mystery Builder Campaign Influencer Kit,2015,603,16
SDMYSTERYGANG-1,Scooby-Doo Surprises: Mystery Inc. Gang,2015,603,26
SHANGHAI-1,I 鉂わ笍 Shanghai Standee,2018,408,30
SHANGHAICASTLE-1,Shanghai Castle,2019,408,144
SHEEP-1,Sheep,2006,505,7
Sheffield-1,"LEGO Store Grand Opening Exclusive Set, Sheffield, UK",2012,408,14
shell98small-1,Shell Town 1998 Promotional (complete set),1998,598,0
SHTOWN99SMALL-1,Shell Promotional Sets,1999,50,0
SHUTTLE-1,Space Shuttle,2019,408,24
SINGAPORETILE-1,Singapore Tile,2022,408,1
SLEEPER-1,Duplo Blanket Sleeper,2022,501,0
SLEIGHORNAMENT-1,Rocket Sleigh Ornament,2020,227,75
SLIZER-1,Dummy Set for 8508-1 Supplementary Disks,1999,20,48
SMMM-1,Classic Suit Miles Morales,2020,706,3
SoOuest-1,"LEGO Store Grand Opening Exclusive Set, So Ouest, Levallois-Perret, France",2012,408,16
Sphinx-1,Sphinx,2008,301,29
SQUIRREL-1,Squirrel,2006,505,3
STATICKER-1,Unikitty Staticker,2019,501,0
STATIONERY-1,Shark Suit Guy Stationery Bundle,2021,501,0
STATUEOFLIBERTY-1,Statue of Liberty,2015,598,59
STOCKHOLM-1,Big Inauguration of LEGO Store in Stockholm!,2016,408,13
STORAGESOLUTION-1,Storage Solution Pack,2014,501,0
STORMBREAKER-1,Stormbreaker,2019,702,27
Stratford-1,"LEGO Store Grand Opening Exclusive Set, Westfield Stratford, UK",2012,408,15
SUMMERWAVE-1,Summer Wave,2022,408,39
SUNRISE-1,The LEGO Store Grand Opening 2011,2011,408,15
SUPERMAN-1,Superman,2013,701,41
SUPREMECOURT-1,Supreme Court,2015,598,44
sw117promo-1,Darth Vader: 56. International Toy Fair Nuernberg,2005,158,4
SWCOMIC1-1,X-Wing,2015,158,23
SWDVDBD-1,The Padawan Menace,2011,501,4
SWEEPSTAKE-1,My Nintendo LEGO Super Mario Sweepstakes No.2,2021,690,0
SWMINIFIGS-1,Star Wars Minifig Packs 4-Pack,2000,158,0
SWMP-1,Star Wars / M&M Mosaic - Promo Set,2005,158,5462
SWORD-1,Light Sword,2021,501,0
tech007promo-1,Technic Figure Cyber Person Promotional Polybag - [Toy Fair Nuernberg Promotion 1998],1998,3,1
TEDDYBEAR-1,Teddy Bear,2020,232,67
tf05-1,Lego Toy Fair 2005 Star Wars V.I.P. Gala Set,2005,158,60
tf11-1,Star Wars Miniland Figures (Toy Fair 2011 Collector's Party),2011,158,138
THROW-1,LEGOLAND Totally Bricks of the Heart Throw,2020,501,0
THROW-10,LEGOLAND Butterfly Beauty Throw,2022,501,0
THROW-2,LEGOLAND City Foiled Again Plush Throw,2020,501,0
THROW-3,LEGOLAND Ninjago Year of the Dragon Plush Throw,2020,501,0
THROW-4,LEGOLAND Unicorn Girl Wishes Plush Throw,2020,501,0
THROW-5,DUPLO Land Plush Throw,2020,501,0
THROW-6,Systar Sisterhood Plush Throw,2020,501,0
THROW-7,Brick Bonanza Throw,2022,501,0
THROW-8,LEGOLAND LEGO Toss Throw,2022,501,0
THROW-9,LEGOLAND Minifigure Smiles Throw,2022,501,0
TIEFIGHTER-1,TIE Fighter,2014,158,12
TKTOUR-1,Tour De France Collection,2000,458,0
TLBM-1,The LEGO Batman Movie (DVD),2017,501,0
TLMPS-1,The LEGO Movie Promotional Set,2014,578,103
TLNM3D-1,The LEGO Ninjago Movie (Blu-Ray 3D + Blu-Ray + Digital),2018,501,0
TLNM4K-1,The LEGO Ninjago Movie (4K Ultra HD + Blu-Ray + Digital),2018,501,0
TOMINIFIGS-1,City Center Minifig Packs 2-Pack,2000,106,0
Toronto-1,"LEGO Store Grand Opening Exclusive Set, Sherway Square, Toronto, ON, Canada",2011,408,15
Toronto-2,"LEGO Store Grand Opening Exclusive Set, Fairview Mall, Toronto, ON, Canada",2011,408,15
Toronto-3,"LEGO Store Grand Opening Exclusive Set, Yorkdale Mall, Toronto, ON, Canada",2013,408,15
TORQUE-1,"Rod ""Torque"" Redline",2012,269,30
TOTEBAG-1,LEGOLAND Shark & Mermaid Beach Tote Bag,2020,501,0
TOTEBAG-2,LEGOLAND Florida VIP Canvas Tote Bag,2019,501,0
TOTEBAG-3,5th Avenue Tote Bag,2021,501,0
TOTEBAG-4,Logo Tote Bag,2020,501,0
TOUCAN-1,Toucan,2018,408,26
TOWEL-1,Cars Microfiber Towel,2020,501,0
TOWEL-2,LEGOLAND Shark Boy Towel,2020,501,0
TOWEL-3,LEGOLAND Mermaid Girl Towel,2020,501,0
TOYFAIR-1,Darth Vader - Toy Fair 2009 Invitation,2009,158,7
TOYSRUSCARD-1,Toys R Us Trading Cards,2017,501,50
TRADINGCARD-1,Create the World Trading Cards,2017,501,141
TRADINGCARD-2,Create the World Trading Cards: Incredible Inventions,2018,501,141
TRADINGCARD-3,Create the World Trading Cards: Living Amazingly,2020,501,141
TRADINGCARDS-5,Knights Kingdom II Trading Cards,2005,198,110
TREE-1,Tree in the Woods,2019,408,53
TRICERATOPS-1,Triceratops,2019,408,30
Troy-1,"LEGO Store Grand Opening Exclusive Set, Somerset Collection, Troy, MI",2010,408,103
TRU01-1,Harry Potter Quidditch Tower (TRU Event Exclusive),2002,246,38
TRUBATMOBILE-1,Flying Batmobile,2017,708,60
TRUBATSIGNAL-1,Batman Bat-Signal,2014,697,19
TRUBB8-1,BB-8,2017,158,39
TRUCAPAM-1,Captain America Mosaic,2016,696,72
TRUCHIMA-1,Chima,2013,571,45
TRUCOGSWORTH-1,Cogsworth,2016,608,48
TRUFALCON-1,Millennium Falcon,2016,158,44
TRUFRANKENSTEIN-1,Frankenstein's Monster,2016,230,37
TRUFRIENDS-1,Wishing Well,2016,494,33
TRUGHOST-1,Micro Ghost,2014,158,42
TRUIRONMAN-1,Iron Man Mosaic,2018,705,59
TRUJEEP-1,Jeep,2022,602,48
TRUJEK14-1,Jek-14 Stealth Fighter,2013,158,40
TRUJOKERMECH-1,The Joker Mini Mech Bot,2013,697,42
TRUJWGATE-1,Jurassic World Gate,2015,602,63
TRUKAYAK-1,Kayak,2015,59,18
TRULUMIERE-1,Lumiere,2016,608,24
TRUNEXO-1,Nexo Knights Shield Dock,2016,605,41
TRUNEXO-2,Micro Chaos Chariot,2016,605,30
TRUNEXOMONSTER-1,Lava Monster,2016,605,58
TRUNINJAGO-1,Micro Shinto Shrine,2015,435,18
TRUNINJAGO-2,Micro Electromech Robot,2015,435,28
TRUNINJAGO-3,Micro Kai's Fighter Jet,2015,435,18
TRUNINJAGO-4,Micro Morro Dragon,2015,435,29
TRUPCAR-1,Police Car,2013,61,35
TRUPODIUM-1,Winner's Podium,2016,601,40
TRURUMBLE-1,Micro Rumble Blade,2016,605,21
TRUSHIELD-1,Batman Shield,2012,697,257
TRUSHIELD-2,Superman Shield,2012,701,257
TRUSHIELD-3,Captain America's Shield,2014,696,261
TRUSWMF-2,Millennium Falcon,2018,158,24
TRUTRICERATOPS-1,Triceratops,2018,602,30
TRUTRICERATOPS-2,Triceratops,2022,602,29
TRUWEASLEYCAR-1,Mini Flying Ford Anglia,2018,246,36
TRUWOOKIE-1,Wookie Gunship,2015,158,41
TRUXWING-1,X-Wing,2014,158,23
TRUXWING2-1,Star Wars X-wing Fighter,2015,158,27
TSUPER-1,Technic Racer,1991,1,263
TYRANNOSAURUS-1,Tyrannosaurus,2018,602,41
UKDUPLOPATENT-1,UK Patent LEGO DUPLO Brick 1968 Art Print,2019,683,0
UMBRELLA-1,Umbrella,2020,501,0
UMBRELLA-2,Kids LEGOLAND Dragon Umbrella,2020,501,0
UMBRELLA-3,LEGOLAND Umbrella,2020,501,0
UNITY-1,Unity x Lego Minifigure,2021,598,8
VALENTINE-1,Valentine's Day Card,2019,408,40
VALENTINEPACK-1,Valentine鈥檚 Day Pack,2020,232,0
VAMPIREBAT-1,Vampire Bat,2019,410,19
Vancouver-1,"LEGO Store Grand Opening Exclusive Set, Oakridge Centre, Vancouver, BC, Canada",2012,408,15
Victor-1,"LEGO Store Grand Opening Exclusive Set, Eastview Mall, Victor, NY",2012,408,15
VIDIYO-TILES-1,VIDIYO Tiles,2021,713,80
VIENNA-1,Big Opening Ceremony of LEGO Stores SCS,2013,408,17
VIENNA-2,Big Opening Ceremony of LEGO Stores Donau Zentrum,2013,408,17
VISION-1,Vision Photo Signed by Paul Bettany,2021,501,0
VP-1,Ice Planet Co-Pack of 6814 6879 and 6898,1995,133,0
VP-10,Star Wars Value Pack with Free LEGO Backpack,2003,158,1
VP-11,Star Wars Co-Pack,2000,158,0
VP-12,Star Wars Co-Pack,2000,158,0
VP-13,Launch Command Value Pack,1995,88,0
VP-14,Classic Town Value Pack,1998,67,0
VP-15,Adventurers Super Value Pack,2000,298,0
VP-17,Legoland Town Special Offer,1985,67,0
VP-2,Star Wars Co-Pack,2001,158,0
VP-3,Star Wars Co-Pack,2000,158,0
VP-4,Star Wars Co-Pack,2000,158,0
VP-5,UFO Value Pack,1997,144,0
VP-7,Fire Value Pack,1997,94,0
VP-8,Star Wars Co-Pack,2000,158,0
VPORIENT-1,Orient Expedition Value Pack with Free LEGO Backpack,2003,300,1
vwkit-1,Volkswagen Kit,1959,366,22
W098-1,Classic Blue Link Watch,2006,501,0
WAHINGTONMONUMENT-1,Washington Monument,2015,598,36
WALLET-1,Minifigure Emoji Wallet (Blue),2020,501,0
WALLET-3,Ninjago Wallet,2019,501,0
WAND-1,LEGOLAND Lighted Princess Wand,2021,501,0
WATCH-1,Click & Build Watch,2007,501,45
WATCH-2,Watch System Astro (UFO Space),1997,501,43
WATCH-3,Watch System Voyager (UFO Space),1997,501,29
WATFORD-1,The LEGO Store Watford Grand Opening,2013,408,15
WAUWATOSA-1,"LEGO Store Grand Opening Exclusive Set, Mayfair, Wauwatosa, WI",2012,408,15
WEETABIX1-1,Weetabix Castle,1970,414,471
WEETABIX2-1,Windmill,1976,413,126
WEETABIX3-1,House,1976,413,149
WEETABIX4-1,House and Car,1976,413,147
WEETABIX5-1,Weetabix Village,1976,413,0
WHITEHOUSE-1,White House,2015,598,59
WIESBADEN-1,"LEGO Store Grand Opening Exclusive Set, Wiesbaden, Germany",2010,408,146
WIIGAME-1,Bionicle Heroes - Wii,2007,501,0
WIIGAME-3,Batman the Videogame - Wii,2008,501,0
WILLIAM-1,Will.i.am,2016,535,6
WISHINGWELL-1,Wishing Well,2013,494,28
WIZARD-CARDS-1,Wizard Cards Tiles,2021,246,16
WLB6701-1,Ninjago: Destiny鈥檚 Bounty Adventure Box,2021,497,47
WOODENELEPHANT-1,Original Wooden Elephant Pull-Along Toy and Print,2021,683,0
WWGP-1,Wild West Limited Edition Gift Pack,1996,475,0
XBOXGAME-1,Batman the Videogame - Xbox 360,2008,501,0
XBOXGAME-2,Bionicle Heroes - Xbox 360,2006,501,0
XBOXGAME-3,DC Super-Villains - Xbox One,2018,501,0
XBOXGAME-9,Star Wars: The Video Game - Xbox,2005,501,0
XMASTREE-1,Christmas Tree,2019,410,26
XWING-1,Mini X-Wing Fighter,2019,158,60
XWING-2,X-Wing Trench Run,2019,158,52
YODACHRON-1,Yoda Chronicles Promotional Set,2013,158,413
YTERRIER-1,Yorkshire Terrier,2018,598,0
ZX8000-1,ZX 8000 LEGO Sneaker,2020,501,0
