tax	ADAL1	ADAL3	ADALmet1	ADALmet2	ADUP1	ADUP3	ADUPmet1	ADUPmet2	KUAL1	KUAL2	KUAL3	KUALmet1	KUALmet2	KUALmet3	KUUP1	KUUP2	KUUP3	KUUPmet2
6d3810d6bd757ff197a7e2c4edc040fb	0	0	10	0	0	0	0	0	23	13	0	59	47	70	15	0	0	0
771a4a1f9f60338feb958208f56de42c	0	0	15	0	0	0	0	0	0	15	22	49	55	0	0	0	0	0
1fc31f5aeebd91821a1255fda5db8d26	177	185	52	61	1100	1229	1080	1843	0	17	26	11	0	0	0	0	0	0
638cc66c3dde12d35fa61cd5c157cc9e	192	137	45	59	1035	949	1970	1402	28	18	0	8	10	0	0	17	21	26
2e37e20b896fedda02622f1c09691031	0	0	13	0	0	7	20	0	73	74	72	64	69	0	353	228	314	273
cc32f85a6ff22c4ee341999cb60115da	22	0	6	11	0	6	0	24	47	48	62	65	59	131	297	240	299	197
415c08ba928c8f12cad49186ba8e8ef2	0	0	4	9	0	19	27	26	32	22	22	24	16	0	287	210	338	260
dbdb3fe00afb2533f26581912419350f	0	16	4	0	33	15	0	0	17	22	18	27	21	68	291	233	295	190
ac5398b28ea7a38b24ccc00c223bf4b7	0	14	13	34	36	33	34	30	22	19	24	16	17	0	34	0	24	23
509dc763c848a3a6b528a34a1693aa41	55	49	41	53	444	380	578	353	0	0	0	0	0	0	6	0	0	0
b7b245b22e28db0d12a2edea9dcfb149	66	69	36	48	461	491	361	453	12	10	8	4	0	0	0	0	0	0
cb6daf80fc10484b7d17901041f6c80c	23	13	18	0	42	37	20	35	0	13	0	13	18	48	25	37	39	18
1549a0eed2985830bb8efe2e4e9872b4	0	0	5	16	60	71	22	52	97	71	82	89	87	150	39	40	62	69
f224e64354bcbe51753c2607de978020	61	55	112	84	0	0	0	0	0	0	0	0	0	0	0	0	0	0
174ee48a49c6e255e17880ce5e698540	0	9	7	0	66	62	57	39	100	78	68	58	79	0	43	57	55	63
4f7a3d60afbda158a02e76a4b2862ba6	0	0	0	0	24	28	24	34	118	98	141	138	101	281	40	0	41	0
4b3d44e9cda33ae0a7562230121c98a6	76	72	84	75	0	0	0	0	0	0	0	0	0	0	0	0	0	0
69c9d2d4e75a2190789aa11968a70b20	0	0	3	9	0	0	0	0	0	0	0	0	17	0	11	0	0	0
c3b2b9dbeb6ddfb4221249cc9874af88	0	0	0	0	19	13	0	0	160	164	142	122	126	0	39	0	43	0
93bb323814aea8ead5794721da1e69c5	0	0	4	0	0	0	0	0	0	6	7	0	0	13	0	19	0	0
16eb9319bc532317cfb937128ffb75a0	0	0	0	0	0	0	0	0	10	0	0	6	8	0	15	19	0	35
bc07c2dff408f6fbe4f5f11070c9957e	0	6	0	0	0	0	0	8	0	0	0	16	0	9	0	0	0	0
b2f563aca206bb67c3129f8b524d82d8	0	0	0	0	0	2	6	0	0	18	22	10	0	0	113	214	110	249
9654091880ba480574ea13393827e4f9	0	0	4	0	0	0	0	0	127	111	114	85	78	0	56	40	48	38
c32e1c315481a9c57a747e689f2a8ed0	0	0	1	0	0	0	0	0	124	104	121	83	61	161	15	0	0	30
6aecf6344e5ef3a6c9246aa5473dc1ec	0	0	3	0	0	0	0	0	0	0	0	0	11	18	120	247	103	175
d76b3b73e9a78d1133aaa7f416832811	37	32	37	33	130	114	0	0	0	0	0	0	0	0	0	0	0	0
51e4903615aed0db110d692403799c2a	56	57	41	42	140	157	0	0	0	0	0	0	0	0	0	0	0	0
573fc2626e1f59f26394f0185dcc1587	26	0	21	39	48	13	30	49	0	18	0	15	14	29	20	32	31	0
4241871fa86ff53cb63b00b48a149601	0	0	3	0	0	0	0	0	73	78	76	53	66	120	36	49	51	60
548cd5e28b69f6c9e51fa88a062b92ea	0	0	0	0	0	0	0	0	141	136	133	78	88	0	26	34	49	0
59332ac2f4972ea6b63d9111c7b1c6eb	95	106	79	76	2	0	0	0	0	0	0	0	0	0	0	0	0	0
8033c660eb12577376c651aab1b7ea25	97	62	100	69	0	0	0	0	0	0	0	0	0	0	0	0	0	0
3084598d5abb5a9a0470dbaf51f4a0cb	0	0	1	0	0	0	0	0	96	84	88	72	70	0	59	63	56	65
d0a6e12c8777dd8cc4a287153902b0f7	0	0	0	0	0	0	0	0	102	83	100	55	43	141	44	0	47	0
dd04957f2cacb603ac6afc2bb8155643	0	0	5	0	0	0	0	0	54	76	58	56	51	124	41	47	52	49
48939ef6137926eccc93f15ba8c179af	0	27	23	0	0	20	0	0	31	16	23	14	15	0	20	0	0	30
4b5860272c103505a86be7e3cb8ec654	0	0	0	0	0	0	0	0	94	59	86	54	69	0	38	56	53	77
6de05accf5348bd5be1bb1d2f6d6be3b	0	0	0	0	221	190	0	0	0	0	0	0	0	0	0	0	0	0
90bba22ef3aacb6f875a4dd8c3f45a38	0	0	0	0	238	232	0	0	0	0	0	0	0	0	0	0	0	0
9ff9d65923e9a0a6b4a7ebf93a55f142	0	0	0	0	0	0	0	0	132	95	113	72	99	0	12	0	0	18
ce9686e056c265140c145dca4e03f7d9	0	0	1	0	0	0	0	0	0	12	16	136	98	278	0	0	0	0
93c1efeb08e7daf3a826c848b64a767b	0	0	0	0	0	0	0	0	0	0	0	0	0	0	0	0	0	0
fffbd82c70349fda623d96eaa8bd1b8d	121	44	29	84	0	0	0	0	50	31	28	23	35	0	0	27	33	21
29707f161d8f2681e60a2669f1fc5bf2	0	0	2	0	0	0	0	0	0	8	0	0	0	0	161	116	185	108
95980d29e12697b990f42dacfea14463	0	0	0	0	0	0	0	0	107	93	99	65	78	92	0	0	0	0
195f38b6cf20dfa3b7f7ac8977daecb6	0	0	0	0	226	232	0	0	0	0	0	0	0	0	0	0	0	0
030386c2035f7da61d5af384429884a2	0	0	0	0	0	0	0	0	0	0	0	0	0	0	10	0	0	0
f72ac056b173dda4a92e6719b93627b4	0	0	0	0	0	2	0	0	64	79	57	78	60	148	18	0	0	0
92eb35c71028e26579f72f437f6296a4	0	0	0	0	0	0	0	0	69	54	45	36	34	0	51	49	72	93
5fae94cb29bbd577350e887e175dd439	0	0	0	0	0	0	0	0	74	72	57	86	86	0	25	33	41	36
73e544fdc5716286a3dc013b053d459b	0	22	2	0	0	0	0	0	0	0	0	21	23	48	0	0	0	0
583bff01bc993fd325ea4d45ecc862a4	0	0	0	0	0	6	0	0	71	64	94	63	43	134	7	0	29	0
95332d7804046d883510bbc937f2d36f	0	14	2	0	0	0	0	0	0	0	0	21	30	0	0	0	0	0
de849fbeb8ff23c88ce5d089fe49f39c	0	0	0	0	0	0	0	0	48	55	57	56	39	90	18	39	39	0
3eac97736212c9e72bd427b0b3b689e7	0	0	0	0	0	0	0	0	99	93	107	62	91	0	16	17	0	0
edc7fcad1eb116b5e7cd88cb6eab8765	0	31	29	46	0	0	0	0	0	13	14	16	21	61	7	0	19	17
2fb2396cd18ba82e41cac0e59029af7e	0	51	26	50	0	0	0	0	0	21	25	31	22	47	10	0	0	0
c7fe8c6a2ba3bfbeb0e2bca5aa9e8f62	36	37	60	66	0	0	0	0	0	0	8	8	0	11	0	0	0	0
0cfca3334609efc50a9b35a4895572f5	2	0	1	0	0	1	0	10	10	11	8	17	0	16	8	0	44	10
3eb5c82b2754969b78e200c17756d65a	21	20	14	31	0	10	0	23	0	17	22	13	0	17	5	0	10	0
50594580a98612229236df571efa93b3	0	13	9	11	33	20	0	0	0	13	21	9	7	20	12	18	15	18
af49cc87fdafbd44830826c8c6c30549	0	0	2	0	0	0	0	0	0	0	0	0	0	0	0	0	0	0
b7613e933b0c11467c429601be9bda58	41	38	49	38	0	3	0	0	43	11	34	13	18	0	12	10	0	0
2e955abd9c5ad0a07e7f182ecb9d283e	48	38	52	56	0	0	0	0	0	6	0	0	0	0	0	0	0	0
6b6bb1543da2a58d852fcfd4808ad21d	46	41	52	71	0	0	0	0	0	0	0	0	0	0	0	0	0	0
4f15f89b7c6281ea04a12371c6b2f7a4	49	25	38	34	0	0	0	0	49	16	26	13	30	0	8	9	0	0
e9df811bb81283c7489a61f9a78d12d3	47	51	50	57	0	0	0	0	0	0	0	0	0	0	0	0	0	0
390ab828fd338420a9862ec7d393c256	85	69	35	55	0	0	0	0	0	0	0	0	0	0	0	0	0	0
5246d0ad77673d7a0da4cecb7d4c50f2	0	0	12	0	25	7	14	0	23	13	0	9	18	0	15	15	0	14
7a614f395e6aff7b666159c892acc53a	86	84	32	108	0	0	0	0	0	0	0	0	0	0	15	0	0	0
1df81abe2d1c3d402f46e5848423b9d0	0	0	0	0	0	0	0	0	71	47	61	48	40	0	15	0	0	31
a711521581b623d35b807dfc83066347	0	0	0	0	0	20	0	11	0	0	0	0	0	0	0	0	0	0
4ef3d69cffca60c8c238bc9f59d50fa0	0	0	0	0	0	0	0	0	33	22	17	122	133	0	0	0	0	0
7f2bcd7bbfd83e2d07011e2de97ba79d	0	0	0	0	0	0	0	0	0	0	0	0	0	0	0	0	0	0
f090fb69ebe25414a444eda494a80fd3	0	0	0	0	12	0	17	0	0	0	0	0	0	0	0	0	0	0
3b64623d532115ac848d810aa7c2e111	32	42	41	54	0	0	0	0	0	9	0	7	10	16	0	0	0	5
27c64a2e79ffb0ac3789623c26bb3b5d	0	2	4	0	0	0	0	0	0	0	0	0	0	0	105	47	79	52
493eaf234d3c3fa25091f6502a24e046	0	0	0	0	0	0	38	49	42	34	32	22	14	64	11	0	29	33
2a2d450b1aba9493b23448ec221edd67	65	53	40	44	0	0	0	0	0	0	0	0	0	0	0	0	0	0
22d50fba1ed23d9409ed4608913311bf	24	8	19	0	0	0	0	0	40	34	34	24	27	57	13	0	40	0
18886b840608dda2147444cdb01e57af	0	0	0	0	0	0	0	0	0	0	0	0	0	0	74	100	90	95
56135f40a058032436892168838249e3	0	0	0	0	0	0	0	0	0	0	0	0	0	0	53	39	37	58
2f4a920e50d2c02373b30feb4ae85b14	66	75	34	0	0	0	0	0	0	0	0	0	0	0	9	0	0	0
6147e68a4a386e82dbb192000f534a10	0	0	0	0	0	0	87	47	58	40	40	22	21	0	16	32	36	0
7390c33bf4d40f9434a52b3436138075	55	63	42	48	0	0	0	0	0	0	0	0	0	0	0	0	0	0
80c87ec32bde237a0ea9ce90077c76a7	0	0	18	0	0	0	0	0	65	36	30	21	29	0	11	23	44	33
16747129d431831218e4cc2dc5607a88	0	0	0	0	0	0	0	0	0	0	0	0	0	0	89	124	95	108
b6a653791aed97d5fa169726baf9334b	0	0	0	0	0	0	0	0	0	0	0	0	0	0	118	43	81	31
8dffb75084b25e9fc723e0daf8ba4a76	0	0	0	0	0	0	0	0	47	39	34	39	31	31	11	39	0	29
2b85e0dfbabd3067e6ec104266194276	0	0	0	0	0	0	0	0	0	3	0	0	0	0	30	47	30	37
905c7b79b0c97947f175fdc5f25b858e	46	30	34	40	0	0	0	0	0	5	0	8	7	0	0	0	0	0
da64dffb490867412a278756306146f9	0	0	0	0	0	0	0	0	0	0	0	0	12	0	17	18	0	0
33f2e9e05ffcb296672630e13fa87dc0	0	0	11	0	0	0	0	0	36	32	32	25	22	0	15	33	0	25
84be87561f0c72622bba40f0ccab47ff	0	0	0	0	0	0	0	0	0	0	0	0	0	0	0	0	0	0
fc396e8d6e005838b6489d51ffd01e41	0	28	36	38	0	0	0	0	0	0	0	0	0	0	0	0	0	0
cc48593f3d9be821de2bdf84ca370e9a	49	19	33	32	0	0	0	0	0	0	0	0	0	0	0	0	0	0
24cb56a451a3b9d471f228ed8f51b567	0	0	0	0	0	0	0	0	0	0	0	0	0	0	71	78	58	58
f184ece4e0331726e021d6450bdfaae8	27	19	7	0	11	0	0	0	0	6	17	0	6	0	13	0	21	0
f8d5b6e94ddc29d4bb50876a86428daa	64	37	27	44	0	0	0	0	0	0	0	0	0	0	0	0	0	0
dc9662c9e39b24217ca2b6af0376a76b	0	0	0	0	0	0	0	0	0	0	0	0	0	0	83	103	104	96
882c6d469ac32e19daf640511d3adc28	58	15	35	39	0	0	0	0	0	0	0	0	0	0	0	0	0	0
9ea529e364729230c3b728eba5e05155	73	33	31	30	0	0	0	0	0	0	0	0	0	0	0	0	0	0
fd791857d150e7f77bd2d77aded5721e	0	0	0	0	0	0	0	0	65	48	35	55	58	0	16	0	29	0
c1023604552362283d00cd453debad9d	0	0	9	33	0	15	23	22	14	0	0	7	0	12	0	24	0	14
3d920c9ab5cc1009f46aefcd6724f32b	0	0	11	0	0	0	0	0	0	25	30	18	25	69	10	0	0	0
d1dca0a4238f76a6d59f3ebaabf6e202	0	0	0	0	0	0	0	0	84	24	33	15	47	0	15	58	25	42
fcb86c343088015aac1c8f5cda30b0af	0	0	9	0	0	0	0	0	0	19	23	24	17	44	12	0	0	0
b1e804c815d92333566b0d847c93e3d9	0	0	1	0	0	0	0	0	0	0	0	0	0	0	0	0	0	0
f31ea048be4c2c331e6cc9ba146ddb0b	0	0	0	0	0	13	0	4	0	0	0	0	0	0	62	70	47	103
ca30c95ff45576fdb0f0fa496684a86e	0	0	3	0	0	0	0	0	89	27	35	32	38	0	12	15	0	0
75ac20dfdcba9fb515abe206e6457d67	0	0	1	0	0	0	0	0	46	45	54	36	28	0	10	0	19	25
f709a269c36367bb87473b691a2be160	56	30	19	44	0	0	0	0	0	0	0	0	0	0	0	0	0	0
7c9c0ad59a76e5b8f6477b9a87d305e1	60	8	37	28	0	0	0	0	0	0	0	0	0	0	0	0	0	0
5e47fb0d96250bc7a6f75ea99617f937	0	0	6	0	0	0	0	0	69	23	22	24	22	49	8	16	0	11
e196cbcb5eadc6e33e5435af120ce303	0	22	31	37	0	0	0	0	0	0	0	0	0	0	0	0	0	0
fcfc5e6660b40ebe813770c74873d3fd	0	0	8	0	0	15	15	0	0	9	10	0	14	0	18	0	0	0
1c182d429952c5d8a7c912b391460372	0	24	29	46	0	0	0	0	0	0	0	0	0	0	0	0	0	0
33247d6e07431ebd06c59eeeb23971fa	0	0	0	0	6	8	10	14	0	0	11	7	9	16	13	12	22	0
e47f178771a181867870845ec210bc46	0	27	32	36	0	0	0	0	0	0	0	0	0	0	0	0	0	0
22eb894d9f1990ac8c24c2fab9a3ec33	0	0	6	0	0	11	0	18	0	0	0	0	10	16	0	13	12	0
36e144c30bee04d54cee87c7d0c3dc53	0	0	0	0	0	0	0	0	60	20	17	15	17	0	18	50	58	67
a92311cdbf6cf81746817d44cf8d0fdd	33	0	0	0	0	0	0	0	0	22	30	41	38	51	0	0	20	0
443a6d7bf20b05233e8356a308450fb6	0	0	19	0	0	0	0	0	0	14	12	26	27	0	16	0	0	0
78a7f5554a54a1cccf275c78a11493a4	0	0	0	0	0	0	0	0	38	28	52	42	14	38	9	18	0	0
d16fd24dc7d57d5a63977fba76271001	55	44	28	32	0	0	0	0	0	0	0	0	0	0	0	0	0	0
5824558a19b4e7a14181055e120b5b21	0	0	3	0	0	0	0	0	0	0	0	0	0	0	0	0	0	0
731d3e058caa6acf96ac865e9ab8dec2	0	0	0	0	0	5	0	0	0	0	0	0	0	0	0	0	0	0
da253873fb1538bee02276f1059cf20b	0	38	17	70	0	0	0	0	0	0	0	0	0	6	0	0	0	0
289421396ebb189ceb432fb76cf5b5ed	0	0	0	0	0	0	0	0	43	17	17	17	32	0	19	30	34	36
8c5047bb1b90f0a923d5a94e33199b80	44	17	25	0	0	0	0	0	0	0	12	9	0	9	0	0	0	0
6d7b5ae918a53a05aa6728188b02df25	0	19	30	29	0	0	0	0	7	5	0	0	16	0	4	0	8	5
fa98a19dde97eda67853638912f95db1	0	0	6	13	0	0	0	0	26	7	0	10	10	0	0	0	0	0
31184bbad20a05e433fa6808193aca13	0	0	4	0	0	0	0	0	0	14	0	8	20	0	6	0	0	0
ab54f339d388bca75dff0e62e276efb9	27	38	12	70	0	0	0	0	0	0	0	0	0	0	0	0	0	0
93fd758a19c1bb53b7299f3fef40d7bc	16	0	3	15	12	0	0	0	17	15	18	10	0	0	16	0	0	0
75b0ad6fc52c1923f69a7a63f391b2aa	43	51	14	31	0	0	0	0	0	0	0	0	0	0	0	0	0	0
de2c7e9406b28d3b7417ab0e037de19f	0	19	20	43	0	0	0	0	0	0	0	0	0	0	0	0	0	0
f22f6959a5aa620e39f337a3403bd1bc	0	0	4	0	47	45	96	57	0	0	0	0	0	0	0	0	0	0
aab9983cbe2b1b75d6dba26193476546	39	27	11	24	31	12	10	11	0	0	0	0	0	0	0	0	0	0
ef5bd001508f3165549a61045f33a9ff	47	31	30	42	0	0	0	0	0	0	0	0	0	0	0	0	0	0
a9c7a0c8f068199e322c3e3a7b4e8170	0	0	0	0	0	0	0	0	0	19	25	25	27	48	8	25	0	0
6a083b8228429a5a436cebf636fcfebb	43	52	19	23	0	0	0	0	0	0	0	0	0	0	0	0	0	0
9787aec41281f8cbbbbe6d385c7f7d5f	83	27	21	0	0	0	0	0	0	0	0	0	0	0	0	0	0	0
e6b08dc0acabecc8118f3fabf9bc9572	0	22	19	39	0	0	0	0	0	0	0	0	0	0	0	0	0	0
7c12a6ef9207dde7fca9d89c783fc5b6	0	0	0	0	0	0	0	0	0	15	39	19	10	32	12	42	0	46
4d232388c870ff57cb765851d413635b	33	31	15	64	0	0	0	0	0	0	0	0	0	0	0	0	0	0
8590a9e2ab2b0f8b4f1ad607d191eb70	0	0	0	0	0	0	0	0	0	0	10	0	0	0	10	106	0	147
d61de8a7f283f0573c4e09bcd4610252	0	0	20	26	0	0	0	0	0	11	0	0	0	0	0	0	0	0
514be7f0f7ffb9a8c7ec63dec6b4daee	0	0	0	0	0	0	0	0	0	12	22	8	4	0	0	0	0	0
267846eafb7efee3cf2fd62210f932fd	23	24	5	0	10	11	7	0	0	6	19	17	0	18	7	0	15	0
7794c680f4c4733e6e04652b97e03040	32	12	14	35	0	0	0	0	0	0	0	0	0	0	0	0	0	0
9edbda69bdcd153dc698ac27c87e1cbe	57	21	14	24	0	0	0	0	0	0	0	0	0	0	0	0	0	0
c145f522bbee732b43a8345e94ccd538	0	0	0	0	0	0	0	0	47	19	31	14	5	32	0	0	0	0
24376a207a4c559e12de5f5bd7335d6f	0	0	0	0	0	0	0	0	37	18	15	25	15	29	9	29	36	0
d91f7efc4329ae18678a07fcafa02cd1	0	17	19	33	0	0	0	0	0	0	0	16	0	20	0	0	0	0
2fbc2934ed63a860800b51555cab2969	44	36	14	51	0	0	0	0	0	0	0	0	0	0	0	0	0	0
edec45a4af958872e86daceb1543d3fb	0	0	0	0	0	0	0	0	0	13	43	23	30	42	19	0	0	0
bddc6eca1ec09756395d8dc2f8c9cb82	26	16	16	21	0	11	0	0	0	0	0	0	0	0	0	0	0	0
37623bb2ab22f326c5add6829a4af63f	0	0	0	0	0	0	0	0	0	6	0	0	0	0	0	0	0	0
da1bed7644dc04986d32ce753513a1c1	0	0	27	26	0	0	0	0	0	0	0	0	0	0	0	0	0	0
15fb0ccd2695fada8bd59358000c1980	0	23	23	0	0	0	0	0	0	0	0	10	0	10	0	0	0	0
9cb6f9c4b5288732b5e53332557f5f49	29	25	19	0	0	0	0	0	0	0	0	0	0	0	0	0	0	0
55409ff8a0e7fc957120aa1f14571d7c	0	0	3	0	0	0	0	0	0	20	25	38	34	0	0	0	21	0
fb5c3f41fa8264d49fef41788e111863	37	29	10	26	0	0	0	0	0	0	0	0	0	0	0	0	0	0
1eb128b0ea70701d4dda65c8a12ec0ed	0	0	0	0	11	0	0	0	0	0	0	0	0	0	46	56	46	56
4f2ff0c68478d8cae65eb15606841625	0	0	0	0	0	0	0	0	0	0	3	0	0	3	5	0	21	0
369a0bcfa20d9818cca0df074e289054	0	0	0	0	0	0	0	0	0	0	2	0	0	0	0	0	0	0
08aeecfe5b433d57a345ba44068ca619	0	13	28	32	0	0	0	0	0	0	0	0	0	0	0	0	0	0
bfe187cabb0d5047aea17713ed552cff	17	13	24	25	0	0	0	0	0	0	0	0	0	0	0	0	0	0
7cb80e2f2bf64d063accca7a0b8eb256	49	29	11	17	0	0	0	0	0	0	0	0	0	0	0	0	0	0
78acbc0e82d11399cb444b596ac831e4	21	20	20	51	0	0	0	0	0	0	0	0	0	0	0	0	0	0
1feb293051e847fea73fe2b7d58384d6	41	24	20	0	0	0	0	0	0	0	0	0	0	0	0	0	0	0
900155e4333fc5760368123723c9365d	0	0	6	0	0	0	0	0	0	7	20	18	0	21	4	0	0	0
0906a61308a4b1eb6ba1595008b756fa	0	0	0	0	0	0	0	0	0	27	21	33	23	0	21	0	0	0
00c1af5a76938bfa42b739805389bffb	0	0	0	0	0	0	0	0	0	0	0	4	0	0	30	52	76	52
3cd0a1c25ab6690dbc5056de11ae124c	0	0	0	0	0	5	0	0	0	1	0	0	5	0	0	20	0	17
400f12270d957c1290b3761e1b174b2c	0	0	0	0	62	54	49	76	0	0	0	0	0	0	0	0	0	0
fd2856c8caf6cd3880bd1330dd475b34	23	0	25	0	0	0	0	0	0	0	0	0	0	0	0	0	0	0
3fc6f1a0be8294401e498773f3351e5c	0	9	21	25	0	0	0	0	0	5	0	0	0	0	0	0	0	0
32deafb057a293c4b8084c2ab15dd3f5	0	0	2	0	0	0	0	0	48	13	38	23	23	0	15	0	0	0
abf895458a52051e925218ad56ab518e	0	0	0	0	0	0	0	0	0	9	0	0	0	0	13	99	24	93
06d3fdfb3578816ead563c9b416bffe1	0	0	15	0	0	0	0	0	13	19	15	0	15	0	0	0	0	0
84fa188cb73231e123920dcbd69ff31b	0	0	0	0	0	0	0	0	31	24	21	20	0	36	6	32	0	0
ac75eb60de50911c0e5e2a17d07e7755	0	44	14	0	0	0	0	0	0	0	0	0	0	0	0	0	0	0
38461859981475b22485e60c7bb4a126	0	0	0	0	0	0	0	0	20	33	17	17	19	0	8	0	31	20
d3ecf8ffbac458ef0d1e76d4c78580f0	0	0	11	26	0	11	0	13	12	5	0	0	8	0	6	11	0	15
a9ea66f561947415ddedec56eefba498	0	15	19	27	0	0	0	0	0	0	0	0	0	0	0	0	0	0
1ee294c971e414aadb794abaf801476d	16	0	6	0	0	0	23	18	16	0	0	0	0	0	0	0	0	0
4e2e2f954258e1b7a78515c48b213e9b	0	0	0	0	0	0	0	0	28	23	23	10	14	0	0	0	0	0
ff9b5b52fa922e9b8256d2a1f957fab7	0	0	0	0	0	0	0	0	0	29	24	22	9	34	12	0	0	0
7023e409e0530be66c7934e0a7106bfc	0	18	8	21	0	0	0	0	0	1	0	6	0	14	0	0	0	0
0aeff3c72aed0b9e188e500dc57e7036	0	10	23	49	0	0	0	0	0	0	0	0	0	0	0	0	0	0
e6834aaac446daaef3be72515ec3a852	0	0	0	0	0	0	0	0	0	15	25	27	31	31	8	0	0	0
72ffa625f2f720dc0ae5176f7829d92c	0	0	0	0	0	0	0	0	0	0	0	0	5	21	0	0	0	0
8dbe6d749a8812b4338c0674c0a40fb6	0	0	0	0	0	0	0	0	0	0	0	0	0	0	55	31	49	34
8635dd01b12e51cce5c9ad7af3cd502f	0	14	16	0	0	0	0	0	0	0	4	10	6	0	0	0	0	0
0a4104f957ff6243badcf57d7b86afc5	44	12	19	0	0	0	0	0	0	0	0	0	0	0	0	0	0	0
3df8d74afcafd1c4340d4e4a5c49493f	0	38	12	0	0	0	0	0	0	0	0	0	0	0	0	0	0	0
fed229a4e719a47b99284291dbfb60b8	52	30	8	67	0	0	0	0	0	0	0	0	0	0	0	0	0	0
fcfe2c5b2f32b2e08064845141837a4b	0	0	0	0	0	0	0	0	0	0	0	0	0	0	4	0	0	0
7ecb288c44ac72c1217d532b22f6b595	0	0	0	0	0	0	0	0	29	26	24	14	14	37	1	0	0	0
e221dd79a44d796fdc27249bfd75e714	0	0	0	0	0	0	0	0	31	18	21	26	0	34	0	0	0	0
9445b0b076d643309d00a00de972f7dc	0	0	0	0	0	0	0	0	31	15	22	8	20	0	9	0	17	14
5afe3e7d4745c92c332215a9a52f3791	0	38	9	50	0	0	0	0	0	0	0	0	0	0	0	0	0	0
7528cb7e79922c9e42744e17a892da40	0	0	0	0	0	0	0	0	29	12	18	7	10	0	21	16	0	21
2156bda2293b9f331131375b09e7de66	0	0	28	0	0	0	0	0	0	0	0	0	0	0	0	0	0	0
866861a629303545dcfe63605b3ccbcc	36	22	11	0	0	0	0	0	0	1	0	0	0	0	0	0	0	0
37899f856f2ee86ba849e15cadc141d9	0	0	3	0	0	0	0	0	0	0	0	0	0	0	30	67	0	43
5f2288bafbc83c28b02040c25e9a28cf	0	0	12	0	0	0	0	0	0	0	0	0	0	0	0	0	0	0
44bf50735d1718896b6efd82850c867b	0	0	0	0	0	0	0	0	10	10	15	0	16	0	7	0	18	0
cd4df7abec83d0127ae4d1530003728b	0	21	19	23	0	0	0	0	0	0	0	0	0	0	0	0	0	0
4207cbebd625ca3098538a88bfdf0053	0	0	0	0	0	0	0	0	22	37	23	11	21	0	0	0	0	0
ca4dec4bc91a6358590431c3c11d84e5	0	0	0	0	0	0	0	0	27	12	0	19	20	0	14	0	44	0
fcf358049389f73f8660a8f93e8f1c74	0	0	0	0	0	0	0	0	0	18	19	13	26	0	9	0	0	23
abd43fe097ce2179a1e09d4ef6cd4fe4	0	0	0	0	0	0	0	0	0	26	18	19	0	34	7	15	13	0
a3a61c4352f9ce13aa2dc2a64b612d52	0	18	4	25	0	0	0	0	0	0	0	20	17	11	0	0	0	0
f19b6257b498dccff689f5535896e58c	0	0	0	0	0	0	0	0	0	0	0	0	0	0	0	12	0	0
1fb7532db672ff3a3ce8e117b3672201	45	11	14	35	0	0	0	0	0	0	0	0	0	0	0	0	0	0
37b38b985e82f06e88229d85b5f1ca78	0	26	13	21	0	0	0	0	0	0	6	4	3	0	0	0	0	0
819492c4c9e79d58a90aff94415cc0e2	0	0	0	0	0	0	0	0	32	22	34	21	0	33	0	0	0	0
acb6c53fda77c7547fde6e19117e3467	0	0	0	0	0	0	0	0	19	0	14	6	16	0	8	32	29	20
74b11d1bda5b12814dae7acd6315496d	0	0	0	0	0	0	0	0	0	0	0	33	32	66	0	0	0	0
87428a7502e060be7e1da3c046deb30e	0	0	0	0	0	0	0	0	0	0	0	2	0	0	0	0	0	0
82562fb66bfb580b7cb4bd4913c6c67f	0	29	14	40	0	0	0	0	0	0	0	0	0	0	0	0	0	0
9fb2342eb033c34734a552223605380c	0	0	19	0	0	0	0	0	0	0	0	0	0	0	0	0	0	0
42f4edd1546b085018bafdf66b17ae26	0	0	0	0	0	0	0	0	39	15	15	16	15	0	0	0	0	14
916d576c5ad11f579467affab35d09ec	0	0	0	0	0	0	0	0	0	6	0	19	42	0	13	0	0	16
e1f82277cbacd122ec5fb29a38060b87	0	30	6	42	0	0	0	0	0	0	0	0	0	0	0	0	0	0
6c20e5c9abbfdbbbd573d12fc851d5d5	0	0	1	0	58	40	0	0	0	0	0	0	0	0	0	0	0	0
ab1dfd46a54b95ca0dcd55ab71c7509e	0	0	8	0	0	0	0	0	0	0	0	0	0	0	0	0	0	0
4f493cd3513f7fa8d17d61f12d6b79b9	0	0	0	0	33	16	47	68	0	0	0	0	0	0	0	0	0	0
cf49e03c5fb78d82c7b15e22102c92c5	0	0	0	0	2	0	0	0	0	0	1	0	0	0	0	0	0	0
ec670acab829bce2a1f97af64f0741e5	0	20	2	15	0	10	0	0	0	10	0	0	0	0	0	0	0	0
729aed9acb71dd816ebd889958d1c092	0	0	0	0	0	0	0	0	0	0	0	0	0	0	13	55	44	45
bf0213e6fe4c83e79f6fd5b9601a365a	0	0	0	0	0	0	0	0	0	10	18	0	36	0	9	0	16	9
b7a5079ff347761150ec0219b913e31d	0	0	0	0	0	0	0	0	0	5	0	0	14	10	18	34	41	12
d0f39a2a96d4800151279f08cf7aeac4	0	0	0	0	0	0	0	0	34	10	12	28	0	23	0	0	0	0
9f84bc168d40d399a5a078d87807c4f9	0	0	0	0	0	0	0	0	0	0	0	0	0	0	5	0	0	0
3568ca57557f54391be06e43e43592eb	35	24	7	0	0	0	0	0	0	0	0	0	0	0	0	0	0	0
9d4dc618db74747378e3fdf928db68f5	0	0	11	47	0	0	0	0	0	0	0	0	0	0	0	0	0	0
3722e0949f37f66557120dae2d972fe0	0	0	0	0	0	0	0	0	0	0	0	0	0	3	0	0	0	0
364d729ea01dcd07dc6ade25b1528940	0	0	0	0	0	0	0	0	0	21	20	17	15	0	0	0	0	0
ae11a33796f1608ecb44993fa29c8432	0	4	1	0	6	0	0	3	0	3	5	0	3	4	0	0	0	0
a6c13c73015a12e6d42245537edc498c	0	0	0	0	0	0	0	0	0	0	0	0	0	0	19	47	0	57
e5e8e1a430754db08b2b34ef215bfce2	0	0	0	0	0	0	0	0	24	10	0	11	0	20	7	0	0	0
a89e0a0aadf4498f237368634086cd61	0	0	0	0	0	0	0	0	0	11	0	16	22	40	0	0	0	0
bb2be6223fb584c681edd93e01b6466e	0	0	0	0	0	1	0	0	0	0	0	0	0	0	0	0	0	0
a9418665c7d5e0fe5a4fccce19591561	0	0	9	37	0	0	0	0	0	0	0	0	0	0	0	0	0	0
2bbaca8e44215d1eaf1ed6fd2eb3c34c	0	0	0	0	0	0	0	0	0	5	8	0	2	0	7	22	25	26
95a85e08a5f4f3275dc421296f2382b0	0	2	0	0	0	0	0	0	0	0	0	0	0	0	0	0	0	0
595851ef7b348d48771e1123f3a4beb8	25	0	8	30	0	0	0	0	0	0	0	0	0	0	0	0	0	0
a658de146fd18c64eac246623214060f	0	13	7	27	0	0	0	0	0	0	0	0	0	0	0	0	0	0
d6beaa5975be1c7a9b27ba7b2fb9fe42	0	0	5	0	0	0	0	0	12	6	0	0	0	0	0	0	0	0
2e85303cdfd0fa584d4c2463fe549de5	0	0	2	0	0	0	0	0	0	0	0	0	0	0	0	0	0	0
eca215cbab815f5971e3414dced7e661	0	19	9	0	0	0	0	0	0	0	0	0	0	0	0	0	0	0
803ce38192c251c17d3c29beb43ab8e8	0	0	0	0	0	0	0	0	23	6	20	13	23	0	0	0	0	0
5fd3a36c8bb3017546f378f378f27331	0	0	0	0	0	0	0	0	0	6	0	0	0	0	0	0	0	0
2673f315d6c53d4a51d56be91507f117	0	0	0	0	0	0	0	0	0	0	0	15	0	18	0	0	0	11
5c74cbc6b20cffb0ed1db660d461bb55	0	0	0	0	0	19	80	51	0	0	0	0	0	0	0	0	0	0
d57efe8278bb317f2624220cee70be9c	0	0	0	0	0	0	0	0	0	9	13	14	0	12	9	29	21	0
0460eda7d0656391a2b321e15293b090	0	0	1	0	0	0	0	0	0	0	0	0	0	0	9	0	0	0
36c06079076f400e2b405b410fddd0f6	0	0	1	0	0	0	0	2	0	8	0	10	18	29	0	12	0	0
4594f19beb39063acd088333b6a9250e	0	0	13	0	0	0	0	0	10	0	7	0	6	0	0	0	0	0
ac2ccc37617e426a128c7b423a9a5b20	0	0	0	7	0	0	5	0	0	0	0	6	0	0	1	0	0	0
95c94e27c3574a00d38ce63aa68c7fbe	0	0	0	0	0	0	0	0	0	0	0	0	0	0	0	0	0	0
f85becb974ccbe3b38ca8e2bbd4aa229	0	0	0	0	0	0	0	0	59	18	11	11	16	0	0	0	0	0
72a3e94c04201ec567d77c53428d6b51	0	0	0	0	0	0	0	0	28	15	24	0	16	0	12	13	0	0
a12dd0a4465a44548ed870e6a6dc8205	0	0	0	0	0	0	0	0	0	0	0	0	0	0	0	0	0	0
0a40232db92b41887a6847e587acd154	40	0	5	21	0	0	0	0	0	0	0	0	0	0	0	0	0	0
4f4131e19a403ecd157a5a94f61959ec	0	0	0	0	0	0	0	0	0	5	22	9	16	0	0	0	11	0
bbfc16e70649bad3d14d1e0fd1d7e1e8	53	0	6	0	0	0	0	0	0	0	0	0	0	0	0	0	0	0
9eb524080bc81d7393d5723f7bbe1d42	50	0	9	0	0	0	0	0	4	0	0	0	0	0	0	0	0	0
817390a3bc86ac7b9ea1f7c7cf2c7958	28	24	5	44	0	0	0	0	0	0	0	0	0	0	0	0	0	0
15e7007fb39a3eb812b7df3ed1fbfe07	0	0	0	0	0	0	0	0	0	5	0	5	12	0	8	40	32	0
b33fd91ae8f1748088db0aaded1975a0	0	0	0	0	0	0	0	0	0	0	0	0	0	0	0	0	0	0
aa2fcf1f232c091473e68e00693b3b74	0	0	5	0	7	5	0	0	0	6	0	7	7	3	9	0	0	0
5fc29273a141185d69f57de3ed1d7cbf	0	0	0	0	0	0	0	0	21	0	14	12	0	36	4	0	8	4
b33658eec83cdc0c5ae9a442d3043cf3	0	0	0	0	0	0	0	0	15	24	17	15	0	0	5	8	0	0
9c840a586411f9890023df8a168b0fc9	0	0	0	0	0	0	0	0	0	13	29	21	0	20	0	0	0	0
cb9f26c456b0e906fa4b8d46b2f22968	0	0	0	0	0	0	0	0	0	0	0	0	0	0	14	0	18	0
e5da20e12dcba10fd0bc2b2c847a2d99	0	0	4	0	9	0	0	0	0	0	5	0	5	6	0	0	0	0
214afa7490ec5852b57b38146697fdd7	0	0	0	0	0	0	0	0	0	5	0	0	5	0	9	11	29	17
ec173169731dec5e4ffd29dad1e98d60	0	0	0	0	0	0	0	0	0	0	0	0	0	0	17	12	20	50
4d83a08d17bed7db61e4579babc6d68d	0	0	6	0	0	0	0	0	21	10	16	0	0	0	0	0	0	0
c0e06402ad2d4d20da45788ea884a142	19	14	8	25	0	0	0	0	0	0	0	0	0	0	0	0	0	0
1fb82889add2047bfcb1b71321f748be	0	25	4	0	0	0	0	0	0	0	0	0	0	0	0	0	0	0
39ebd5e98beb0af611719f4d29f841ed	0	0	0	0	0	0	0	0	0	12	0	7	17	0	9	0	0	13
1dec496634e934bed29928bbc7f5fbdc	0	0	0	0	0	0	0	0	0	15	0	11	0	27	0	0	0	0
1ae56137be2774ed7e44dba908949055	35	15	4	0	0	0	0	0	0	0	0	0	0	0	0	0	0	0
e65ea30c11cc7cb74503dae2694b31fa	0	0	0	0	0	0	0	0	0	7	0	19	18	24	0	0	0	0
af055291be680083b4a01942720c9ccf	0	0	1	0	0	0	0	0	31	10	15	14	0	21	0	0	0	0
f8dca2e84423710f15d424fe9aec0f30	18	18	8	0	0	0	0	0	0	0	0	0	0	0	0	0	0	0
bd6ce5e1fb7dec836ad2e880bc7512cb	0	0	14	46	0	0	0	0	0	6	0	0	0	0	0	0	0	0
2237ed42a659818a517d25fa8ec781e7	0	0	0	0	0	0	0	0	0	9	0	0	0	0	11	41	30	0
35a9ebaf0560e89e662106522726160f	38	0	10	33	0	0	0	0	0	0	0	0	0	0	0	0	0	0
b707967375eaff55dc4c5f9bb47b3651	16	0	9	27	0	0	0	0	0	0	0	0	0	0	0	0	0	0
dcb9d99afba835d5518e4a4ed4f5d065	0	17	8	0	0	0	0	0	0	0	0	0	0	0	0	0	0	0
ee373e9755501d765c2c270c6207a55f	0	0	0	0	0	0	0	0	9	6	0	8	8	18	9	0	0	0
3f07e4962f63360d35d5f46d1d724a06	0	0	0	0	0	0	0	0	9	14	12	7	8	0	9	0	20	0
24cf8a69cc1d8642ee92616c8f457320	0	0	0	0	0	0	0	0	0	0	0	0	0	0	17	42	0	62
ea5293db03d0013b9a08d9fb6cd5b3b3	0	11	6	22	0	0	0	0	0	0	0	0	0	0	0	0	0	0
648f925d9f55d3852e042268051e7ba3	0	0	0	0	0	0	0	0	0	7	0	0	8	0	0	0	0	0
686aa5770b2d11cc9e3275bd7f6153a9	0	17	9	0	0	0	0	0	0	0	0	0	0	0	0	0	0	0
8af36606b77bede45ebd387aa59d0a5b	0	0	0	0	0	0	0	0	0	4	7	9	6	14	0	0	0	0
f7b46b0bfce871b10726704f55527a1a	0	0	0	0	0	0	0	0	0	15	10	13	0	25	0	0	0	0
faf0c4d01e8614d8d5d0d9f516698bb6	0	0	0	0	0	0	0	0	0	17	20	0	0	0	16	27	21	0
7a91159cd25b9c277f771358511f22cd	0	0	0	0	0	0	0	0	0	0	8	0	18	0	11	0	0	30
e5c62f9a8b34bf5233fce8c79c72a280	26	13	9	0	0	0	0	0	0	0	0	0	0	7	0	0	0	0
ffe4455be877f8ff96daf655f468352b	0	0	7	0	0	0	0	0	0	0	0	0	0	0	0	0	0	0
06cd1dfa529e2a682ef079ff9508ee4f	0	0	9	18	0	0	0	0	0	0	0	0	0	0	0	0	0	0
e8cc369e5bfaadf2b65036954c167f61	58	0	10	0	0	0	0	0	0	0	0	0	0	0	0	0	0	0
768c9b46a9b12751821f84c49d0f4597	0	0	0	0	0	0	0	0	0	11	0	8	15	0	0	0	0	0
8300510f363f2499e6b61869731f29b8	0	16	5	0	0	0	0	0	0	0	0	2	0	0	0	0	0	0
3c673eea2b6e1c4482e5a4b27e5240b7	0	0	0	0	0	0	0	0	0	13	0	0	0	16	8	0	0	0
927f7b391605d94b8674930b01e4c64c	0	0	1	0	7	0	0	0	0	3	0	0	0	5	0	0	0	11
a85772784c9e6cd058559ef0eb4179ab	53	20	6	0	0	0	0	0	0	0	0	0	0	0	0	0	0	0
0f53a1ec868f62293655e9fccb63de92	0	16	3	0	0	0	0	0	0	11	0	0	0	0	0	8	0	0
e30381ff173dc1a1c24777110f00199a	0	0	3	0	0	0	0	0	0	8	0	6	0	0	9	0	0	0
a644a3a87cf5f5716725ea211686f5cc	0	0	0	0	0	0	0	0	16	0	0	9	15	0	7	0	0	25
86fbccf6864df73072086bdeffc9974b	0	0	0	0	0	0	0	0	29	13	12	11	0	21	0	0	0	0
677745d4aba90a10d4f69276a42ddf48	0	0	0	0	0	0	0	0	0	0	32	8	14	15	0	0	0	0
8bd34c4e0dad6e64b1c8cc8013aa7789	0	0	0	0	0	0	0	0	0	0	0	0	0	0	16	22	0	37
94efdca250838ddc2bcaef0160e26f2a	0	14	6	0	0	0	0	0	0	0	7	7	0	0	0	0	0	0
b5a9c62de37461eb3d2d479e064d400d	0	0	0	0	0	0	0	0	16	0	10	7	27	0	3	0	12	0
fe8d53f27eecd6f35773972e3ba36259	0	0	0	0	0	0	0	0	0	0	0	13	0	22	0	0	0	0
50bfb99f692f2ed897c7b25dea9bf096	15	17	6	0	0	0	0	0	0	0	0	0	0	0	0	0	0	0
55498ce61918f67f9e9e4e35f82f89ca	0	0	0	0	0	0	0	0	25	24	0	0	19	0	0	14	0	0
b255ed68208bb2396778be5f6c2d4386	0	0	0	0	0	0	0	0	0	0	0	0	0	0	0	9	0	0
b293cba5f898de0510374794f35abdc3	0	0	13	14	0	0	0	0	0	0	0	0	0	0	0	0	0	0
8d840db237385974d49f8e573702d0dd	0	22	5	41	0	0	0	0	0	0	0	0	0	0	0	0	0	0
3224a6d94d01e6168f78a312ed33569b	0	0	10	35	0	0	0	0	0	0	0	0	0	0	0	0	0	0
32bfbf3904b194de90fdcdd09a58f481	0	0	1	0	0	0	0	0	0	0	0	0	0	0	0	0	0	3
cb77b75c3f9cffb178389940302ab3b3	0	0	0	0	0	0	0	0	16	17	0	0	20	0	0	0	20	0
8b2da02eded916a1b3eca67810a2bb13	0	0	0	0	0	0	0	0	13	9	0	17	14	0	8	0	0	0
2cb4477a224e81326630038a28789ef0	51	0	6	0	0	0	0	0	0	0	2	0	0	0	0	0	0	0
5d2138dd5202147ebd09c3a50a9652f3	0	16	7	0	0	0	0	0	0	0	0	0	0	0	0	0	0	0
0f1dd5535c58b303fcfb824289522323	0	0	6	33	0	0	0	0	0	0	0	0	0	0	0	0	0	0
3fc166e8113444fdfa6a9890d433039a	0	14	6	44	0	0	0	0	0	0	0	0	0	0	0	0	0	0
27e722c41223eba7d145439d833eb70e	0	12	13	0	0	0	0	0	0	0	0	0	0	0	0	0	0	0
0c385a6c9b5716bab990dc065d7b339d	0	27	6	21	0	0	0	0	0	0	0	0	0	0	0	0	0	0
03dcb8bb5a56d5fe15ff31d0de7bd2bc	0	0	10	0	0	0	0	0	0	0	0	0	0	0	0	0	0	0
a090adb390ebf603ddf4786be52bbc87	0	0	0	0	0	0	0	0	0	11	0	9	16	0	0	5	0	0
c845bd964039f46451ba31115bfff1b1	0	8	7	0	0	0	0	0	0	0	0	0	0	0	4	0	0	0
4c29b2fed6499694ee602bfaf0376425	48	30	0	0	0	0	5	0	0	0	0	0	0	0	0	0	0	0
71a66252d38400061b0812079e7f646b	0	0	0	0	0	0	0	0	11	0	7	0	0	6	18	0	0	30
fe299d7fdcbc8ddfe82e44db6eb43891	0	0	4	9	0	0	0	0	10	11	13	0	0	0	0	0	0	0
58cc13432b538a16d6d53ab38229f167	0	15	6	0	0	0	0	0	0	0	0	0	0	0	0	0	0	0
7233afdc9e84221e0bdfc3b34937cbb1	0	0	6	0	0	0	0	0	0	5	0	0	7	4	0	0	0	0
3a5227f2aaec7558ee45813a0e3ac9da	0	0	0	0	0	0	0	0	0	0	0	0	0	0	8	0	0	18
8dad1283d1fc2b6a91ee1fa977c87a66	0	0	1	0	0	0	0	0	0	0	0	14	12	13	0	5	0	0
32f01195c9977700e825d89038a55686	0	1	4	0	0	1	2	0	0	0	8	4	3	1	2	6	0	2
0a677779c61f7f2c5a1bda958207a1c5	0	0	0	0	0	0	0	0	0	8	0	9	0	0	13	12	0	14
2ce5665f5031d210ac2efd22d3edbb70	0	0	6	0	0	0	0	0	0	0	0	2	7	0	0	0	0	0
8323b15f1c284be185780d9faa591723	0	16	8	0	0	0	0	0	0	0	0	0	0	0	0	0	0	0
911599437ad057a5679fa25f5e31ff38	0	0	11	0	0	0	0	0	0	0	0	0	0	0	0	0	0	0
21f6b9353d10c56f1624d998ce533014	0	0	0	0	0	0	0	0	0	0	0	7	0	0	15	0	0	0
f79a7356513a1f9534ce7fc26cbd7b2f	0	0	3	0	0	0	0	0	0	0	0	0	0	0	0	0	0	0
f2b8969e1f37fae0b35bdc4936ee56ca	0	0	6	17	0	0	0	0	0	0	0	0	0	0	0	0	0	0
3afa246cdd1f766ec6858e2639ea41dc	0	0	3	0	0	0	0	0	0	7	0	0	0	0	6	0	0	0
ad147709eae86a22a345584566e2021f	0	0	0	0	31	30	0	0	0	0	0	0	0	0	0	0	0	0
fe4e9823cb31f689bef5759894165b8a	0	0	4	0	0	0	0	0	0	5	0	0	0	1	0	0	0	0
6d3cbc23df253b4c4c3754f32a0b251d	0	0	0	0	14	7	9	14	9	0	0	0	0	0	6	0	0	0
0b3173c79492f9e1e068433a678f490d	0	0	0	0	0	0	0	0	0	9	0	5	0	15	6	0	0	14
29380108b168f99a59563c6828a63d30	0	0	0	0	0	0	0	0	0	9	18	11	9	0	0	0	0	0
9e48138bab513251a1f925e4d1d2e809	0	0	0	0	0	0	0	0	0	6	0	4	4	0	0	0	0	0
c300a008ee2498e3e8cac5b467ca5ec7	17	0	3	21	0	0	0	0	0	0	0	0	6	0	0	0	0	0
6c086d731b14a043d9c450030b6cb705	0	0	0	0	0	0	0	0	0	0	0	4	0	7	0	0	0	0
199dd0d7e1891fb8fe79e3cbe4c85866	0	0	0	0	30	23	0	21	0	0	0	0	0	0	0	0	0	0
9aad1a38f5e7905513a041d898b77eec	0	11	4	13	0	0	0	0	0	3	0	0	3	0	1	0	0	0
99168449070f030a02aaa5b526c6baaf	10	16	4	0	0	0	0	0	0	0	0	0	0	0	0	0	0	0
e353b545b39a699e5eab25190703663e	0	0	0	0	0	0	0	0	0	0	0	0	0	0	22	21	32	0
5c618015906f4049d30d9f445511457b	0	0	0	0	48	13	11	16	0	0	0	0	0	0	0	0	0	0
b14bb6fc9baba0b3995dedf1d4842733	0	0	0	0	0	20	35	0	0	0	0	0	0	0	0	0	0	0
ce632428903de8cef0ec2bdb8f9cbbd1	0	0	10	0	0	0	0	0	0	0	0	0	0	0	0	0	0	0
3a39f9c4177d78244a53b7cd3263f72b	0	0	0	0	0	0	0	0	0	0	0	14	28	0	0	0	0	0
6fcf4c5963fdbaed10903061fab5e5b0	0	23	3	0	0	0	0	0	0	0	0	0	0	0	0	0	0	0
01be8af1987f60ad417112ac8b935d89	0	0	6	32	0	0	0	0	0	0	0	0	0	0	0	0	0	0
b2d2d7051642c9211f84aa4ca7a640ef	0	0	0	0	0	8	0	0	0	0	0	0	0	0	0	0	0	0
93a86fcabb6b27ac9fee16f0af8989cb	0	0	0	0	0	0	0	0	0	10	0	14	0	28	0	0	0	7
8fc6dc30063cf719c92a1d166f003191	0	9	9	11	0	0	0	0	0	0	0	0	0	0	0	0	0	0
77188587c20a38c86bbbe6775d79b199	0	0	0	0	17	14	27	0	0	0	0	0	2	0	0	0	0	0
da33a7eb941c09cae7d63a1b0875e7b5	0	0	0	0	0	0	0	0	0	20	15	0	16	0	0	0	0	0
0a8da0ea325b96cbb3cb0e68d10d1139	0	0	0	0	0	0	0	0	0	3	0	0	0	0	0	0	0	0
a6d80bdeea9dc1b027b93fea03eeb880	0	0	6	0	0	0	0	0	0	0	0	0	0	0	0	0	0	0
b58f64fd21c6551486ad9e15bae1fa4c	0	0	0	0	0	0	0	0	12	8	0	19	12	0	0	0	0	0
867c8e82002372e27ad7141cc85596ff	0	0	0	0	0	0	0	0	0	0	0	0	0	0	4	0	5	0
e821a38fef4ce392a0eeed80a808a926	4	0	8	20	0	0	0	0	0	0	0	0	0	0	0	0	0	0
e9d7bdc5967041be5a9dcf4879766156	0	0	7	0	0	0	0	0	0	0	0	0	0	0	0	0	0	0
59bff2a23141f3b3f9f43b033a4071c7	0	0	11	0	0	0	0	0	0	0	0	0	0	0	0	0	0	0
263a7efa9429b4e63419726c858e38eb	0	0	3	14	0	0	0	0	0	0	0	0	0	0	0	0	0	0
b6b0402c859b75e3ae12cb7ba9d6cfc1	8	5	5	12	0	0	0	0	0	0	0	0	0	0	0	0	0	0
c75e04a9e27b06ce8a95f7ce33a83302	0	2	5	25	0	0	0	0	0	0	0	0	0	0	0	0	0	0
75d9730f7be2af69aa82b310a1a10be1	0	0	0	0	0	0	0	0	0	19	0	9	7	0	0	0	0	0
969f8d618902d39818a5370efcf6fc3d	0	0	0	0	0	0	0	0	0	0	0	15	0	14	8	0	11	0
467ad384ecdcecfdf249cf018be02970	0	7	0	0	0	0	0	0	0	0	10	9	0	17	8	0	0	3
2e9f43ae66a70ce92655493fb172f7e9	0	0	11	0	0	0	0	0	0	0	0	0	0	0	0	0	0	0
80c49e663c6098784430cf7a8db61113	0	7	5	0	0	0	0	0	0	0	0	0	0	0	0	0	0	0
f2f4efaa53f782a52116489cf80e846f	0	0	0	0	0	0	0	0	19	0	13	0	21	0	0	0	0	7
50bb1767c1d59a8c9502968fcc8300ce	8	13	4	0	0	0	0	0	0	0	0	0	0	0	0	0	0	0
0fcaeeb448aa0596eebf82397f6fc4a9	0	25	4	0	0	0	0	0	0	0	0	0	0	0	0	0	0	0
a63acc705f1ed165aa5f8b34b1cde02b	0	0	4	13	0	0	0	0	17	14	0	0	3	0	0	0	0	0
2523026d44b01bcf6cb1b0b7c3c8f985	0	0	0	0	0	0	0	0	19	0	9	10	0	5	15	0	0	0
0a7c096b4865e2cf1ff4cd5998fdc988	0	0	7	0	0	0	0	0	0	9	0	0	5	0	0	0	0	0
fd7ebaa43465793b9054b1b9d9a16dc3	0	0	3	0	0	0	0	0	0	0	0	0	0	0	0	0	0	0
1eda4af4c4097b78cfa4b62171e03456	0	0	0	0	0	0	0	0	0	0	0	0	0	0	8	21	0	0
791bfcfa8f3957b10a8fae67c2bdc138	23	0	1	21	0	0	0	0	0	0	0	0	0	0	0	0	0	0
747056235e400f9d03caf119c64a0dcd	0	6	5	0	0	0	0	0	0	0	5	0	0	0	0	0	0	0
796355a9613993136fd69379c3a576fa	0	12	3	20	0	0	0	0	0	0	0	0	0	0	0	0	0	0
55199109ffd73633464b30b0d685fa1e	0	0	4	22	0	0	0	0	0	0	0	0	0	0	0	0	0	0
9fe21e7a69cbf8b2c02479d60952072d	0	0	0	0	0	0	0	0	0	9	0	17	0	0	2	8	4	5
4277c3d656dbad508601952e70ed50d0	0	0	0	0	0	3	23	0	0	0	0	0	0	0	0	0	0	0
293a62c88e4492ab583624b89b3b1c71	0	0	0	0	0	0	0	0	21	16	15	0	0	0	8	0	0	0
cf51d03963a39242c46a9b39b00a0de1	0	14	3	9	0	0	0	0	0	0	0	0	0	0	0	0	0	0
401353a9efbc9d79b29e13a19514e061	0	0	1	15	0	0	0	0	0	0	0	0	0	0	0	0	0	0
7e13458b60fbf6d244298c3c869d123d	0	0	0	0	0	0	0	0	0	0	6	0	15	24	0	0	0	0
dbd82510acdb6bd44e7418c8e655d84d	0	0	0	0	0	5	0	0	0	0	0	0	0	0	0	8	0	0
8a6670e94a785afb960a4988ba43f036	15	7	3	11	0	0	0	0	0	0	0	0	0	0	0	0	0	0
a5d50dbe02743e38a252dd6b744337a9	18	17	1	16	0	0	0	0	0	0	0	0	0	0	0	0	0	0
3115d21fa10651d2d8cd938097291420	13	12	6	0	0	0	0	0	0	0	0	0	0	0	0	0	0	0
a40c16518e2edd12b726bb8f074b36cc	0	0	4	0	0	0	0	0	0	0	0	0	0	0	0	0	0	0
9b005fcaadb844b211471353b3cb31e0	0	0	5	30	0	0	0	0	0	0	0	15	0	0	0	0	0	0
7c34f8043c81436d15c3c63f593a1caa	0	0	0	0	0	0	0	0	0	10	0	0	0	0	0	0	0	0
78f1019dfd142a90ad147ee890c5870a	0	0	0	0	0	0	0	0	0	0	18	17	0	6	0	0	0	7
2010fab05b6d1202ed1e0e507c87c461	11	0	4	14	0	0	0	0	0	0	0	0	0	0	0	0	0	0
eeff5013d6068e2287f2293bbeb7b021	0	8	5	0	0	0	0	0	0	3	0	0	0	0	0	0	0	0
ac0672cdf77a15f8053f396655daf15d	0	0	0	0	0	0	0	0	10	4	0	0	9	0	7	0	0	13
fd6ed62b8099c8f4698124f8a04dd74a	0	0	0	0	0	0	0	0	0	12	12	9	7	0	0	0	0	0
edcad41b5e2a1111c4fece2a0f338fab	0	0	0	0	0	0	0	0	0	7	0	0	0	14	0	12	35	0
547570297f012e6a568dbcf2425c97c7	0	4	6	10	0	0	0	0	0	0	0	0	0	0	0	0	0	0
26a3c89452ab615023ddc5dc9a6857bf	0	0	2	0	0	0	0	0	0	0	0	0	0	0	0	0	0	0
57a309897ae25ae98b99c9386647ed9e	0	0	7	0	0	0	0	0	0	0	0	0	0	0	0	0	0	0
c01ac88ced0d81a9c0d9e250e290a6e7	0	0	3	0	0	0	0	0	0	0	0	0	0	0	0	0	0	0
b9d7cdfc45bb74ef1e3513485b5f8d6f	0	0	0	0	0	0	0	0	0	0	0	0	0	0	15	24	0	0
fa4f2f66de87768da8b2e7b2973e4192	0	0	0	0	0	0	0	0	0	0	0	0	0	0	12	32	13	0
4649317c859a3a349a664664464c30d0	0	0	0	0	0	0	0	0	0	0	0	0	0	0	0	17	18	48
ba85b9a6e591161c97f738ffae06c896	15	10	4	0	0	0	0	0	0	0	0	0	0	0	0	0	0	0
b06d2c2b8febff2bcf4909c2b2b90e4b	0	14	2	0	0	0	0	0	0	0	0	0	0	0	0	0	0	0
654c13b3f940cd5b31743ee5a69e0184	0	15	4	0	0	0	0	0	0	0	0	0	0	0	0	0	0	0
b55040d83344a1489fc2bf9d3719da75	0	0	4	14	0	0	0	0	0	0	0	0	0	0	0	0	0	0
32ccdae0f4a67d1603863788a661cc99	0	11	5	0	0	0	0	0	0	0	0	2	0	0	0	0	0	0
b932eb1e2048837a7caa01e9469a244f	0	0	4	15	0	0	0	0	0	0	0	0	0	0	0	0	0	0
c1f01c5f869c57222309263fb96f9e7a	0	0	0	0	0	0	0	0	18	5	0	7	10	10	0	0	0	0
c39fcc67a9ed75659f08e67dab64316b	0	0	0	0	0	0	0	0	14	0	8	0	10	8	0	0	0	0
5dc56b3330bfedd033f4a36951d4dbd0	25	5	1	15	0	0	0	0	0	0	0	0	0	0	0	0	0	0
e623309e53b6722fd50e5b3173719486	0	0	6	31	0	0	0	0	0	0	0	0	0	0	0	0	0	0
187f1bdba5556ea56dd271b573d3506a	0	0	1	0	0	0	0	0	0	0	0	0	0	0	11	0	0	0
2d68e6c3b1111f2f45dbbaa9f4e9d225	20	0	4	0	0	0	0	0	0	0	0	0	0	0	0	0	0	0
ebe4ad57b5e514580abcdb47c02c7351	0	0	0	0	0	0	0	0	0	15	15	14	0	0	6	0	0	0
02d787ad0bbd26d0127cccc361a3cbe1	0	0	0	0	0	0	0	0	0	0	0	0	0	0	7	0	16	32
0e575dff24f20c0bd0ed459cf3db41bb	16	10	0	11	0	0	0	0	0	0	0	0	0	0	0	0	0	0
8280a042c920cd5e0157a6852ea6d409	13	10	0	10	0	0	0	0	0	0	0	0	0	0	0	0	0	0
9ae355966e07b92cace31bae103a3fe0	0	0	0	0	0	0	0	0	0	0	0	0	0	0	19	32	0	0
5d434026295c13c034688f129004490e	0	0	0	0	0	0	0	0	22	13	21	0	0	0	0	0	0	0
52c7757c6dd664b75b4a284e24951896	16	0	5	0	0	0	0	0	0	0	0	0	0	0	0	0	0	0
7aa15009307004acf5877fab5f90ba88	0	12	4	0	0	0	0	0	0	5	7	0	0	0	1	0	0	0
94d4802aa05a82ec9ac3900f7ab7af30	0	0	3	0	0	0	0	0	0	0	0	7	0	18	0	0	0	0
d3d3c6a39b4297620c4c6ad4647f829b	0	0	0	0	0	4	0	0	0	0	0	0	0	0	0	29	0	36
74fea7e8e85db1452b8d1b66e390cb51	0	0	0	0	0	0	16	6	0	0	0	0	0	0	0	0	0	0
4bd8d16fd97707f649c6691af4792e12	0	0	3	21	0	0	0	0	0	0	0	0	0	0	0	0	0	0
f73d68d114eea1e3b3b6d36d04f0473b	0	0	4	0	0	0	0	0	0	0	19	0	0	0	0	0	0	0
82b0c9ea78a755afbcc35ed3d7eacce3	0	0	0	0	0	0	0	0	0	0	0	13	10	13	0	0	0	0
e016515cde9584eed326a3ba859e4a7a	0	0	0	0	7	10	28	0	0	0	0	0	0	0	0	0	0	0
8b0369878d22743c13b85f4fa3757a69	0	0	0	0	0	0	0	0	24	0	0	0	0	12	5	8	5	0
1dd130529b03ac45dd7c014c7cf0451b	0	12	6	0	0	0	0	0	0	0	0	0	0	0	0	0	0	0
68a86f8a21546a3dd6dac58f25961523	0	10	0	0	0	0	0	0	0	0	10	8	0	7	0	8	16	0
f067f67daa2d364ce53b9a876070edb4	0	4	4	0	0	0	0	0	0	0	0	0	0	0	0	0	0	0
9780b77e0b7569a3bde6e7c027b86861	0	29	4	0	0	0	0	0	0	0	0	0	0	0	0	0	0	0
d7ac8c39070807a53a709456dd0190ad	0	0	0	0	0	0	0	0	13	17	10	0	0	0	0	0	0	0
65e1c8bafc72e7a374d153cc479e2336	0	0	0	0	0	0	0	0	0	9	8	5	12	0	0	0	0	0
e65b3cd0199f8282718198f83c63d2ae	0	0	0	0	0	0	0	0	22	15	6	0	13	0	0	0	0	0
d66b31fa5e0c146311fe4c0e65544eb3	0	0	0	0	0	0	0	0	0	8	7	16	0	0	0	0	0	0
4eb370a33a33ea2ef2cb9fbac04de1c8	0	0	0	0	0	0	0	0	0	0	0	0	1	0	0	0	0	0
231763db81808c28186dea4a7d603b01	12	18	4	0	0	0	0	0	0	0	0	0	0	0	0	0	0	0
82eedcdab86ac28ccd50fd710322b36c	0	16	4	0	0	0	0	0	0	0	0	0	0	0	0	0	0	0
6ead74cc8aff265a3456a2d744acf5c2	0	0	7	0	0	0	0	0	0	0	0	0	0	0	0	0	0	0
8946584cf2b4b0e0861c7061a5fba244	32	0	0	0	0	0	4	0	0	0	0	0	0	0	0	0	0	0
48f98a994969d8e0b0fb65b42cf76ed9	0	0	7	0	0	0	0	0	0	0	0	0	0	0	0	0	0	0
97f1644efe851269dd934f6d12ce2a52	0	8	2	14	0	0	0	0	0	0	0	0	0	0	0	0	0	0
984a54b1c101cf43cc227fee9d9cb19f	0	0	1	0	0	0	0	0	0	0	0	0	0	0	0	0	0	0
1c81d915d937d51b1e09dd98659ea389	0	0	0	0	0	0	0	0	0	7	0	6	0	1	0	7	0	0
a3daf9db5637f08ef67de581c8126c13	0	0	2	26	0	0	0	0	0	0	0	0	0	0	0	0	0	0
850483cb30e5ea3a1d31e467d377cd81	0	10	5	0	0	0	0	0	0	0	0	0	0	0	0	0	0	0
f480cef007f6138f29fab90a847a8f58	0	0	7	0	0	0	0	0	0	0	0	0	0	0	0	0	0	0
7c78fcf1ebb2c141ad0304a6bde8815b	0	0	6	0	0	0	0	0	0	0	0	0	8	0	0	0	0	0
2fdddcda31e6b0e662826ca78d28f3d3	10	12	5	0	0	0	0	0	0	0	0	0	0	0	0	0	0	0
a4df88d07fafcf24acdefb005e419068	0	0	6	0	0	0	0	0	0	0	0	0	3	0	0	0	0	0
00cf4b1c103ab0c6be8748a354cba548	0	0	0	0	0	14	12	0	0	0	0	0	0	0	0	0	0	0
b4e7086d9a005ae6eeba3e22283b3a9a	0	0	0	0	0	0	0	0	0	18	13	0	0	0	0	0	0	0
cdc4b2f945627299e85b50f838de7bb5	11	7	4	0	0	0	0	0	0	0	0	0	0	0	0	0	0	0
fd073a5ff48fdc9814fd6a81d72af1c7	0	0	4	21	0	0	0	0	0	0	0	0	0	0	0	0	0	0
3738753b9ba5669deeeaa8baffa4336c	0	0	0	0	0	2	0	0	0	0	0	0	0	0	0	0	0	0
84cf97b68bc042409f64dc3ad835a330	0	0	0	0	0	0	0	0	0	3	7	3	0	0	0	19	0	0
048ac3327be7fa958c546c92b1161f28	9	6	5	0	0	0	0	0	0	0	0	0	0	0	0	0	0	0
865e3621e4c4fadaa0d842852b469c98	0	5	1	0	0	0	0	0	0	7	7	0	0	9	0	0	0	0
4caa2a809b0b4b3224343cc6e9fa95ec	0	0	4	0	0	0	0	0	0	0	0	9	0	0	0	0	0	0
8261d553782c18707e202da4aea47f24	0	0	6	0	0	0	0	0	0	0	0	0	0	0	0	0	0	0
294bfa077398ca1fa2bcef7c7e60eec1	0	0	0	0	0	0	0	0	23	0	20	0	12	0	0	0	0	0
d93dc36559a4046b0bd506fc35f07186	0	0	0	0	0	0	0	0	7	0	7	6	2	8	0	4	0	7
bbbb1470c45246f04648f8f806b79333	0	5	1	12	0	0	0	0	0	0	0	0	0	0	0	0	0	0
4e01530636dc84192b165991d788e48d	0	6	5	0	0	0	0	0	0	0	0	0	6	0	0	0	0	0
5d0540d816000798e47ec3861f22dfec	0	0	1	0	0	0	0	0	0	0	0	0	0	0	0	0	0	0
61487b26bd60aa0be80bcec36f0d614a	0	0	0	0	0	0	0	0	0	6	0	8	8	0	0	0	0	3
f33b4957cbd7748210df10033e6dd1a0	0	0	5	0	0	0	0	0	0	0	0	0	0	7	0	0	0	0
2f11f7d57640c419817b50c91f41fc0a	0	0	0	0	0	0	0	0	0	10	13	0	0	16	0	0	0	0
b00e8c205b9bdd56c4ddfa77ce500c1d	0	0	0	0	0	0	0	0	0	17	0	0	0	0	0	0	0	0
fe77611072fecc4406891bc218941622	19	0	3	0	0	0	0	0	0	0	0	0	0	0	0	0	0	0
a22601fd17fa5e7091a97e425a348506	0	14	1	0	0	0	0	0	0	0	0	0	0	0	0	0	0	0
6759914cbad8099a5eb40ac158e03581	0	0	1	0	0	0	0	0	0	0	14	0	0	6	0	0	0	0
4aa0efb744eec1e511c76de69ba6117a	0	0	0	0	21	15	0	0	0	0	0	0	0	0	0	0	0	0
e02d4b0407d945b9a5e33982a5489b70	0	0	0	0	0	0	0	0	0	17	0	0	0	18	0	0	0	0
0c7f6b8fb5427c17819cf3f55d6a293b	8	7	7	0	0	0	0	0	0	0	0	0	0	0	0	0	0	0
9ac93b0bae09482bf35d59b62f4975dc	0	0	1	0	0	0	0	0	0	0	0	0	0	0	0	0	0	0
b6b10091378b95b4734596ac132cc264	0	0	5	0	0	0	0	0	0	0	5	2	0	11	0	0	0	0
89a3c7806f41fcb0aca4bb718ea8e4a5	0	0	6	0	0	0	0	0	0	2	0	1	0	0	0	0	0	0
32199d8128a1ce0ac79308097c3f07d5	0	0	0	0	0	0	0	0	0	2	0	5	27	0	0	0	0	0
f1d416ff96af7d0d2206764e99ff0bc0	0	0	0	0	0	0	0	0	0	0	15	0	0	9	0	0	0	0
03baca4b4b0f56a8af205135833a6432	0	0	0	0	0	0	0	0	0	0	0	0	0	0	0	19	0	44
eca05acd0aa5a79c9245f167808c8b79	10	6	4	0	0	0	0	0	0	0	0	0	0	0	0	0	0	0
f5918daec149bd6a19f3357d7e4aeb8a	0	0	1	17	0	0	0	0	0	0	0	0	0	0	0	0	0	0
c2bbc52c7395ab352cff7c4cc8117f81	0	0	0	0	0	0	0	0	0	0	0	15	0	0	9	0	0	0
5aaa7c71fb38f19be595fff102d43236	0	0	0	0	0	0	0	0	0	0	0	0	18	0	6	18	0	0
8713c278cfa0c61d53ef52502c9586bd	0	5	5	0	0	0	0	0	0	0	0	0	0	0	0	0	0	0
a1f85f6d3582c989df8cf9413b79a344	0	0	6	0	0	0	0	0	0	0	0	0	0	0	0	0	0	0
ef27e526882398b443bb0b4b238265d9	0	0	0	0	0	0	0	0	0	9	12	0	0	23	0	0	0	0
825284dff66586a676f891e2ae1606d5	0	0	0	0	0	0	0	0	0	0	0	10	0	18	0	0	20	0
3a4694b30cb2b078c8017240ecee4989	0	0	0	0	0	0	0	0	0	0	0	0	0	0	17	9	0	13
324f22608a4dc4b7030ad7441b96b26e	0	9	1	0	0	0	0	0	0	0	0	0	0	0	0	0	0	0
9f493497bb183f4134fe4da5d88fe9fa	0	0	5	0	0	0	0	0	0	0	0	0	0	0	0	0	0	0
b60945c317ec881f2307f6a8097f3500	0	0	0	0	0	0	0	0	0	0	9	5	8	0	3	0	10	0
c84c3435f0ff4efe7c564219669fe1ae	0	0	0	0	0	0	0	0	0	0	0	13	12	0	0	0	0	0
d947bf77685edfc3ff46a2dd5c5362cc	0	5	2	8	0	0	0	0	0	0	0	0	0	0	0	0	0	0
461c7571b7f1f3d8056b64f91f7cc3a5	0	16	8	0	0	0	0	0	0	0	0	0	3	0	0	0	0	0
d236a0abc225d47c3b14866a489b5b41	0	0	11	0	0	0	0	0	0	0	0	0	0	0	0	0	0	0
7e6f385f09f4f9a042610228d3db5d29	0	0	0	0	0	0	0	0	0	0	7	6	0	16	0	0	0	0
f9d8a432ca8aeffb0c21d3644f7de621	0	0	0	0	0	0	0	0	0	0	0	0	0	0	7	0	24	0
803d56e295e6eade71286167f05f5ead	0	0	0	0	0	0	0	0	0	0	0	0	0	0	17	0	37	0
14cd891841b60a5a117cf8bfe7363e93	25	0	5	0	0	0	0	0	0	0	0	0	0	0	0	0	0	0
8ac8b7a27294a1f6b4bb9c468583acd0	0	7	4	0	0	0	0	0	0	0	0	0	0	0	0	0	0	0
e96932d6ed2f4e1ddf664015e6bd5c3e	0	0	0	0	0	0	0	0	0	8	0	0	17	0	0	0	0	0
14d032fe9a05051897a1aede74c2390d	0	0	0	0	0	0	0	0	0	0	0	0	24	18	0	0	0	0
8747bc64e0d6d2238f1b8bfee7d46a5d	0	0	5	0	0	0	0	0	0	0	0	0	0	0	0	0	0	0
bb06c839e540d72a2b5d42d9cfbad123	0	0	0	0	26	12	0	0	0	0	0	0	0	0	0	0	0	0
dddeacc07a8484b992c458aa4f314171	0	12	8	0	0	0	0	0	0	0	0	0	0	0	0	0	0	0
f56309dddfd5c695aca9f3fe4f71cd35	0	0	1	0	0	0	0	0	0	0	0	0	0	0	0	0	0	0
5f0741c9839b540edfbc84595316841c	0	0	3	0	0	0	0	0	0	0	0	0	0	0	0	0	0	0
58b99f99175b98f76a2136eccb6f51e9	0	0	0	0	0	0	0	0	7	4	8	0	8	4	3	0	0	0
d18a20f96a4ce970e0850460690723e4	0	0	0	0	0	0	0	0	0	0	1	0	5	0	7	0	7	8
2043f83362e93cdc3b35b5a8b2ae4f0e	0	0	0	0	0	0	0	0	0	0	0	0	0	0	0	4	0	0
067b8f55ab2dce1ab552c969583a3e63	12	0	3	0	0	0	0	0	0	0	0	0	0	0	0	0	0	0
f8280249d2a41d36047852c7033ddd5e	5	0	7	0	0	0	0	0	0	0	0	0	0	0	0	0	0	0
5e138be33a4c919f43337ba28df89be7	0	0	0	0	0	0	0	0	0	0	0	0	0	0	8	9	0	0
6c086fbe9ba9eeb7da186501becd7302	0	7	4	16	0	0	0	0	0	0	0	0	0	0	0	0	0	0
34464266d3c7cf45ce7f4b2d4d265af9	0	0	7	0	0	0	0	0	0	0	0	0	0	0	0	0	0	0
e38ac578c7d5d3e416726ac92c174aad	0	0	4	0	0	0	0	0	0	6	0	0	0	0	0	0	0	0
241b5b0c432c60b82fbcf87121451215	0	0	0	0	0	0	0	0	9	0	11	9	8	0	0	0	0	0
d568524803774ec369d488966086abc9	0	0	0	0	0	0	0	0	0	12	17	0	0	5	0	0	0	0
5713f881d50d6a237f2778afe848fa2c	0	0	7	15	0	0	0	0	0	0	0	0	0	0	0	0	0	0
1e06bfb6a07ee7976bbe7c1a4537c8b8	0	0	0	0	0	0	0	0	0	3	9	4	8	0	0	0	0	0
e3b7af695d5de622efb465de92ac8c3c	16	11	2	0	0	0	0	0	0	0	0	0	0	0	0	0	0	0
dd699c63ad8a67d22d68c662bd9c4a72	0	7	2	0	0	0	0	0	0	7	0	0	0	0	0	0	0	0
aae15bea818e4868ed021f268257f714	0	24	4	0	0	0	0	0	0	0	0	0	0	0	0	0	0	0
8865d562be5820c642f1eab97d0ff579	0	22	2	0	0	0	0	0	0	0	0	0	0	0	0	0	0	0
cb828e0459f64b8ed2e44a711f5ba699	0	0	5	0	0	0	0	0	0	0	0	0	0	0	0	0	0	0
6842aaf71197c5e114256359cb82f364	0	0	0	0	0	0	0	0	0	0	0	22	0	0	0	0	0	0
20ca3642e4059f08329cfa723428eae7	32	0	5	21	0	0	0	0	0	0	0	0	0	0	0	0	0	0
07dfb968afc824e3d46cb1012b2e77ad	0	0	2	0	0	0	0	0	0	0	0	0	0	0	0	0	0	0
1456857bcd30fa4074aaf9849ccb54b5	0	0	0	0	0	0	0	0	0	0	0	2	0	0	10	0	19	11
7e32b48ed6066e8b994dec4c66adcc8e	13	0	1	0	0	0	0	0	0	0	0	0	0	0	0	0	0	0
ba8897b5ea6590f7cef0925a4b93638f	0	0	9	0	0	0	0	0	0	0	0	0	0	0	0	0	0	0
1d51a8eead19f1a6fa4be11f9eaa3ef3	0	0	5	16	0	0	0	0	0	0	0	0	0	0	0	0	0	0
533b45fa0e35725939747bd140d4b0b2	0	0	0	0	0	0	0	0	0	0	0	7	10	0	8	0	0	0
73690794ec21c50e87195c38b33002b0	0	0	0	0	0	0	0	0	0	0	0	0	0	0	0	0	16	33
5356b6998d4cf07e7220ce54217a1b6e	0	6	1	0	0	0	0	0	0	0	0	0	0	0	0	0	0	0
2103ef42f8f532d47c93ceba7a85900c	0	0	4	0	0	0	0	0	0	0	0	0	0	0	0	0	0	0
3a71b654c1a619d21a264065b7a5f30e	0	0	0	0	0	0	0	0	18	13	0	0	10	0	0	0	0	0
bfbc34581e7943c075c94b1d01a31f7c	0	0	0	0	0	0	0	0	7	7	5	6	4	0	2	0	0	0
4816e0b6346dd0446dfccedf52f10ead	0	0	0	0	0	0	0	0	0	0	0	14	12	0	0	0	0	0
3699259cb5ebf40acc6038c047ba261f	0	0	5	0	0	0	0	0	0	0	0	0	0	0	0	0	0	0
92d8101e42a3a5cc9689a6794a29addd	0	0	4	0	0	0	0	0	0	0	10	0	0	0	0	0	0	0
82b0ba52c3aadf86edeed11899e9e9a7	0	13	4	0	0	0	0	0	0	0	0	0	0	0	0	0	0	0
721d5f35f9d4f3d915708c954823c762	0	19	1	0	0	0	0	0	0	0	0	0	0	0	0	0	0	0
3190e41bb3c4c317f4d47d8026ac6c15	0	0	2	0	0	0	0	0	0	0	0	12	6	0	0	0	0	0
0b992d2b589f3a63e38315ed14cfa14f	0	0	0	0	0	0	0	13	9	2	0	0	0	0	0	0	0	0
5075f97ca30c7a2ad51dce9b71fb123f	0	0	0	0	0	0	0	0	0	5	6	2	0	0	1	0	0	0
c097efd4e31450c4fba055eafc97aa73	0	0	0	0	0	0	0	0	0	0	0	4	0	0	6	0	0	11
398756ad23aa681446c7dc433f8be495	0	6	3	11	0	0	0	0	0	0	0	0	0	0	0	0	0	0
4f23e31856db4ccf7e2fa1cf1ed86acd	0	0	0	0	0	0	0	0	0	8	3	0	12	0	0	0	0	0
cc19f635c599984079daa28c482d4495	0	0	0	0	0	0	0	0	0	2	0	7	0	0	7	0	19	0
ef4b56afdf1f7ad9192f70e628a6fdc6	0	0	0	0	0	0	0	0	0	5	0	0	0	8	0	0	0	0
5a5ede8fd7887a0095c47cfd5d2715be	24	0	1	0	0	0	0	0	0	0	0	0	0	0	0	0	0	0
c9430000e6861f12e84519262f5a0555	0	7	4	0	0	0	0	0	0	0	0	0	0	0	0	0	0	0
9cef21e9e838841d05c8ecaa62e09be6	0	0	5	0	0	0	0	0	0	0	0	0	0	0	0	0	0	0
56869deafa2b8bd3f16e382d80a6ef8e	0	0	5	0	0	0	0	0	0	0	0	0	0	0	0	0	0	0
8b9a51767695e42828b1b10880f50981	0	0	5	0	0	0	0	0	0	0	0	0	0	0	0	0	0	0
cf6e391f00b173f47f65f1f5c7c0dd19	0	0	0	0	0	0	0	0	0	0	0	0	0	0	0	0	0	0
04f1abacf695ff02e5059988d1658595	0	0	0	0	0	0	0	0	5	4	0	9	0	7	5	0	0	4
a2ce36f5827e6464508eba1baaeb792b	0	0	0	0	0	0	0	0	0	0	0	0	11	22	0	0	0	8
4dde23d7ac637765b06ac590a56d24e5	0	3	3	15	0	0	0	0	0	0	0	0	0	0	0	0	0	0
7549f7107aa6250c38956dae72e1e09e	0	0	2	19	0	0	0	0	0	0	0	0	0	0	0	0	0	0
a082ae44f487a52d415a0e6ac767e9f5	0	0	0	0	0	0	0	0	0	10	0	0	0	13	4	0	0	0
38e0758eb38c754f4aa0fbc198f7645e	0	0	0	0	0	0	0	0	0	0	0	0	5	5	0	0	0	0
87657f7e51e317efbdf058b2c37d1874	16	0	0	0	0	0	0	0	0	0	0	0	0	0	0	0	0	0
bc76226bebb4aadc2890baf17e143308	0	6	5	0	0	0	0	0	0	0	0	0	0	0	0	0	0	0
4c1b0d7071cc0e1e82e29475175f7dea	0	0	5	0	0	0	0	0	0	0	0	0	0	0	0	0	0	0
d0718ea07afdf75bdfd7a40e29dc9d5a	0	0	2	16	0	0	0	0	0	0	0	0	0	0	0	0	0	0
ff76115b289fc0e2efa76354f452eee3	0	0	4	17	0	0	0	0	0	0	0	0	0	0	0	0	0	0
8700b08e1304116e667095e77dad3de9	0	0	5	0	0	0	0	0	0	0	0	0	0	5	0	0	0	0
24d123ac3824c24a128c1e0776687e3b	0	0	0	0	0	0	0	0	22	0	0	6	0	10	0	0	0	0
a1408d4ff07207b6ee0f88fabcf1cd48	0	0	0	0	0	0	0	0	0	7	6	0	0	12	0	0	0	0
140a1a2e121b9345b6e31f7fccc6593c	0	0	0	0	0	0	0	0	0	7	0	5	0	6	4	0	0	0
b6ad89e1cf3fa20c4bd21e7439d3dd43	0	0	0	0	0	0	0	0	0	7	0	0	14	0	0	5	0	0
52106b3b279055812986590fca5acd59	0	0	0	0	0	0	0	0	0	0	0	0	0	0	0	10	0	40
3f97cd2a2e7bcacfd902c03aea5d9d80	21	0	5	0	0	0	0	0	0	0	0	0	0	0	0	0	0	0
37f1feeeffde0683f7aa8c24cc3d1092	0	0	5	0	0	0	0	0	0	0	0	0	0	0	0	0	0	0
2b27237817157f82328111118e914eb6	0	9	1	12	0	0	0	0	0	0	0	0	0	0	0	0	0	0
a088cd0cb8cc205a1fa62cecabbe7b9a	0	0	4	0	0	0	0	0	0	0	0	0	0	0	0	0	0	0
52722022b90486bd231962699322431a	0	0	0	0	0	0	0	0	7	5	0	9	7	0	0	0	0	0
10766a8452b3b979bbca139e049bddc8	0	0	0	0	0	0	0	0	0	16	12	0	0	0	0	0	0	0
b1eacc3f15cdd3639c2e55a36c098ca1	0	0	0	0	0	0	0	0	0	0	0	0	3	0	7	11	0	11
1ce29447625ff9bcfa2eaae74bfab89c	0	0	0	0	0	0	0	0	0	0	0	0	0	0	15	0	0	0
990719cca85b009b282b48ea2c5e5a8d	0	0	0	0	0	0	0	0	0	0	0	0	0	0	0	0	7	0
e9c984cb7b86d395fb88fb00b71a2ff5	0	0	6	0	0	0	0	0	0	0	0	0	0	0	0	0	0	0
8a1eb8c95f8f36fe8ab80a4447e28897	0	0	5	0	0	7	0	0	0	0	0	0	0	0	0	0	0	0
19c36399f57789fd15f62108a91f8e7b	0	0	4	0	0	0	0	0	0	0	0	0	0	0	0	0	0	0
2f2aae4973a2ccb09e615d066c9a96fd	0	0	0	0	18	12	9	0	0	0	0	0	0	0	0	0	0	0
551c0e5e7900348f46f7be5650ceb2b0	0	0	0	0	0	0	0	0	0	0	10	12	0	11	0	0	0	0
b3e31a9f63da765e9d3d974fa896c826	0	0	0	0	0	0	0	0	0	0	0	15	12	0	0	0	0	0
1f4c7f597c125dc98ff75ac1842a03ce	0	7	0	0	0	0	0	0	7	0	0	3	0	0	0	0	5	0
bffb44dbe8e29cee5a01d126fd53169f	0	0	6	0	0	0	0	0	0	0	0	0	0	0	0	0	0	0
c086c15c95798b8ccbe541e2ccb2b0e4	0	0	0	0	0	0	0	0	0	4	0	0	0	0	0	0	0	25
7e7e7c2b18b4cee6dfd02627a6778ea4	9	6	1	0	0	0	0	0	0	0	0	0	0	0	0	0	0	0
680218fa3ad309215954ed06cc127fa9	0	11	2	0	0	0	0	0	0	0	0	0	0	0	0	0	0	0
0915b8a90ebd6c877286c5a65e5cfcbd	0	0	2	0	0	0	0	0	0	0	0	0	0	0	0	0	0	0
eb4c875751ceb3c6af9da22916edda60	0	0	0	0	0	0	0	0	6	5	0	0	6	0	0	0	0	0
b4d140ffbb66b6a845c13a4d8457cdf7	0	0	0	0	0	0	0	0	0	0	12	0	8	5	0	0	0	0
9c4ce3ab8489b41713d7b1462eecee59	6	7	1	0	0	0	0	0	0	0	0	0	0	0	0	0	0	0
610ad844826e1e79a3217cf3f63c290b	0	7	1	0	0	0	0	0	0	0	0	0	0	0	0	0	0	0
ae584fc57b42824672e136ee697f7b63	0	0	4	0	0	0	0	0	0	0	0	0	0	0	0	0	0	0
948d46713988f7ab263d4046b75d4fca	0	0	0	0	0	0	0	0	0	5	0	2	4	0	0	0	0	0
af76a7255c71a0b6baa46398eb165b2a	0	0	0	0	0	0	0	0	0	10	0	0	0	9	0	3	0	0
0822de1195ad16092c8ec5052fdd28d2	0	0	0	0	0	0	0	0	0	0	0	9	7	0	0	0	0	0
535e13058273311710bdb1530f306fd9	0	0	0	0	0	0	0	0	0	0	0	0	0	0	8	0	0	0
862d8391b6796e540c957d6b31e99dd7	0	0	2	0	0	0	0	0	0	0	0	0	0	0	0	0	0	0
4e688077d99b03ba1369bf6bd403cb18	0	0	5	6	0	0	0	0	0	0	0	0	0	0	0	0	0	0
11f1b270e70c3fbfc54b1828747ae0c6	0	0	2	0	0	0	0	0	0	0	0	0	0	0	0	0	0	0
ddde0a5c662e5cd6838186d96c8c4d34	0	0	0	0	0	0	0	0	11	8	11	0	0	0	0	4	0	0
203c05a68d1991141bb337578fe834ff	0	0	0	0	0	0	0	0	0	0	0	0	13	0	0	0	0	0
734b31e8fe39bdcff0202cdbaa439d77	0	7	4	0	0	0	0	0	0	0	0	0	0	0	0	0	0	0
cb18df43a30ca00ddca5075fb46885ec	0	0	3	0	0	0	0	0	3	0	0	0	0	0	0	0	0	0
0a3c9503785e56e291f9579ac2a413a6	0	0	0	0	0	0	0	0	0	0	0	6	6	7	0	0	7	0
a85a8041b239bcec2663a1568f34d33c	0	0	0	0	0	0	0	0	0	0	0	10	0	0	7	0	0	0
3494841c24c171dfada3a6425a259c51	0	7	3	0	0	0	0	0	0	0	0	0	0	0	0	0	0	0
7a8a43e6d3221e60e23855bcfa19fb1a	0	5	7	0	0	0	0	0	0	0	0	0	0	0	0	0	0	0
ed8cd5b9b3401723b6e273cfdcb8db2e	0	0	2	0	0	0	0	0	0	0	0	0	0	0	0	0	0	0
c69d2581cc818c51e740fdd5a4a75f9a	0	0	1	0	0	0	0	0	0	0	0	0	0	0	0	0	0	0
d701428f37263d955e312b8eae101c46	0	0	0	0	0	0	0	0	0	0	15	0	0	10	2	0	0	0
ae8227fe838885c2d1a6c89da0f7e196	0	0	0	0	0	0	0	0	0	0	0	14	13	0	0	0	0	0
07fbb04b2fea01134433ef06b4e01fbf	0	0	0	7	0	0	0	0	0	0	0	0	0	0	0	0	0	0
9492c6c084147d6f23fac0ac1e869621	0	3	3	0	0	0	0	0	0	0	0	0	0	0	0	0	0	0
260f66ad3eecd150cd75e44bc6e8cd7b	0	0	2	0	0	0	0	0	0	0	0	0	0	0	0	0	0	0
8e6885caa83e15f780b7df5f6cf1b5a1	0	0	3	0	0	0	0	0	0	0	0	0	0	0	0	0	0	0
66815bedd54b049830e6352fe511ec98	0	0	4	0	0	0	0	0	0	0	0	0	0	0	0	0	0	0
9ec8b3c3affb7006bc0afc47a59a417a	0	0	0	0	0	0	0	0	0	6	0	0	18	0	1	0	0	0
4f8874201af5d3073184c44bed015e9a	0	0	2	0	0	0	0	0	0	0	0	0	0	0	0	0	0	0
3faed303d2cee4b02384f65f8fed1bbd	0	0	5	0	0	0	0	0	0	0	0	0	0	0	0	0	0	0
bc94e56103c875ecf9a7ca2feebadcb3	0	0	0	0	0	0	0	0	17	0	0	10	0	0	0	0	0	0
3ea44e0381e865e8451337f09c48d87a	0	0	0	0	0	0	0	0	0	7	0	5	0	8	0	0	0	0
ae40a2b3f88797bb62c6908f678d9864	0	0	0	0	0	0	0	0	0	0	8	3	0	9	0	0	0	0
b737ea685ca92c7f4c62076da7253071	0	0	3	16	0	0	0	0	0	0	0	0	0	0	0	0	0	0
4d723a419c4f0439dbe1d8c311134eed	0	0	8	0	0	0	0	0	0	0	0	0	0	0	0	0	0	0
95c2dcd5fbdd0cb5040cbd129c4f09a6	0	0	3	0	11	0	0	0	0	0	0	0	0	0	0	0	0	0
279af1639f583d67983b3e83855b94df	0	0	2	0	0	0	0	0	0	0	0	0	0	0	0	0	0	0
d050cd6d7066d078aa081d7e13d1065a	0	0	5	0	0	0	0	0	0	0	0	0	0	0	0	0	0	0
10990221edf01b6a643ece13867580f1	0	0	0	0	0	0	0	0	0	5	7	0	0	4	0	7	0	0
63537e7eb768bb123e2671efd854b71d	0	0	0	0	0	0	0	0	0	0	0	1	0	0	0	0	0	0
c137f46913f90244e6a5abdce6628f78	0	0	0	0	0	0	0	0	0	0	0	0	0	0	13	0	26	0
c8c906b168aebc06cb39c60b7372c6c9	0	0	4	0	0	0	0	0	0	0	0	0	0	0	0	0	0	0
a60ed2f373fbd3495aed6537da0c58be	0	0	0	0	0	0	0	0	0	0	0	0	0	0	7	0	0	0
b8bccb68a9dccbf413b475b6c2e95cd7	10	0	4	0	0	0	0	0	0	0	0	0	0	0	0	0	0	0
cc849a6c028995358c6e6c800f217d8f	0	0	4	0	0	0	0	0	0	0	0	0	0	0	0	0	0	0
089c45a0df238c66dc4075fb4e94639d	0	0	3	7	0	0	0	0	0	0	0	0	0	0	0	0	0	0
3cdb94f5f93941a97cccaa20be6f9a6d	0	0	7	0	0	0	0	0	0	0	0	0	0	0	0	0	0	0
32fc2cd25aa55328928bee9714317875	0	0	2	0	0	0	0	0	0	0	0	0	0	0	0	0	0	0
dc9262977093223d94756040b0d4b42a	0	0	0	0	0	0	0	0	0	0	7	0	0	0	0	0	0	3
a6d414612f60b3615ab75346f5709023	0	0	0	0	0	0	0	0	0	0	0	0	0	0	15	0	0	0
ce297fa515d3821e9a6434dca843d504	0	6	4	0	0	0	0	0	0	0	0	0	0	0	0	0	0	0
5f1ea516c550e904bc2615c5cb9e0b24	0	0	0	0	0	0	0	0	0	9	6	0	0	0	4	0	0	0
b01ccee256718b144f6b00048170c656	0	0	0	0	0	0	0	0	0	6	0	0	0	0	12	0	0	0
23ba0fc96b2afd0af4d1d3bd93cd85b6	0	0	0	0	0	0	0	0	0	0	0	0	0	0	0	23	0	0
4dd0e6f988d1ed3c120185c232ca5f37	0	0	6	0	0	0	0	0	0	0	0	0	0	0	0	0	0	0
d271300e29ba1d516769eafbf929478f	0	0	5	0	0	0	0	0	0	0	0	0	0	0	0	0	0	0
49cc7dae29817e26efed29b355e60fc7	0	0	2	0	0	0	0	0	0	0	0	0	0	0	0	0	0	0
e3b045003f11dc01a71e0c63c2347bde	0	0	0	0	0	0	0	0	0	0	0	0	0	0	9	9	0	0
bd60f6656c25fd4345a8696fd37e7c4a	28	19	0	0	0	0	0	0	0	0	0	0	0	0	0	0	0	0
fb5391af5158f1444aebdcc02219c4c4	0	5	3	5	0	0	0	0	0	0	0	0	0	0	0	0	0	0
01a2c62bd93ce5cceb755fc61586f4d4	0	14	4	0	0	0	0	0	0	0	0	0	0	0	0	0	0	0
dc8366c64b59e21bbe570aed52602deb	0	8	2	0	0	0	0	0	0	0	0	0	0	0	0	0	0	0
c330201199a9731c7d8d3ee7c2e2fddc	0	0	2	0	0	0	0	0	0	0	0	0	0	0	0	0	0	0
bff51cf295e0c37bec7c46170593bd3c	0	0	0	0	0	0	0	0	0	0	0	1	0	0	0	0	0	0
605c8213fefe7eefa8818705843ed613	0	0	7	0	0	0	0	0	0	0	0	0	0	0	0	0	0	0
1ef360c35562d71f6615ba38de23e012	0	0	0	0	0	0	0	0	0	0	0	0	0	0	0	0	0	0
d1db744d5282d38bd090945b23a31901	0	0	0	0	0	0	0	0	0	0	0	11	0	13	0	0	0	0
b3a9d8189d39f93b908e2c53f29b350c	0	0	0	0	0	0	0	0	0	0	0	0	0	18	6	0	0	0
dcc9710c70f3ec3fd28325890d942d65	0	0	1	0	0	0	0	0	0	1	0	0	0	0	0	0	0	0
9c5eeed952bda5dd038e41a36aa9f0c4	0	0	0	0	18	10	0	0	0	0	0	0	0	0	0	0	0	0
1c19a5250f0e4b0409254537b81e5050	0	0	0	0	0	0	0	0	15	6	0	0	5	0	0	0	0	0
60a3baaa10a3f2a1f19950276e3809fb	7	0	0	0	0	0	1	0	5	0	0	0	0	8	0	0	0	0
ebd0a3c2080ff3d1611e3ca11af46d3e	7	0	3	0	0	0	0	0	0	0	0	0	0	0	0	0	0	0
702c6c63490ee45297ffba385e8b2f26	0	0	3	0	0	0	0	0	0	0	0	0	0	0	0	0	0	0
bbe9c0c6ad5d850c0714ea255abb3c1c	0	0	0	0	0	0	0	0	6	5	5	4	5	0	0	0	0	0
2db3f8511ef3ba4f985609694876d2ab	0	0	0	0	0	0	0	0	0	6	5	5	0	0	0	0	0	0
85043879f108711375b72fd49c8c9e80	0	0	0	0	0	0	0	0	0	6	5	0	8	0	0	0	0	0
c1b9bdd77abf9d625657ae1e562d898b	0	0	0	0	0	0	0	0	0	0	5	0	0	0	0	0	15	7
5ec62409c235aad074d96f36c0db50e6	0	0	0	0	0	0	0	0	0	0	0	5	9	0	0	0	0	0
c8b6db7ad0828129ea882902effa817d	8	4	4	0	0	0	0	0	0	0	0	0	0	0	0	0	0	0
c5096a00f824396ab3798877732ca406	0	0	7	0	0	0	0	0	0	0	0	0	0	0	0	0	0	0
0c7161ecc1b0aa0389c935448e2f6bce	0	0	1	0	0	0	0	0	0	0	0	0	0	0	0	0	0	0
091c0346131c9e897742ca8580215c7e	0	0	2	0	0	0	0	0	0	0	0	0	0	0	0	0	0	0
1330b04238e73b92813f6ef770a1302f	0	0	8	0	0	0	0	0	0	0	0	0	0	0	0	0	0	0
d9315c16565215637b5534a29bf99723	0	0	1	0	0	0	0	0	0	0	0	0	0	0	0	0	0	0
146a6467fbec19b4fe6f588eaa0290cc	0	0	6	4	0	0	0	0	0	0	0	0	0	0	0	0	0	0
1427822948d58ecea6b311b91e410c9f	0	0	5	0	0	0	0	0	0	0	0	0	0	0	0	0	0	0
11ecf31b6ed97eba106b8d547ab9ad51	0	0	0	0	0	0	0	0	12	0	0	6	0	0	8	0	0	0
3cbc6fb0237e4dff29c6a65077102068	0	0	0	0	0	0	0	0	0	0	0	0	0	0	10	5	6	6
b6fe950bacf7ad65967c42188e26718f	0	6	0	8	0	0	0	0	0	0	0	0	0	0	0	0	0	0
cbffbb73532f8ae80494a8f42382a3c7	0	10	2	0	0	0	0	0	0	0	0	0	0	0	0	0	0	0
07726004514d2cf9fef45e39bb62f826	0	0	4	0	0	0	0	0	0	0	0	0	0	0	0	0	0	0
a11a31868b3c0e3edc7ba1572bf838ab	0	0	5	0	0	0	0	0	0	0	0	0	0	0	0	0	0	0
d38aeea40806ff90eda73099e2bc6d8d	0	0	0	0	0	0	0	0	0	0	0	4	9	0	0	0	0	0
4ff73128ed5ba31ccbe70601411ae79c	0	0	0	0	0	0	0	0	0	0	0	0	0	0	0	20	0	8
96d9f5b2996db9b26a3c34b01b8248bd	0	8	1	0	0	0	0	0	0	0	0	0	0	0	0	0	0	0
0d39ab621772835880f20bec28c88696	0	4	1	0	0	0	0	0	0	0	0	0	0	0	0	0	0	0
f109783db49e9cc76b8a0048117c141c	0	0	3	5	0	0	0	0	0	0	0	0	0	0	0	0	0	0
191f9199c6ce4659bd5f3b62aeb3767e	0	0	4	0	0	0	0	0	0	0	0	3	0	0	0	0	0	0
32572917dfc2ae5a87aef7620f6e359b	0	0	1	0	0	0	0	0	0	0	0	0	0	0	0	0	0	0
f656a5eacc8e8c8b6d1079286b41f397	0	0	1	0	0	0	0	0	0	0	0	0	0	0	0	0	0	0
b7849532898a39deeab7ea3a989e3283	0	0	0	0	0	0	0	0	0	0	0	11	0	8	0	0	0	0
66f1789cea1b4695fb10081d33c59f78	0	0	0	0	0	0	0	0	0	0	0	0	15	0	5	0	0	0
ddfb5f44b53dcf6daa67da8711b43be3	0	0	0	0	0	0	0	0	0	0	0	0	0	0	0	0	12	0
adec61431783aa2021d9a30182d35898	0	0	4	7	0	0	0	0	0	0	0	0	0	0	0	0	0	0
0a8aa76e39d0ae78eb2f628a44071b60	0	0	2	0	0	0	0	0	0	0	0	0	0	0	0	0	0	0
06fafa8c5e40159e7eda2eebe8bb14b6	0	0	5	0	0	0	0	0	0	0	0	0	0	0	0	0	0	0
b34d62d5cca1bbc2b4c5f9686b684464	0	0	1	0	0	0	0	0	0	0	0	0	0	0	0	0	0	0
a3e96bb38365600b5bc68fa9af4b12aa	0	0	4	0	0	0	0	0	0	0	0	0	0	0	0	0	0	0
7770880baaa6d6204e33e992dcf0ab47	0	0	0	0	0	0	14	13	0	0	0	0	0	0	0	0	0	0
f90b014fd576b08b23627256dde69e72	0	0	0	0	0	0	0	0	0	4	0	0	5	0	0	0	0	0
94a2d6da4ae3ee31affc162863c666fa	0	0	0	0	0	0	0	0	0	0	0	9	0	9	0	0	0	0
1a8e660d229836cb825642a65ba55dde	0	0	0	0	0	0	0	0	0	0	0	0	0	0	0	0	18	17
2c0edc62abfd5382ee822e88d9153068	10	0	1	0	0	0	0	0	0	0	0	0	0	0	0	0	0	0
4e99784874910559e8091e21646b589b	0	7	3	0	0	0	0	0	0	0	0	0	0	0	0	0	0	0
31acf8ca46583e2b278e5162f9de1494	0	0	2	0	0	0	0	0	0	0	0	0	0	0	0	0	0	0
7b51b9aef86588de92075a3b7c4211b7	0	0	3	0	0	0	0	0	0	0	0	0	0	0	0	0	0	0
f662b5557d9d88bc9b5a3c46a2c6a5da	0	0	7	0	0	0	0	0	0	0	0	0	0	0	0	0	0	0
2ebe7dcb0e31c10e0b05c8bd25a631d2	0	0	4	0	0	0	0	0	0	0	0	0	0	0	0	0	0	0
91404b3ac328ce53bb52b1b902a5f87b	0	0	0	0	0	11	9	0	0	0	0	0	0	0	0	0	0	0
f69ca25fcaff75499e3a0a3de976251e	0	0	0	0	0	0	0	0	6	2	6	0	0	7	0	0	4	0
b82b8956ce20f64e4a0d9f69988af144	0	0	0	0	0	0	0	0	0	0	4	2	7	0	0	0	0	3
6a4ec845ea8961c1c4457dc92855267d	0	27	0	0	0	0	0	0	0	0	0	0	0	0	0	0	0	0
dabd2d4a07ccc2259e2ce042ed971c48	0	9	2	0	0	0	0	0	0	0	0	0	0	0	0	0	0	0
c5f1cf4d9d82de14bb213ed13bdc049e	0	0	3	0	0	0	0	0	0	0	0	0	0	0	0	0	0	0
df1edc06d7b30b6d86fcb89fed22e755	0	0	0	0	0	0	0	0	6	6	0	0	0	0	3	0	0	0
febe70ace0797ca6ca1b0d260c3f26f7	0	0	0	0	0	0	0	0	0	0	17	0	0	10	2	0	0	0
c9079a05937f0caf2b670991f9bb81b1	0	0	1	0	0	0	0	0	0	0	0	0	0	0	0	0	0	0
c115ed019c6242af047ba814daa4ff40	0	0	4	0	0	0	0	0	0	0	0	0	0	0	0	0	0	0
b360eb8f9bf9e36d32cae0b48a6232c3	0	0	6	0	0	0	0	0	0	0	0	0	0	0	0	0	0	0
9ab8bbfb2651071e2b0834afcc2941f9	0	0	2	0	0	0	0	0	0	0	0	0	0	10	0	0	0	0
8137357bb73992ba54e97c5e7d31c201	0	0	0	29	0	0	0	16	0	0	0	0	0	0	0	0	0	0
b7071518d20361f19752ad84f8486037	0	0	0	0	0	0	0	0	0	0	0	10	0	15	0	0	0	0
b57712643479b8089fa4c8b7c29feff7	0	0	0	0	0	0	0	0	0	0	0	0	4	0	0	0	24	0
3db62abcd2694403f0aebe2eaf274536	0	0	0	0	0	0	0	0	0	0	0	0	0	11	8	7	0	0
06dbc72906736e3059704bf23e9979be	0	4	1	0	0	0	0	0	0	0	0	0	0	0	0	0	0	0
f7dd6a0def21f6221cf52d521b09e71c	0	3	2	0	0	0	0	0	0	0	0	0	0	0	0	0	0	0
cdbbc9973dcbf473c0514f17e448071d	0	0	4	0	0	0	0	0	0	0	0	0	0	0	0	0	0	0
0234e14a2797006a6fefa0345a5b3188	0	0	4	0	0	0	0	0	0	0	0	0	0	0	0	0	0	0
20dba61481540a8d7e9740f2dda845cc	0	0	5	0	0	0	0	0	0	0	0	0	0	0	0	0	0	0
e4fb64f2a0ea5b682f22f8786c3595fc	0	0	1	0	0	0	0	0	0	0	0	0	0	0	0	0	0	0
27a2b3eeda17354c5d536999b36d64f4	0	0	4	0	0	0	0	0	0	0	0	0	0	0	0	0	0	0
beddff8850d6e2d01b9693aba68366fc	0	0	5	0	0	0	0	0	0	0	0	0	0	0	0	0	0	0
77b0af85cabb76bde30dc657cd331ba7	0	0	1	0	0	0	0	0	0	0	0	0	0	0	0	0	0	0
c55f0b2b1d1431e3278f845b59ee31b2	0	0	4	0	0	0	0	0	0	0	0	0	0	0	0	0	0	0
ea48c0915d200027a0ac5ab181aaa965	0	0	3	0	0	0	0	0	0	0	0	0	0	0	0	0	0	0
aeb21303507f1db6a00794316a7f3089	0	0	0	0	0	17	0	0	0	0	0	0	0	0	0	0	0	0
e5b417f799289c1c010b95dc75386de1	0	0	0	0	0	3	0	0	0	0	0	7	0	0	0	0	0	0
b37882ed6b2aea679e76987867b9c95d	0	0	0	0	0	0	0	0	0	4	7	0	0	0	0	0	0	0
78541f042b756fb1ab27b24523989291	0	0	0	0	0	0	0	0	0	0	0	0	0	0	14	0	0	0
232fc81fed2e9402b3f5b206cad7fac4	0	0	0	0	0	0	0	0	0	0	0	0	0	0	9	0	0	0
4075da1b4f6b41a06b98d3e35b114651	0	0	0	0	0	0	0	0	0	0	0	0	0	0	0	0	0	0
6293247c2530f0b7afd26e210a0da34e	3	0	0	5	0	0	0	0	0	0	0	0	0	0	0	0	0	0
e63d4ceffd6b980a3a2c95083da66014	15	0	1	0	0	0	0	0	0	0	0	0	0	0	0	0	0	0
973c75ade7556c3928c1d7bdf0b3c764	0	12	2	0	0	0	0	0	0	0	0	0	0	0	0	0	0	0
c1a24604ef38b80c4eaa604051a19c19	0	0	2	0	0	0	0	0	0	0	0	0	0	0	0	0	0	0
d83138b2c7f367a7448a349e5668070b	0	0	2	0	0	0	0	0	0	0	0	0	0	0	0	0	0	0
5ef99a5e22e75a54d6999c8fc901a90c	0	0	1	6	0	0	0	0	0	0	0	0	0	0	0	0	0	0
623d1c3b6c80a9b3ca709e1cd3e4f506	0	0	0	0	0	0	0	0	0	5	0	3	0	8	0	0	0	0
aa4ce2cbe2119c308ef906e4542b6f9c	0	0	0	0	0	0	0	0	0	0	0	0	0	0	8	0	12	0
206f2b086b8a8bb751e21b9268c9301f	10	0	4	0	0	0	0	0	0	0	0	0	0	0	0	0	0	0
8a2c4a4704c63765a8c1e7e91060c3d7	0	0	0	0	0	0	0	0	0	0	8	0	0	0	0	0	0	0
56791196676db197a892ab388fa51a4d	0	0	4	0	0	0	0	0	0	0	0	0	0	0	0	0	0	0
b8b6c6f80d568ba1ab9557da7d68644b	0	23	0	0	0	0	0	0	0	0	0	0	0	0	0	0	0	0
79beac05943a76f129f5565b790e7129	0	1	2	0	0	0	0	0	0	0	0	0	0	0	0	0	0	0
5db561676140a6b9ea566f057857f0b2	0	4	2	0	0	0	0	0	0	0	0	0	0	0	0	0	0	0
619f2de5abc687e996d724974d8ce692	0	0	1	10	0	0	0	0	0	1	0	0	0	0	0	0	0	0
417ceaf199765ce321b36697efc75b93	0	0	2	7	0	0	0	0	0	0	0	0	0	0	0	0	0	0
03b129864f03d3b314d7ecfd7b44c934	0	0	5	0	0	0	0	0	0	0	0	0	0	0	0	0	0	0
2a2eba0088c62dfc8b9cf6657c5163e3	0	0	1	0	0	0	0	0	0	0	0	0	0	0	0	0	0	0
b668879b0101205dd5cde1917ad7d72f	0	0	2	0	0	0	0	0	0	0	0	0	0	0	0	0	0	0
e74c268aee4a0df509755346d42b9c4e	0	0	3	0	0	0	0	0	0	0	0	0	0	0	0	0	0	0
fcc9381b4172cd0742f242d3246a5017	0	0	0	0	0	0	0	0	9	7	0	0	0	0	1	0	0	0
f84381329cf404e1b31cd49774fd1f64	0	0	0	0	0	0	0	0	0	11	8	0	0	0	0	0	0	0
6a8d2f6e3a106fde7ecb050a2707f3fd	0	0	0	0	0	0	0	0	0	0	8	4	3	0	0	0	0	0
eafe395fec263bf083b4d20010fc0c58	0	0	0	0	0	0	0	0	0	0	0	7	8	0	2	0	0	0
cfc24c7c90e04935ce37745b5218f2ef	0	0	3	0	0	0	0	0	0	0	0	0	0	0	0	0	0	0
905e1348457f59cbd76f2c5b4549171f	0	6	1	0	0	0	0	0	0	0	0	0	0	0	0	0	0	0
be30de98cfa21aa3d7f88784df2efb86	0	0	1	0	0	0	0	0	0	0	0	0	0	0	0	0	0	0
9cd78a9a9f84374f417d8c5c9b292e1d	0	0	3	0	0	0	0	0	0	0	0	0	0	0	0	0	0	0
59c7cdb9eeb32f0eb17a6df7f731bbc0	0	0	2	0	0	0	0	0	0	0	0	0	0	0	0	0	0	0
1385939395c9f8da8470868a88a4444b	0	0	2	0	0	0	0	0	0	0	0	0	0	0	0	0	0	0
b2703f740a1f1fd5fe6f10c979a84b6f	0	0	0	0	0	0	0	0	0	8	0	0	0	0	0	0	0	0
a64ade935dbb19bb342f93c5d772933f	0	0	0	0	0	0	0	0	0	3	0	11	0	0	0	0	0	0
04cc3ef00747ed428f08bde52e77f3d6	0	0	0	0	0	0	0	0	0	8	0	0	0	7	0	0	0	0
53f65689c26c42a82512b4db626fc62f	0	0	0	0	0	0	0	0	0	0	0	14	0	13	0	0	0	0
b8f631a7956dfb2cee3bbcd26a09414d	0	0	0	0	0	0	0	0	0	0	0	0	16	0	0	0	0	0
21fc59d7c31d97bbdcf6fba878ac0242	14	0	2	0	0	0	0	0	0	0	0	0	0	0	0	0	0	0
1c4a04d69d9863f630bb71b21288f7e6	0	0	4	0	0	0	0	0	0	0	0	0	0	0	0	0	0	0
138b508e230e7cd0b63a756094d05340	0	0	2	0	0	0	0	0	0	0	0	0	0	0	0	0	0	0
78dc9b6ec91e6709f099f0d3ad9c4f68	0	0	1	0	0	0	0	0	0	0	0	0	0	0	0	0	0	0
153ba74cdd641c08e7787074adf90fe7	0	0	1	0	0	0	0	0	0	0	0	0	0	0	0	0	0	0
a9061392879ee1ce773d919e572bf193	0	0	0	0	9	5	0	0	0	0	0	0	0	0	0	0	0	0
d5c255e92bf15bef8a4891f7f8175f29	0	0	2	0	0	0	0	0	0	0	0	0	0	0	0	0	0	0
a3f8445c610029528aefd792158aea82	0	0	4	0	0	0	0	0	0	0	0	0	0	0	0	0	0	0
0c7d85229020b16fab5a3d3c917199bf	0	0	4	0	0	0	0	0	0	0	0	0	0	0	0	0	0	0
32d481eae5494831e9676009f4dee006	0	0	1	0	0	0	0	0	0	0	0	0	0	0	0	0	0	0
9cba436c6f4853808858fc9479901b6a	0	0	2	0	0	0	0	0	0	0	0	0	0	0	0	0	0	0
844dbce0c1ebdeaea53e221591d2604e	0	0	0	0	0	0	0	0	23	4	0	0	0	0	0	0	0	2
5cb1265c2a39b3110435d66780375b1a	0	0	0	0	0	0	0	0	7	5	5	3	0	0	0	0	0	0
83e2feccaa3e97c0f82aeb1d66420256	0	0	0	0	0	0	0	0	0	1	3	5	4	0	0	0	0	0
1146f2b885bde240017e0c16a8071771	0	0	0	0	0	0	0	0	0	0	0	0	0	0	16	0	0	0
3ffd12261ca63bf059c782427a23b219	0	3	1	0	0	0	0	0	0	0	0	0	0	0	0	0	0	0
e95aeee4522ed2285ed5b3c2ce52d28e	0	7	2	0	0	0	0	0	0	0	0	0	0	0	0	0	0	0
7cae827e9693a7680be9b82e351ffd02	0	8	1	0	0	0	0	0	0	0	0	0	0	0	0	0	0	0
52489d0d82b782b17ebfd2530f827bc9	0	0	2	0	0	0	0	0	0	0	0	0	0	0	0	0	0	0
db9581fb6b0eefc13f82c461b61df4aa	0	0	2	0	0	0	0	0	0	0	0	0	0	0	0	0	0	0
19fc34e21374f6c5fff241f2752e0d37	0	0	0	0	0	0	0	0	13	0	0	0	12	0	0	0	0	0
f1f8ff98cda8e3895457282e7c424602	0	0	0	0	0	0	0	0	0	0	0	0	4	0	0	0	0	0
b753d303987adbcfe8faea2bbaefa48b	0	0	0	0	0	0	0	0	0	0	0	0	0	0	3	0	0	8
7d527b0d9403657ae011f5afcbd7978f	0	0	0	0	0	0	0	0	0	0	0	0	0	0	0	0	0	0
a9a97b5ce93161fdffbdf133290ffa13	0	0	2	0	0	0	0	0	0	0	0	0	0	0	0	0	0	0
7742bb8afbf47f66b64065e30e7e0411	0	0	4	0	0	0	0	0	0	0	0	0	0	0	0	0	0	0
b1521081e57cc2e720189e741d6ed283	0	0	7	0	0	0	0	0	0	0	0	0	0	0	0	0	0	0
25687a418ae1843134275eab02e77a10	0	0	3	0	0	0	0	0	0	0	0	0	0	0	0	0	0	0
982bdece8e0447eca44d49016af887e3	0	0	0	0	0	0	0	0	0	0	0	8	0	0	0	0	0	0
efb76393fbb5956471abae0e3a6d6f71	0	0	0	0	0	0	0	0	0	4	0	5	0	10	0	0	0	0
b7405a1beb5424d86e0edabe45ec9db4	0	0	0	0	0	0	0	0	0	0	0	0	0	0	0	20	0	15
7fe8501651c7d1a2bcea0c5c626814d0	0	0	0	0	0	0	0	0	0	0	0	0	0	0	0	0	0	0
cb80fa7e3248edc87db1d4e17d874ee5	0	5	2	0	0	0	0	0	0	0	0	0	0	0	0	0	0	0
17c2f9f34b214d8ab44472128b2e67fd	0	11	2	0	0	0	0	0	0	0	0	0	0	0	0	0	0	0
de59bffc96f0ea13248953bcc87d8935	0	0	0	5	0	0	0	0	0	0	0	0	0	0	0	0	0	0
2f411d4791e13e2915debef94bbb63d2	0	0	4	0	0	0	0	0	0	0	0	0	0	0	0	0	0	0
bb4f2179ffdd348555b84f080a030938	0	0	3	0	0	0	0	0	0	0	0	0	0	0	0	0	0	0
35d0261e1fd7a9328d69a808ee4331a4	0	0	7	0	0	0	0	0	0	0	0	0	0	0	0	0	0	0
8dc029cf326acef4e5231c77fde41872	0	0	2	0	0	0	0	0	0	0	0	0	0	0	0	0	0	0
f4a7fda3b4c2ed27679edcac3c9993af	0	0	4	0	0	0	0	0	0	0	0	0	0	0	0	0	0	0
9cb0b808265db81a2228555b917b4f78	0	0	0	0	0	0	0	0	0	0	0	0	0	0	0	0	0	0
cf33d96d4eefa033d3cbef577a7d3b57	13	0	2	0	0	0	0	0	0	0	0	0	0	0	0	0	0	0
2610ec47c9fd96da8e6ade70df3697e7	0	0	2	0	0	0	0	0	0	0	0	0	0	0	0	0	0	0
2506ecd0ce5ef984730468e99525adcc	0	3	0	0	0	0	0	0	0	0	0	0	0	0	0	0	0	0
d289b9b3262c5f4e1ff0fdcfc4818a92	0	6	3	0	0	0	0	0	0	0	0	0	0	0	0	0	0	0
575b4d7cf78bb95166c96b481851c9b7	0	10	4	0	0	0	0	0	0	0	0	0	0	0	0	0	0	0
fc146e86b81b559e1b5bc619122b5810	0	0	2	0	0	0	0	0	0	0	0	0	0	0	0	0	0	0
0fec8673d98fb0508c71c2504aeb33ec	0	0	5	0	0	0	0	0	0	0	0	0	0	0	0	0	0	0
3ea5160fa47a558021e2d1c1f114fa1c	0	0	7	0	0	0	0	0	0	0	0	0	0	0	0	0	0	0
b7bc17b44b0d55591f2ceb6b3dba5b7e	0	0	4	0	0	0	0	0	0	0	0	0	0	0	0	0	0	0
66a13a27d08f97c08e7f7f2263bf37d5	0	0	3	0	0	0	0	0	0	0	0	0	0	0	0	0	0	0
41543ee1780d22988b89c9408fd6d6a2	0	0	2	0	0	0	0	0	0	0	0	0	0	0	0	0	0	0
b471e615b50f7c5802fc23919731e8a8	0	0	3	0	0	0	0	0	0	0	0	0	0	0	0	0	0	0
c7f709910cbaead3df8084692f6af837	0	0	3	0	0	0	0	0	0	0	0	0	0	0	0	0	0	0
c4671c47d36b6371fa9d1896720ea435	0	0	0	0	0	0	0	0	7	12	0	0	0	0	0	0	0	0
e882d6aed4512b7dae413544a49ef0de	0	0	0	0	0	0	0	0	6	0	0	0	0	3	0	22	0	0
75995f7e35483b35aaa93a6bdfa2d7e4	0	0	0	0	0	0	0	0	0	12	0	0	0	0	0	0	0	0
3da09722c859f0124b6a75af3754543b	0	0	6	0	0	0	0	0	0	0	0	0	0	5	0	0	0	0
a69db29be08c9f7736fab34c0e5fc627	0	0	2	0	0	0	0	0	0	0	0	0	0	0	0	0	0	0
41d869866e5a30ad1a0b94e783bbff92	0	0	3	0	0	0	0	0	0	0	0	0	0	0	0	0	0	0
4bb36c799601371eaebe943eec9e3ae5	0	0	1	0	0	0	0	0	0	0	0	5	0	0	0	0	0	0
997f9353a49174c629d2d2fd0007a7a3	0	0	2	0	0	0	0	0	0	0	0	0	0	0	0	0	0	0
7768886372d6de5f730b043a56a87264	0	0	0	0	0	0	0	0	0	3	0	3	0	9	0	0	0	0
ebef14d74207cb34478eae42a70abc76	0	0	0	0	0	0	0	0	0	8	9	0	0	0	0	0	0	0
99bd7bde48d89de2c121ba5069b95065	0	0	0	0	0	0	0	0	0	3	4	0	11	0	0	0	0	0
e7bec905a75dd1af82e13d23231c6306	0	0	0	0	0	0	0	0	0	0	3	9	0	0	0	0	0	0
c8d378b0262ba7a6a35396e7456bf4f8	0	0	0	0	0	0	0	0	0	0	0	0	0	0	0	0	0	27
bb3f8578e17c9ecf92573620cc389be5	10	0	1	0	0	0	0	0	0	0	0	0	0	0	0	0	0	0
d17e3a0003a8c8f3007123794ddd276b	0	2	2	0	0	0	0	0	0	0	0	0	0	0	0	0	0	0
baaef1ac9dd4895120b0ecd3b5c7462a	0	0	3	0	0	0	0	0	0	0	0	0	0	0	0	0	0	0
19c5cbdb07ab3a4d1ee9d9b18e50c7ad	0	0	1	0	0	0	0	0	0	0	0	0	0	0	0	0	0	0
76c6bbe01a3ea1c1a38a6a2a9ccbf1c9	0	0	3	0	0	0	0	0	0	0	0	0	0	0	0	0	0	0
f4f2fc96f5d9308569d340ec0048bdb4	0	0	5	0	0	0	0	0	0	0	0	0	0	0	0	0	0	0
b1daac59dd8d029ad0fc59cd5e02a325	0	0	1	0	0	0	0	0	0	0	0	0	0	0	0	0	0	0
4ae856ed9e30d48467b67357fa3ee7cb	0	0	3	0	0	0	0	0	0	0	0	0	0	0	0	0	0	0
d987054cd75d2eb09193783f928d9f14	0	0	3	0	0	0	0	0	0	0	0	0	0	0	0	0	0	0
239c9d8664d328ada2abea6fe1048564	0	0	5	0	0	0	0	0	0	0	0	0	0	0	0	0	0	0
72b7406d048f6d38969aba8e7e55597a	0	0	3	0	0	0	0	0	0	0	0	0	0	0	0	0	0	0
21538a44979dba735d5947e8bb2e1adf	0	0	0	0	0	3	0	0	0	0	0	0	0	0	0	0	0	0
67d98083716732326153128076e76e62	0	0	0	0	0	0	0	0	6	0	6	0	10	0	0	0	0	0
f99be0df4a240b0d739b0b9d134ae6fd	0	0	0	0	0	0	0	0	0	6	0	0	0	6	0	0	0	0
160de74c56d6296b15ebc693c0ef6f31	0	0	0	0	0	0	0	0	0	0	0	12	0	1	0	0	0	0
76e792efbe894b3010d356ec82e8285e	0	0	0	0	0	0	0	0	0	0	0	0	0	0	4	5	10	0
613222918695845688a8b6fe8d0756b0	0	1	1	4	0	0	0	0	0	0	0	0	0	0	0	0	0	0
b978f81dcfb6adf9146f7dff40184e6d	0	0	2	0	0	0	0	0	0	0	0	0	0	0	0	0	0	0
329a63b211f8ee4d872bd14c58364e54	0	0	1	0	0	0	0	0	0	0	0	0	0	0	0	0	0	0
77c4884e85878e76f958adf755eca56c	0	0	4	0	0	0	0	0	0	0	0	0	0	0	0	0	0	0
ec95e4f0c9a4e384bedded1121b2b7f9	0	0	1	0	0	0	0	0	0	0	0	0	0	0	0	0	0	0
5ca7e30a05730279915f991c9583c625	0	0	1	0	0	0	0	0	0	0	0	0	0	0	0	0	0	0
fc85673539700dee4fe7e55783d80be7	0	0	2	0	0	0	0	0	0	0	0	0	0	0	0	0	0	0
12e64c6d87cb4b9e44ce7fda0bde39ed	0	0	3	0	0	0	0	0	0	0	0	0	0	0	0	0	0	0
e925b6b01196efc6eec68ffd1fadc490	0	0	2	0	0	0	0	0	0	0	0	0	0	0	0	0	0	0
40a759441273608632903383c6760448	0	0	0	0	0	0	0	0	0	1	0	8	0	0	0	0	0	0
7f009640959d65d6f6ecae2cb09a7e1c	0	0	0	0	0	0	0	0	0	0	22	0	0	0	0	0	0	0
9fdc6db48140dea889b05e2fcd8369bb	0	0	0	0	0	0	0	0	0	0	0	8	0	10	0	0	0	0
cfb9afc737917991d0f98b2e744dcbd7	0	0	0	0	0	0	0	0	0	0	0	9	0	0	0	5	0	0
979743c5cb405292484e068665b37b26	0	0	0	0	0	0	0	0	0	0	0	0	0	20	0	0	0	0
94aa2ec56a77cad9781f7371a6faa091	0	18	0	0	0	0	0	0	0	0	0	0	0	0	0	0	0	0
bb6717097269bd794dfef28cce46333f	0	2	1	0	0	0	0	0	0	0	0	0	0	0	0	0	0	0
2306f5307df041800ef97c3ba2396189	0	0	2	0	0	0	0	0	0	0	0	0	0	0	0	0	0	0
25806da119914455cec4978f7eb895c7	0	0	4	0	0	0	0	0	0	0	0	0	0	0	0	0	0	0
f80bf5890d13f37feb63008943a37d4b	0	0	3	0	0	0	0	0	0	0	0	0	0	0	0	0	0	0
c39ea35f77bfa4dbe8d65b44873003ca	0	0	2	0	0	0	0	0	0	0	0	0	0	0	0	0	0	0
8664ac3f7f95d9c043fd1c8dc3101677	0	0	2	0	0	0	0	0	0	0	0	0	0	0	0	0	0	0
7302b2c4d77c8f2fee41064f84a6f7cd	0	0	6	0	0	0	0	0	0	0	0	0	0	0	0	0	0	0
f0ff51b9c30413e88c46f33b2f958032	0	0	2	0	0	0	0	0	0	0	0	0	0	0	0	0	0	0
fd57a8e37eacb82e7bd19680e4bd3400	0	0	0	0	0	0	0	0	0	0	0	0	0	16	0	0	0	0
bfa823f3140fed1537b1ad44e9aa8d54	0	0	0	0	0	0	0	0	0	0	0	0	0	0	2	3	0	10
9445385b4c3954746d2d1a90861bd86a	0	0	0	0	0	0	0	0	0	0	0	0	0	0	5	0	0	0
4912bbbdcb32f977aaaa9dd7422338cf	5	0	2	6	0	0	0	0	0	0	0	0	0	0	0	0	0	0
20c9e7c5b98faff886ea8163cecada9a	0	0	1	0	0	0	0	0	0	0	0	0	0	0	0	0	0	0
e8d6864ea11aecbbe4df6574a8099049	0	1	1	0	0	0	0	0	0	0	0	0	0	0	0	0	0	0
76b5ee4cf22d7c39236c748457b45a04	0	0	1	0	0	0	0	0	0	0	0	0	0	0	0	0	0	0
0dd35012d6e37518658b8a1700a88368	0	0	0	0	0	0	0	0	0	0	0	0	0	0	0	0	0	0
2721b7304d6c201de4ec60b051d0e1a5	0	0	1	0	0	0	0	0	0	0	0	0	0	0	0	0	0	0
c2ace5db7a4ecfc4dd15319f889d08a9	0	0	1	0	0	0	0	0	0	0	0	0	0	0	0	0	0	0
8a9575c14dfad52f0052da1e1a81bfcd	0	0	2	0	0	0	0	0	0	0	0	0	0	0	0	0	0	0
a42df8b1df928d58e00fcf5948a26795	0	0	1	4	0	0	0	0	0	0	0	0	0	0	0	0	0	0
82fb162c70ed2ed5c195265593d03313	0	0	1	0	0	0	0	0	0	0	0	0	0	0	0	0	0	0
38d904b1c2b4a21c7e6a58e2c17070ba	0	0	0	0	0	0	0	0	4	0	2	6	2	0	0	0	0	0
2f4e865a507917484c28c8afc37aa4e7	0	0	0	0	0	0	0	0	0	4	0	0	0	0	5	0	0	0
2758766aa652fdae15546ca1bc98c5bd	0	0	0	0	0	0	0	0	0	0	0	6	0	0	0	0	0	0
8c3ee3c2779c5a2c802fe8c888c2f7ab	0	0	0	0	0	0	0	0	0	0	0	0	12	0	0	0	0	0
ce662de0573c0a49a6579ea205d5864f	0	0	0	0	0	0	0	0	0	0	0	0	11	6	0	0	0	0
34d79a4d7275a831f9bf18364ae62b00	0	0	0	0	0	0	0	0	0	0	0	0	0	15	3	0	0	0
6738e825acd69dca0502cfbdf195d59e	0	0	0	0	0	0	0	0	0	0	0	0	0	6	0	0	0	0
67663340cfcaba855d196efd7f612759	5	4	2	0	0	0	0	0	0	0	0	0	0	0	0	0	0	0
685f18057975f3c0976fa838226e6544	0	0	2	0	0	0	0	0	0	0	0	0	0	0	0	0	0	0
213f9cc0668073795c0f47d9d23f42bd	0	0	1	0	0	0	0	0	0	0	0	0	0	0	0	0	0	0
102dca276fc8600aea5d1f773144419d	0	0	2	0	0	0	0	0	0	0	0	0	0	0	0	0	0	0
c8635711bef8de5b89dbb487e89acce0	0	0	1	0	0	0	0	0	0	0	0	0	0	0	0	0	0	0
c0607108a96ceb11d6430692765f8825	0	0	3	5	0	0	0	0	0	0	0	0	0	0	0	0	0	0
05e15ba062b478ee5b3bfc3202a8c5b5	0	0	0	0	0	0	0	0	0	8	0	0	0	0	0	0	0	0
765ca6be7c1ebe55472f03f59770ddea	0	0	0	0	0	0	0	0	0	5	10	0	0	0	0	0	0	0
bf2a3e073663e79c023804d9ac1ab2d8	0	0	0	0	0	0	0	0	0	3	0	5	0	0	0	0	0	0
c8c2e0caa4fda8cc74daa3db0941147c	0	0	0	0	0	0	0	0	0	0	0	0	0	0	2	0	0	8
8a8473915e3e0f3f464dc94d1a9ef047	3	0	3	0	0	0	0	0	0	0	0	0	0	0	0	0	0	0
c476a6f1067ee224a6c24bd20fbce52f	0	8	0	0	0	0	0	0	0	0	0	0	0	0	0	0	0	0
d06d8b8659def1d88f6d200495ca91ba	0	0	0	0	0	0	0	0	0	0	0	0	0	0	0	0	0	0
7be1389e85967b1725907186ea5cc82a	0	0	1	0	0	0	0	0	0	0	0	0	0	0	0	0	0	0
e6187d00f066df825034b4d2ef8ecd90	0	0	1	0	0	0	0	0	0	0	0	0	0	0	0	0	0	0
74c1c59aee453a8b02d6fe10212ae380	0	0	2	0	0	0	0	0	0	0	0	0	0	0	0	0	0	0
0310cea13b46f9dc25127a6463d9fff3	0	0	2	0	0	0	0	0	0	0	0	0	0	0	0	0	0	0
2fa335db0294c5e302e9d9f88140048e	0	0	1	0	0	3	0	0	0	0	0	0	0	0	0	0	0	0
a8fdd00aab82935d9efcd775be42bc96	0	0	2	0	0	0	0	0	0	0	0	0	0	0	0	0	0	0
f20f44354bc9baf47c19ca3768b1d5e0	0	0	3	0	0	0	0	0	0	0	0	0	0	0	0	0	0	0
15a8e13f5e2c67ca18f1ee563c66b979	0	0	1	0	0	0	0	0	0	0	0	0	0	0	0	0	0	0
f8e582d004160f20a947f623a0bde190	0	0	5	0	0	0	0	0	0	0	0	0	0	0	0	0	0	0
7181c04ddbfd54429a32799afc330260	0	0	4	0	0	0	0	0	0	0	0	0	0	0	0	0	0	0
80f3a95fc6e523e51320f05acf834fc2	0	0	4	0	0	0	0	0	0	0	0	0	0	0	0	0	0	0
bc7fe9a4b5ce1275d009642632acd551	0	0	1	0	0	0	0	0	0	0	0	0	0	0	0	0	0	0
9fb4e2999ef4f9532a9149ef6dec558a	0	0	0	0	0	0	0	0	7	0	0	10	0	0	0	0	0	0
91d0df31d2d0c49de51ab0d1cb72c91a	5	4	0	0	0	0	0	0	0	0	0	0	0	0	0	0	0	0
36e2aedf874601c3d02b45033cd00e5b	0	2	1	0	0	0	0	0	0	0	0	0	0	0	0	0	0	0
b493e591d80ec35a871661e6094a5c59	0	0	4	0	0	0	0	0	0	0	0	0	0	0	0	0	0	0
9eb264c8efca06b28b9ec16df465c3ff	0	0	1	0	0	0	0	0	0	0	0	0	0	0	0	0	0	0
5533eb73f8283ee3f909f6b29c8aeef5	0	0	3	0	0	0	0	0	0	0	0	0	0	0	0	0	0	0
f9be5a62d5a13d1c0c483e19b22190e1	0	0	1	0	0	0	0	0	0	0	0	0	0	0	0	0	0	0
26b545ddfdd4e41823e5e14d26bc1a0f	0	0	3	0	0	0	0	0	0	0	0	0	0	0	0	0	0	0
cf03cf0ab4702aed34428274778c5031	0	0	2	0	0	0	0	0	0	0	0	0	0	0	0	0	0	0
06e618852869558ea3f3a6b9fa8ebd76	0	0	2	0	0	0	0	0	0	0	0	0	0	0	0	0	0	0
5cdb818fd0fc26c9c020bab097a932c9	0	0	0	0	0	0	0	0	0	0	0	13	0	0	0	0	0	0
d32df3aa7af015809a4e0e01482c7718	0	0	0	0	0	0	0	0	0	0	0	1	0	0	9	0	0	0
968cfc34b8b3092fe1b62a8fe4d39141	0	0	0	0	0	0	0	0	0	0	0	0	0	0	8	0	0	0
8469e0b5425245386b350f7c3ce99b94	8	0	3	0	0	0	0	0	0	0	0	0	0	0	0	0	0	0
c1242ed532ed4e4b84f2e982cd04d4bf	0	0	2	0	0	0	0	0	0	0	0	0	0	0	0	0	0	0
b10281394e9dab527b017c02ded89af5	0	15	0	0	0	0	0	0	0	0	0	0	0	0	0	0	0	0
079b482530b853bb114c57fe4e8c4e19	0	0	1	0	0	0	0	0	0	0	0	0	0	0	0	0	0	0
fab177f44fe3b7baf2c708fc00748ad1	0	0	3	0	0	0	0	0	0	0	0	0	0	0	0	0	0	0
d11fe2844c85f00a6179028bbd9391d6	0	0	1	0	0	0	0	0	0	0	0	0	0	0	0	0	0	0
14efc37c1bcfa3f42d9f91c06160912e	0	0	1	0	0	0	0	0	0	0	0	0	0	0	0	0	0	0
815e25e8d72904ecb7922cf34a3f04c8	0	0	1	0	0	0	0	0	0	0	0	0	0	0	0	0	0	0
1eb2e6c67f32c2bdb58521a1e4910da3	0	0	1	0	0	0	0	0	0	0	0	0	0	0	0	0	0	0
fbf7c5cc2ba37f775d86a3f49355ddcb	0	0	3	0	0	0	0	0	0	0	0	0	0	0	0	0	0	0
c410040ec672d8f97581d142c46877b5	0	0	2	0	0	0	0	0	0	0	0	0	0	0	0	0	0	0
118c77d9721cb623c3377321a73f6f41	0	0	0	0	0	0	0	0	0	1	0	0	0	0	0	0	0	0
e49b2ad8521d1f0454774e7f3aab4220	0	0	0	0	0	0	0	0	0	0	0	0	5	0	0	0	0	5
695ea576171229b8f821b1356e30529d	0	0	0	0	0	0	0	0	0	0	0	0	0	8	0	0	0	11
bbe3131430133bd7aa04169522f8070c	0	0	0	0	0	0	0	0	0	0	0	0	0	0	8	0	0	0
88242c1bd94a754a7006a2b4451080df	38	0	0	0	0	0	0	0	0	0	0	0	0	0	0	0	0	0
8819957d40f3693de36a0521a5165cff	0	15	0	0	0	0	0	0	0	0	0	0	0	0	0	0	0	0
1d071d23a14ce42bcd27696751a22f42	0	0	2	0	0	0	0	0	0	0	0	0	0	0	0	0	0	0
291b58a48a95dfe79505d7e383d53168	0	0	4	4	0	0	0	0	0	0	0	0	0	0	0	0	0	0
7e8cf7c48fee73b374e07d1d03e05f20	0	0	1	0	0	0	0	0	0	0	0	0	0	0	0	0	0	0
de3dfadfeadbc89238c7e0652ead63ac	0	0	3	0	0	0	0	0	0	0	0	0	0	0	0	0	0	0
58c7899dfcab37e48820be85fb3d4260	0	0	1	0	0	0	0	0	0	0	0	0	0	0	0	0	0	0
81836f53d5f216cab36042a7de388dcf	0	0	3	0	0	0	0	0	0	0	0	0	0	0	0	0	0	0
c5eb346dc600e74838d0e05eed801912	0	0	2	0	0	0	0	0	0	0	0	0	0	0	0	0	0	0
d6c89ff27eb1cc1b643e0fa81afe4d3e	0	0	2	0	0	0	0	0	0	0	0	0	0	0	0	0	0	0
2df9c14827aa98b538e7b158c8a6d0f6	0	0	2	0	0	0	0	0	0	0	0	0	0	0	0	0	0	0
296ea0b2f5e72282506b45c3db8bcc12	0	0	3	0	0	0	0	0	0	0	0	0	0	0	0	0	0	0
5a7049df446c8171cd03916a8942f65c	0	0	1	0	0	0	0	0	0	0	0	0	0	0	0	0	0	0
7ac730646d3d25f2e18ea5b37c06a52d	0	0	0	0	0	0	0	0	0	0	5	9	0	0	0	0	0	0
3c0ccd184bc3fad463cd43e48fb82eef	0	0	0	0	0	0	0	0	0	0	0	10	0	0	0	0	0	0
553cb90f1517a114074b0f6ce12733da	0	0	0	0	0	0	0	0	0	0	0	0	0	0	11	0	0	0
a63f4a36ac9d14dc94e50640acff6c7f	0	0	0	0	0	0	0	0	0	0	0	0	0	0	0	27	0	0
441e2d34e0089f979a6f243ae76fb27c	0	0	0	0	0	0	0	0	0	0	0	0	0	0	0	12	0	12
fc62e29461d65d66ec9da405d1086080	0	0	0	0	0	0	0	0	0	0	0	0	0	0	0	0	0	0
066f247b5ff225b6e0a7d0309b261e70	0	11	0	0	0	0	0	0	0	0	0	0	0	0	0	0	0	0
867d3323f34f49d381990161edebedd1	0	17	0	0	0	0	0	0	0	0	0	0	0	0	0	0	0	0
7ac3729b217c27109398314340dc4f50	0	14	0	0	0	0	0	0	0	0	0	0	0	0	0	0	0	0
8314ea24351fab0e07a5b48db1fbb227	0	16	0	0	0	0	0	0	0	0	0	0	0	0	0	0	0	0
ed9cabbe09e1526af44f28b1f373559e	0	0	1	0	0	0	0	0	0	0	0	0	0	0	0	0	0	0
26692bfb4630253eb39fd734f5bb08a1	0	0	2	5	0	0	0	0	0	0	0	0	0	0	0	0	0	0
b2f224b4403cfb902ac9816c3dcaf88e	0	0	1	0	0	0	0	0	0	0	0	0	0	0	0	0	0	0
f4f51c750e54a0fd0a54c9bec5b089bb	0	0	1	0	0	0	0	0	0	0	0	0	0	0	0	0	0	0
5df419bc5b4c7a56f49cce958421712d	0	0	2	0	0	0	0	0	0	0	0	0	0	0	0	0	0	0
922d35300a6893098643e7529ad1dbfc	0	0	4	0	0	0	0	0	0	0	0	0	0	0	0	0	0	0
30ba5d83d8180c6ff12c5ddf3d56eacb	0	0	4	0	0	0	0	0	0	0	0	0	0	0	0	0	0	0
4af4b48273b430839d9342b3ea777e75	0	0	2	0	0	0	0	0	0	0	0	0	0	0	0	0	0	0
e45d4f9240a1fea4c5635ea20211d7ec	0	0	1	0	0	0	0	0	0	0	0	0	0	0	0	0	0	0
a6c21cc26b27b723eeac1b7c69671c77	0	0	1	0	0	0	0	0	0	0	0	0	0	0	0	0	0	0
1b74bb733fcc4243bcc836a44ceee782	0	0	0	0	0	0	0	0	0	0	0	0	0	0	0	0	0	0
9cb496f7aefdd1bb5ad632ae130a4c56	0	0	0	0	0	8	0	0	0	0	0	0	0	0	0	0	0	0
dafa45d3fbcaad3929fec92f397398c0	0	0	0	0	0	0	0	0	6	0	0	0	9	0	0	0	0	0
d063aa04f1e40c16505176c62ca2d4e8	0	0	0	0	0	0	0	0	20	0	0	0	0	0	0	7	0	0
71939a4a9a4f3cecfa81e9d889957f6e	0	0	0	0	0	0	0	0	0	7	0	0	0	0	0	0	0	0
5184ea59fed2b4345e57e6bba9bc2479	0	0	0	0	0	0	0	0	0	0	0	12	0	0	0	0	0	0
f163f15efbc3157b124fbbefb243d8bf	0	0	0	0	0	0	0	0	0	0	0	12	0	0	0	0	0	0
0664a0d68c20be6552f6d1d9f4bf6fbd	0	0	0	0	0	0	0	0	0	0	0	5	3	0	0	0	0	0
84dda4cc7b535346bda904526b75a96d	0	0	0	0	0	0	0	0	0	0	0	0	6	0	1	0	0	0
6c4a0b65cd0a90ff17d3eb298c9c9754	0	0	0	0	0	0	0	0	0	0	0	0	0	20	0	0	0	0
13c5a02efec5065c0ece8add72aeabd3	0	0	0	0	0	0	0	0	0	0	0	0	0	0	9	0	0	0
3a86fb4d61604e8baf60e3759f763dbd	0	0	0	0	0	0	0	0	0	0	0	0	0	0	5	0	0	0
f5373a4a46702991f033d0e619f802bf	0	17	0	0	0	0	0	0	0	0	0	0	0	0	0	0	0	0
3a3e4bc86610bb5014b02f7d6cc4f414	0	0	3	0	0	0	0	0	0	0	0	0	0	0	0	0	0	0
388187e56303c1d96c7a9236b979117c	0	0	0	0	0	0	0	0	0	0	0	0	0	0	0	0	0	0
4d8f6af4615fb8d3837fb3b4a19d0862	0	0	1	0	0	0	0	0	0	0	0	0	0	0	0	0	0	0
d79b41a38c9a611a525304b68722552a	0	0	1	0	0	0	0	0	0	0	0	0	0	0	0	0	0	0
4fcf93d79b2282dfe9823949adf0efec	0	0	3	0	0	0	0	0	0	0	0	0	0	0	0	0	0	0
e25378d60427b48e532d1e9083386937	0	0	2	0	0	0	0	0	0	0	0	0	0	0	0	0	0	0
aea81859160d011ef2aca12978280272	0	0	2	0	0	0	0	0	0	0	0	0	0	0	0	0	0	0
0e55e7c1a98048b21baba529cf2afdbc	0	0	0	0	0	0	0	0	0	6	0	0	0	5	0	0	0	0
602bff5186585b378cd682aa6e408cbb	0	0	0	0	0	0	0	0	0	5	0	0	0	7	0	0	0	0
80e3ab5d0e9a79a363cc98504877e054	0	0	0	0	0	0	0	0	0	5	0	2	0	0	0	0	0	0
1d812fe7487b30df6cc1d823c320593d	0	0	0	0	0	0	0	0	0	8	0	0	0	0	0	0	0	0
2758118274af5fc9d5ca002979c46722	0	0	0	0	0	0	0	0	0	0	4	0	0	12	0	0	0	0
0b7be6c2b6182a1028899fcbdb358a09	0	0	0	0	0	0	0	0	0	0	0	9	0	0	0	0	0	0
248b1a13eab42961a25005d968ce8e72	0	0	0	0	0	0	0	0	0	0	0	2	0	8	0	0	0	0
5abc17ec1a583a7df60a9f71197ce832	0	0	0	0	0	0	0	0	0	0	0	0	5	0	1	0	0	0
e8fa16276bf42686df8082e635ee3a3f	0	0	0	0	0	0	0	0	0	0	0	0	0	0	3	0	0	0
0b1e58ba03337c01a95994c0a72bf1bc	0	0	0	0	0	0	0	0	0	0	0	0	0	0	0	0	0	0
f874121b02573492aa25d65b2a92946d	0	0	2	0	0	0	0	0	0	0	0	0	0	0	0	0	0	0
112bc938647320454883bf9102464e45	0	0	3	0	0	0	0	0	0	0	0	0	0	0	0	0	0	0
339a7d300dc675de45227b11c58c35cd	0	0	1	0	0	0	0	0	0	0	0	0	0	0	0	0	0	0
f20554f9a2fcbdb3d2136f1931713c0b	0	0	1	0	0	0	0	0	0	0	0	0	0	0	0	0	0	0
e893ce2602d434346bc8eeb1ae236b46	0	0	4	0	0	0	0	0	0	0	0	0	0	0	0	0	0	0
236545dbd88a13a5a08b5af13d56c596	0	0	3	0	0	0	0	0	0	0	0	0	0	0	0	0	0	0
8d00e572bb950650a7a2e4f4d6ce2352	0	0	2	0	0	0	0	0	0	0	0	0	0	0	0	0	0	0
2a9bcd4bafd70bc3a273f7099f777001	0	0	1	0	0	0	0	0	0	0	0	0	0	0	0	0	0	0
004607be9d9528b193a0c88604ae5ca6	0	0	1	0	0	0	0	0	0	0	0	0	0	0	0	0	0	0
5482f58427feabefb99ddd4229e44662	0	0	1	0	0	0	0	0	0	0	0	0	0	0	0	0	0	0
e7fe51c85ff294aa0f8b9d72685b433e	0	0	3	0	0	0	0	0	0	0	0	0	0	0	0	0	0	0
0303bebf68050da6263ecd53193e07e3	0	0	0	0	0	0	0	0	0	0	14	0	0	0	0	0	0	0
b8b91480ba10944246e2ed181260edea	0	0	0	0	0	0	0	0	0	0	0	0	0	7	1	0	0	0
4ddf259e6e82682cce5d841a0e4b7e79	0	0	0	0	0	0	0	0	0	0	0	0	0	0	0	0	0	9
a86efc2b0f90648cf1406040ae2b43df	22	0	0	0	0	0	0	0	0	0	0	0	0	0	0	0	0	0
82f3062e4ac73f89777fa501c7ea5495	0	0	2	0	0	0	0	0	0	0	0	0	0	0	0	0	0	0
6b249d3eeccebf091bc035f5e05ae750	0	6	0	0	0	0	0	0	0	0	0	0	0	0	0	0	0	0
f7060cf18473bdcada70f2a1dd0c21e9	0	0	0	0	0	0	0	0	0	0	0	0	0	0	0	0	0	0
04db35af845995ab947c5aa8d6b77556	0	0	1	0	0	0	0	0	0	0	0	0	0	0	0	0	0	0
e3e8f3276627b595558dd562bcfe8a8b	0	0	0	0	0	0	0	0	0	0	0	0	0	0	0	0	0	0
6116fa4781ee79d9793af292522da8f9	0	0	1	0	0	0	0	0	0	0	0	0	0	0	0	0	0	0
2dfbd50fc16e8350d441ae6fed924084	0	0	2	0	0	0	0	0	0	0	0	0	0	0	0	0	0	0
98f851fd6685f690e5024910a67d2e9a	0	0	2	0	0	0	0	0	0	0	0	0	0	0	0	0	0	0
993c48a8617bfe82e3b72c2a6236c916	0	0	4	0	0	0	0	0	0	0	0	0	0	0	0	0	0	0
d4cbccc6d33287d516991dbfc7c6fa7d	0	0	4	0	0	0	0	0	0	0	0	0	0	0	0	0	0	0
e6d6638695b6b05e916e422090892dfb	0	0	6	0	0	0	0	0	0	0	0	0	0	0	0	0	0	0
4cea2f1fc8f8c02ad2dbb6e22e6d204e	0	0	1	0	0	0	0	0	0	0	0	0	0	0	0	0	0	0
682403fcaa13f6697a599d433c30afdf	0	0	0	0	0	0	0	0	0	0	0	0	0	0	0	0	0	0
1be6730e816338dd13392533e15172d5	0	0	3	0	0	0	0	0	0	0	0	0	0	0	0	0	0	0
ba77645ead7040da8430c3b964b4667d	0	0	1	0	0	0	0	0	0	0	0	0	0	0	0	0	0	0
a826a68b6a97c9d8293ce1c269fc0c8a	0	0	2	0	0	0	0	0	0	0	0	0	0	0	0	0	0	0
e97f213b43667f37ba9b3f22a526fa8a	0	0	0	0	7	8	0	0	0	0	0	0	0	0	0	0	0	0
36e011924c3a33cd8689d6692729201b	0	0	0	0	0	0	0	0	0	4	0	0	0	7	0	0	0	0
05f05587ad432be6cd5f49eb65215fa7	0	0	0	0	0	0	0	0	0	2	0	0	0	0	0	0	0	0
4165613703c47712dc7975c700dca0ca	0	0	0	0	0	0	0	0	0	0	0	0	12	0	0	0	0	0
2cecb3a1046e14ef8120c302c488a002	0	0	0	0	0	0	0	0	0	0	0	0	5	0	0	7	0	0
3e40de488b7399df6d4c146812b6df65	0	0	0	0	0	0	0	0	0	0	0	0	0	20	0	0	0	0
072cd48c160eaeba86512aaf1732adff	2	0	1	0	0	0	0	0	0	0	0	0	0	0	0	0	0	0
3a69572306023a1fe21fb83b74e20f39	0	4	0	0	0	0	0	0	0	0	0	0	0	0	0	0	0	0
bc88d3b67ce88643232bf7e89a550164	0	0	1	0	0	0	0	0	0	0	0	0	0	0	0	0	0	0
df7811ffe1a4811063e942b221bf5c66	0	0	1	0	0	0	0	0	0	0	0	0	0	0	0	0	0	0
4e4cb7cfebbdd5e5cb7f10acb9495bbb	0	0	2	0	0	0	0	0	0	0	0	0	0	0	0	0	0	0
c53a0fad89fcdf04684722a4c4a7c703	0	0	1	0	0	0	0	0	0	0	0	0	1	0	0	0	0	0
1c5847f9575fe28d547781a88bac31b8	0	0	0	0	0	0	0	0	5	4	0	0	0	6	0	0	0	0
f92db2f429f5b9fc24740a7eda939e0c	0	0	0	0	0	0	0	0	3	0	0	3	0	0	0	3	9	0
354b63b96fe71b979f6dcf7bcff22ec4	0	0	0	0	0	0	0	0	0	1	0	2	6	0	0	0	0	0
077144784792262a2a6fe9dec079a44b	0	0	0	0	0	0	0	0	0	2	1	1	0	0	0	0	0	0
6d6b5f4f9c71cde3569dafdd80e12460	0	0	0	0	0	0	0	0	0	2	0	0	3	0	0	0	0	0
e7d2baa7d6e7b84ac7ba8877ba5c3dec	0	0	0	0	0	0	0	0	0	6	0	0	0	0	0	0	0	0
c977d197def998673b7855e148d1e221	0	0	2	0	0	0	0	0	0	0	0	0	0	0	0	0	0	0
34abd37445685e0ae48024282eac0aae	0	0	0	0	0	0	0	0	0	0	0	0	0	0	0	0	0	0
809acd7b9a3c87f1f0922f00366a6344	0	0	2	0	0	0	0	0	0	0	0	0	0	0	0	0	0	0
ce7c4af5667878c31270bd86f98ba7e9	0	0	1	0	0	0	0	0	0	0	0	0	0	0	0	0	0	0
de6e3620754e02e90cc9115ee93fb4cd	0	0	2	0	0	0	0	0	0	0	0	0	0	0	0	0	0	0
b95a8e4a02fe1be7e58d857a0e7463e3	0	0	1	0	0	0	0	0	0	0	0	0	0	0	0	0	0	0
82a820a1fcd3411227a3b22d23a7766c	0	0	1	0	0	0	0	0	0	0	0	0	0	0	0	0	0	0
93a9b9ad861f7665ba561d4fec0a1cf8	0	0	0	0	0	0	0	0	0	2	2	0	0	0	0	0	0	0
e0343f6548206d446311191d53e7afb4	0	0	0	0	0	0	0	0	0	0	5	0	4	0	0	0	0	0
880d1ad3b03b971c31e7723a94824594	0	0	0	0	0	0	0	0	0	0	0	5	0	0	0	4	0	0
420387753a16f87265ed5de2d2a72f8c	31	0	0	0	0	0	0	0	0	0	0	0	0	0	0	0	0	0
87b0a4a6466cb6d7069397a6d91d017f	0	0	2	0	0	0	0	0	0	0	0	0	0	0	0	0	0	0
b85550c7a8fa780113e789518b0aab05	0	0	0	0	0	0	0	0	0	0	0	0	0	0	0	0	0	0
ea5af814e10bf816a1b3cc699e15a0c8	0	0	0	0	0	0	0	0	0	0	0	0	0	0	0	0	0	0
a0b5c924f02dc0616ca29406278717c2	0	0	2	5	0	0	0	0	0	0	0	0	0	0	0	0	0	0
b45ceb8be3eab6aa783c59916c6d7c7f	0	0	2	0	0	0	0	0	0	0	0	0	0	0	0	0	0	0
0df3a9efa19d6b3efca92bf517729306	0	0	2	0	0	0	0	0	0	0	0	0	0	0	0	0	0	0
a2ce2ead658fcea1315e099e27a8fde3	0	0	4	0	0	0	0	0	0	0	0	0	0	0	0	0	0	2
4ebbd6e1956081d1a5f68a1f2d86ae6c	0	0	1	0	0	0	0	0	0	0	0	0	0	0	0	0	0	0
eb663e74025a8bf59511ea0d213c81f0	0	0	1	0	0	0	0	0	0	0	0	0	0	0	0	0	0	0
15791cf3663903cedc25ef3b897b2738	0	0	2	0	0	0	0	0	0	0	0	0	0	0	0	0	0	0
ea5e6bad3ffd43421d1f54ad1cc75e54	0	0	3	0	0	0	0	0	0	0	0	0	0	0	0	0	0	0
4bc3980d96344f311691c40fa4d14b85	0	0	0	0	0	0	0	0	0	0	0	0	0	0	0	0	0	0
06897cdddd977807232a9a943bdc4cd0	0	0	0	0	0	0	0	0	0	0	0	0	0	0	0	0	0	0
2a0e9e94670f36beda0f1f2434526ed4	0	0	5	0	0	0	0	0	0	0	0	0	0	0	0	0	0	0
3c0dcd831f45cacce7b00601eb8d22a4	0	0	3	0	0	0	0	0	0	0	0	0	0	0	0	0	0	0
0cd6e8626d18761bf329f2adf0690449	0	0	1	0	0	0	0	0	0	0	0	0	0	0	0	0	0	0
b246aa53be7d269144d84dd7108b86ed	0	0	2	0	0	0	0	0	0	0	0	0	0	0	0	0	0	0
8a5ad404d31b11a8c875a15c55d8e305	0	0	0	0	0	0	0	0	5	0	4	0	3	0	0	3	0	0
de5c65dd74f05d31ebe236a76835c98d	0	0	0	0	0	0	0	0	0	11	0	0	0	0	0	0	0	0
3de58b27075fcc6cfd35c52e0363adf6	0	0	0	0	0	0	0	0	0	6	0	0	0	0	0	2	0	0
66653aabc317bfc7e67fcb60ed7b6331	0	0	0	0	0	0	0	0	0	0	14	0	0	0	0	0	0	0
b0a1d1ba532e2343aa79c1ad3ec0ef1e	0	0	0	0	0	0	0	0	0	0	0	0	0	15	0	0	0	0
2e166ce6aa0c0c43ff1246a86f9bd66b	0	0	0	0	0	0	0	0	0	0	0	0	0	0	4	0	0	0
9b1c8c07e159cdaf5044e427ef4b92e7	0	0	1	0	0	0	0	0	0	0	0	0	0	0	0	0	0	0
7f6e4c4d155e7255aa470a81e46599c6	0	0	1	0	0	0	0	0	0	0	0	0	0	0	0	0	0	0
266caea7d9455cfaaa5a7db4c45800aa	0	0	1	0	0	0	0	0	0	0	0	0	0	0	0	0	0	0
f8a59907b12b560f265bc950832f9f57	0	0	3	0	0	0	0	0	0	0	0	0	0	0	0	0	0	0
91d47a65976dd918471eee6d496ed475	0	0	2	0	0	0	0	0	0	0	0	0	0	0	0	0	0	0
ae9b156e1e288cf1f830164e5b1a079a	0	0	1	0	0	0	0	0	0	0	0	0	0	0	0	0	0	0
05f5da82e2ac7bccfa0b76399a4f89a5	0	0	2	0	0	0	0	0	0	0	0	0	0	0	0	0	0	0
942f571ee58da9e08b3ef72a1f4610cf	0	0	3	0	0	0	0	0	0	0	0	0	0	0	0	0	0	0
683b0d9810c0ef53919c2fddb829a071	0	0	4	0	0	0	0	0	0	0	0	0	0	0	0	0	0	0
751aa8995cd62439f2d217d21931bb9c	0	0	1	0	0	0	0	0	0	0	0	0	0	0	0	0	0	0
62fc7dbdae51eb31b039e935b5fa647e	0	0	2	0	0	0	0	0	0	0	0	0	0	0	0	0	0	0
b07c178647eda3809800c3dbda6062cb	0	0	0	0	0	0	0	0	0	0	0	0	0	0	0	0	0	0
a34b655214860709ebc455064068f2df	0	0	0	0	0	0	0	0	0	0	0	0	0	0	0	0	0	0
65c89625c456a074437ddc31f7cbb4b1	0	0	2	0	0	0	0	0	0	0	0	0	0	0	0	0	0	0
093a06461e7f03256501b2f9cecfe045	0	0	0	0	0	0	0	0	0	0	0	0	0	0	0	0	0	0
7504c17993909d15aca746c2b375a781	0	0	3	0	0	0	0	0	0	0	0	0	0	0	0	0	0	0
42853ff8b3c139e591a6ccd69114ecce	0	0	1	0	0	0	0	0	0	0	0	0	0	0	0	0	0	0
d26a1d42b30097d501adcc77b60d08ca	0	0	0	0	0	0	0	0	0	0	0	0	0	0	0	0	0	0
3dd727266e344f42db45e25cbfcdb637	0	0	2	0	0	0	0	0	0	0	0	0	0	0	0	0	0	0
5208918e967b851f7801f0c8f2389de5	0	0	1	0	0	0	0	0	0	0	0	0	0	0	0	0	0	0
071496af5a0cc8175128def0be817193	0	0	0	0	0	0	15	0	0	0	0	0	0	0	0	0	0	0
ff4d10af6c705417fb3e7c43f7d908ec	0	0	0	0	0	0	0	0	10	2	0	0	4	0	0	0	0	0
4ab694b0923ce51e976e1f930c315fde	0	0	0	0	0	0	0	0	0	6	4	0	0	0	0	0	0	0
b8fca80ba2177e923059e95849b0b55f	0	0	0	0	0	0	0	0	0	5	0	1	0	3	0	0	0	0
6c0452afe06e62a9400eae6fca1aa3a1	0	0	0	0	0	0	0	0	0	1	0	6	0	0	0	0	0	0
0c041d9bed7c944235d865ef452c76c9	0	0	0	0	0	0	0	0	0	0	0	6	0	0	0	0	0	0
fabfd90ceea92e0371294913ef7aedf8	0	0	0	0	0	0	0	0	0	0	0	0	11	0	3	0	0	0
110cfb84a3a31583659b4f3df6a0d8d2	0	8	0	0	0	0	0	0	0	0	0	0	0	0	0	0	0	0
2f9ce355eef13d4b0e09817a3dbc674f	0	9	0	0	0	0	0	0	0	0	0	0	0	0	0	0	0	0
2a14f4b4bcc34cd0de53b473854c1051	0	0	2	0	0	0	0	0	0	0	0	0	0	0	0	0	0	0
5e3bc8108fcd89ec01958ec0f2a2be0c	0	0	1	0	0	0	0	0	0	0	0	0	0	0	0	0	0	0
ee08f2a327b333e1b51f4498ee564d1f	0	0	2	0	0	0	0	0	0	0	0	0	0	0	0	0	0	0
de2f280cccbbac377fab0f3d56ba9868	0	0	1	0	0	0	0	0	0	0	0	0	0	0	0	0	0	0
5207309f0f65a25ab279b5dd86076efe	0	0	1	0	0	0	0	0	0	0	0	0	0	0	0	0	0	0
844540635ea589f84f3557d2be7de7f4	0	0	1	0	0	0	0	0	0	0	0	0	0	0	0	0	0	0
e40521d063ce7645876192f8c683bc96	0	0	2	0	0	0	0	0	0	0	0	0	0	0	0	0	0	0
c6e29ed21ba01e32576dfcab1e387b6b	0	0	2	0	0	0	0	0	0	0	0	0	0	0	0	0	0	0
dc3519fdd48e7ed7b2492ed82bac4d41	0	0	0	22	0	0	0	0	0	0	0	0	0	0	0	0	0	0
d0e9c7c5a0e1734d874e31ebf392f540	0	0	0	0	0	0	0	0	0	0	2	0	6	0	0	0	0	0
00fe48509cafbf8568e66a1d0c4eceb5	0	0	0	0	0	0	0	0	0	0	10	0	0	7	0	0	0	0
ef9c8e330233313d7dd6d67cc7c33e0d	0	0	0	0	0	0	0	0	0	0	0	10	0	0	0	0	0	0
323a232065ec32badaebfdfa50128e71	0	0	0	0	0	0	0	0	0	0	0	0	4	0	0	0	0	0
a0a16a427947a88e1d62f9cf41d5b0e2	0	0	0	0	0	0	0	0	0	0	0	0	0	4	6	0	0	0
d487d5df5574a95b92b5fe3af7102bbb	0	0	0	0	0	0	0	0	0	0	0	0	0	0	8	0	0	0
2f42daf082edd3667394606282728ee0	11	0	2	0	0	0	0	0	0	0	0	0	0	0	0	0	0	0
45dd607645e57aeb810b47466a3e590a	0	0	3	0	0	0	0	0	0	0	0	0	0	0	0	0	0	0
33987fcfed0a92a4ba08d1298ea45cfd	0	0	1	0	0	0	0	0	0	0	0	0	0	0	0	0	0	0
b3e7e7a711ed4f62303a4d29eec4811f	0	0	2	0	0	0	0	0	0	0	0	0	0	0	0	0	0	0
12274cfcb9fd1dceb7cc2e748db9776a	0	0	3	0	0	0	0	0	0	0	0	0	0	0	0	0	0	0
4a3f2f18853a72cd41eda6b1ba147134	0	0	1	0	0	0	0	0	0	0	0	0	0	0	0	0	0	0
62b38cd9888cdd8ab2574e6699b9b727	0	0	2	0	0	0	0	0	0	0	0	0	0	0	0	0	0	0
5c1e994d1fc821ff7995cec680d18ad4	0	0	1	0	0	0	0	0	0	0	0	0	0	0	0	0	0	0
016c331f6115dc188dd22c817d57c763	0	0	5	0	0	0	0	0	0	0	0	0	0	0	0	0	0	0
80b4b883492456d60b9a0a24f84624eb	0	0	3	0	0	0	0	0	0	0	0	0	0	0	0	0	0	0
115328928b70f0def95313c214a42dc7	0	0	2	0	0	0	0	0	0	0	0	0	0	0	0	0	0	0
77d3096f5b7e7ad73dcad461a9406e6a	0	0	0	0	0	6	0	0	0	0	0	0	0	0	0	0	0	0
f6beddcef6ffa78e2036b0a434d3039a	0	0	0	0	0	0	0	0	0	2	0	3	4	0	0	0	0	0
7b448eda79d01e0c62fe383e89c3ad34	0	0	0	0	0	0	0	0	0	0	8	0	0	0	0	0	0	0
83166c2d834057bb5592b7392bbaee93	0	0	0	0	0	0	0	0	0	0	0	0	9	0	0	0	0	0
cc7384bb3304b5010f72f8977f8a83e1	5	0	1	0	0	0	0	0	0	0	0	0	0	0	0	0	0	0
1a37a11f12cc4193d507a35fa308bbb4	28	0	0	0	0	0	0	0	0	0	0	0	0	0	0	0	0	0
7603066bcf1c00d1e3fcbfe2eda4fec7	11	0	1	0	0	0	0	0	0	0	0	0	0	0	0	0	0	0
96b52e99a887de05bd5931835295c51b	0	12	0	0	0	0	0	0	0	0	0	0	0	0	0	0	0	0
634c35e351adf80c726c42fa012949c0	0	0	2	0	0	0	0	0	0	0	0	0	0	0	0	0	0	0
de178d8360fd5482b90d6e1d132f609a	0	0	2	0	0	0	0	0	0	0	0	0	0	0	0	0	0	0
d76522c01311873c8991de74c5e96a3e	0	0	2	0	0	0	0	0	0	0	0	0	0	0	0	0	0	0
4ddcc2961036b2d8c5cbbfa10591a52c	0	0	1	0	0	0	0	0	0	0	0	0	0	0	0	0	0	0
b46e072f24e20001e93a0b7d5286095f	0	0	1	0	0	0	0	0	0	0	0	0	0	0	0	0	0	0
69b5e5076adf3bf7839fc01f62c2b910	0	0	1	0	0	0	0	0	0	1	0	0	0	0	0	0	0	0
d810e6d80bfb596758dbf2be78bedff7	0	0	1	0	0	0	0	0	0	0	0	0	0	0	0	0	0	0
df4e2cf875aff966005792cbb486d58e	0	0	2	0	0	0	0	0	0	0	0	0	0	0	0	0	0	0
3c56ed559848e764fd9bcf8924d93ac9	0	0	1	15	0	0	0	0	0	0	0	0	0	0	0	0	0	0
5869e1441382e23b95c0daff4a5e92ed	0	0	3	0	0	0	0	0	0	0	0	0	0	0	0	0	0	0
9657d7fc1fa11d6aac251178faf00806	0	0	0	0	0	0	0	0	0	0	2	0	0	0	1	0	0	0
0481eeadad44a9737134435c3c10e85b	0	0	0	0	0	0	0	0	0	0	0	8	0	0	0	0	0	0
9283746ebfe35418bb7527cba113a591	0	0	0	0	0	0	0	0	0	0	0	0	12	0	0	0	0	0
bdc9276f0b0501fab166d89fe4eaeb27	0	0	0	0	0	0	0	0	0	0	0	0	8	0	0	0	0	0
35eac0494beffc40fa76ab7db4848ac9	0	0	0	0	0	0	0	0	0	0	0	0	0	0	8	0	0	0
8f80fb068496a5fb932e1e5a84a2ae47	0	0	0	0	0	0	0	0	0	0	0	0	0	0	9	0	0	0
da1c5ea95d62e6cfd6a84220c416f2c5	0	14	0	0	0	0	0	0	0	0	0	0	0	0	0	0	0	0
aa585351262598f0618f5ca55fb4c56e	0	0	0	0	0	0	0	0	0	0	0	0	0	0	0	0	0	0
f5e65270fdaf8596b8ded5331cd4c33a	0	0	0	0	0	0	0	0	0	0	0	0	0	0	0	0	0	0
a958d847fb96951523ee100a80453689	0	0	4	0	0	0	0	0	0	0	0	0	0	0	0	0	0	0
08a3bdf2ce2def6f8c9bc5ee86cf3d3a	0	0	3	0	0	0	0	0	0	0	0	0	0	0	0	0	0	0
e9f167e3b1251304ac7d83f76bdc5cc0	0	0	1	0	0	0	0	0	0	0	0	0	0	0	0	0	0	0
776418e264d02a13d74b85a0a0e8be82	0	0	1	0	0	0	0	0	0	0	0	0	0	0	0	0	0	0
c6edb9e4819eba566cbb3dc2b51390d5	0	0	0	0	0	6	0	0	0	0	0	0	0	0	0	0	0	0
9da6f1214500a18fc303d52d37aa526e	0	0	0	0	0	6	0	0	0	0	0	0	0	0	0	0	0	0
df21c848e616196cf0e3fea5a035065d	0	0	0	0	0	0	0	0	0	5	0	0	0	0	0	0	0	0
1deeefcc0689a8ef3215438e01392bbf	0	0	0	0	0	0	0	0	0	0	3	1	0	0	0	0	0	0
d44a41feb287b1f1153d623bd197752b	0	0	0	0	0	0	0	0	0	0	4	0	0	0	2	6	0	0
b83b7c77da10499eb1dc4ade2edbe6ab	0	0	0	0	0	0	0	0	0	0	0	0	0	2	1	0	4	0
d63d6d7d774080b1573f919cb039936a	11	6	0	0	0	0	0	0	0	0	0	0	0	0	0	0	0	0
bf09155355ed515a94a85f425f1dfd0e	10	6	0	0	0	0	0	0	0	0	0	0	0	0	0	0	0	0
806f9190db6e6c909a7f08d1d3cc8e7d	0	11	0	5	0	0	0	0	0	0	0	0	0	0	0	0	0	0
78c078b2c22553972842fc7093f11a4f	0	0	0	0	0	0	0	0	0	0	0	0	0	0	0	0	0	0
bfae43b7957abbf2f233f3bca20a5b4a	0	0	1	0	0	0	0	0	0	0	0	0	0	0	0	0	0	0
13e819d22d6168fcd26730b04c43075e	0	0	0	0	0	0	0	0	0	0	0	0	0	0	0	0	0	0
5ec3f96cee224f47d30c286b7a45ce92	0	0	1	0	0	0	0	0	0	0	0	0	0	0	0	0	0	0
819223aa07a9ed9f64b830f2d0f31ae9	0	0	1	0	0	0	0	0	0	0	0	0	0	0	0	0	0	0
98cdbbf3d167d872ab5a88a129659007	0	0	1	0	0	0	0	0	0	0	0	0	0	0	0	0	0	0
e25b45d0fa25cbe2fc5570b58a6d253d	0	0	3	0	0	0	0	0	0	0	0	0	0	0	0	0	0	0
713197eb6455c67ee9c99880582888b8	0	0	2	0	0	0	0	0	0	0	0	0	0	0	0	0	0	0
d7f3e3242374b50fc16d811ae8c35f5b	0	0	0	0	0	0	0	0	4	2	0	0	3	0	0	0	0	0
cf0d9395ac4037940e3047c30b51583d	0	0	0	0	0	0	0	0	0	3	0	0	0	0	0	0	3	0
94116d38c96af1d117ee87f9f56a23a2	0	0	0	0	0	0	0	0	0	8	0	0	0	0	0	0	6	0
83bc9df8301ce61a037a9173fffd84e5	0	0	0	0	0	0	0	0	0	2	0	0	5	0	0	0	0	0
3598a27fcc5a40bc02815b729c6187b8	0	0	0	0	0	0	0	0	0	0	4	0	0	7	0	0	0	0
cee499d1a0ea223da75029a72db78e40	0	0	0	0	0	0	0	0	0	0	0	4	0	0	0	0	0	0
c20c033f49bd99b2eb7476173d23989f	0	0	0	0	0	0	0	0	0	0	0	0	8	0	0	0	0	0
ba34204b1005a0f54f895946dbf9aa50	0	0	0	0	0	0	0	0	0	0	0	0	0	0	4	0	6	0
b28a92d7068f9435a8edd9bc05e5d034	0	0	0	0	0	0	0	0	0	0	0	0	0	0	1	0	8	0
283ae2e3a651a98a425a827108b061d6	0	1	2	0	0	0	0	0	0	0	0	0	0	0	0	0	0	0
035ed0634e872ba7837c31d7e8733ce2	0	0	1	0	0	0	0	0	0	0	0	0	0	0	0	0	0	0
c60d62958da785373a9fb7e69304129b	0	0	2	0	0	0	0	0	0	0	0	0	0	0	0	0	0	0
83f055273973012cee1d8d2539a719d0	0	0	3	0	0	0	0	0	0	0	0	0	0	0	0	0	0	0
afd6baabe20ececadc73e8f58c98dc4d	0	0	2	0	0	0	0	0	0	0	0	0	0	0	0	0	0	0
8d7bf68580b88431ffe1fa9f501d032c	0	0	3	0	0	0	0	0	0	0	0	0	0	0	0	0	0	0
56ca3fcc760940aeb9a5d940d356f67c	0	0	0	0	0	0	0	0	0	0	0	0	0	0	0	0	0	0
70756066c1ed2ab3ae4ede5fe74af6eb	0	0	1	0	0	0	0	0	0	0	0	0	0	0	0	0	0	0
306a4097f672c762635976d5c28c4e53	0	0	0	0	0	0	0	0	0	0	0	0	0	0	0	0	0	0
7a5f6c5ce6799b572d6cd2d8b11ecabd	0	0	0	0	0	0	0	0	0	0	0	0	0	0	0	0	0	0
f4a408758d38985b538927727070287a	0	0	1	0	0	0	0	0	0	0	0	0	0	0	0	0	0	0
a304261384c252e002371e7d560aef53	0	0	2	0	0	0	0	0	0	0	0	0	0	0	0	0	0	0
6b26ee4ee36fb7e1f78bb471b470e1a9	0	0	1	0	0	0	0	0	0	0	0	0	0	0	0	0	0	0
c76e81a114ddc3921c24c1586a1e0d9f	0	0	0	0	0	0	0	0	0	4	4	0	0	0	0	0	0	0
689111e6c2a87435314a9d326ffae6bf	0	0	0	0	0	0	0	0	0	2	0	0	1	0	0	0	0	0
511bd814ad800b3952d6a255e9f1a65a	0	0	0	0	0	0	0	0	0	3	0	0	0	7	0	0	0	0
e24a3d77e331e3bed9c236c39a19a53c	0	0	0	0	0	0	0	0	0	6	0	0	0	0	0	0	0	0
463164a5fe1dd97f6f8c620c7225a015	0	0	0	0	0	0	0	0	0	0	4	0	6	0	0	0	0	0
0662f7efdd0ed1fdc621f461e61af12e	0	0	0	0	0	0	0	0	0	0	0	0	0	12	0	0	0	0
8830bddc92fa1a74ca61b2de94a20d71	24	0	0	0	0	0	0	0	0	0	0	0	0	0	0	0	0	0
dadb1ab6405c124e72f7f11a40c50e3a	0	2	1	0	0	0	0	0	0	0	0	0	0	0	0	0	0	0
1f47a7c20ad35f75164d9d8ab8383313	0	0	1	0	0	0	0	0	0	0	0	0	0	0	0	0	0	0
a99af2919e6dd7807342280b84cecd14	0	0	0	0	0	0	0	0	0	0	0	0	0	0	0	0	0	0
67fe4990781a5e9bd6a568c09e3d55bb	0	0	2	0	0	0	0	0	0	0	0	0	0	0	0	0	0	0
63e9ddeb775eb366bd36f05018ea87f4	0	0	1	0	0	0	0	0	0	0	0	0	0	0	0	0	0	0
a79e8de751edf2cc1b9be2ccd2e0421f	0	0	1	0	0	0	0	0	0	0	0	0	0	0	0	0	0	0
ace5e08f1860f948e08730261db258fd	0	0	1	0	0	0	0	0	0	0	0	0	0	0	0	0	0	0
777f43b68f7f88eda303e42716325bf7	0	0	1	0	0	0	0	0	0	0	0	0	0	0	0	0	0	0
649db392ba14ee1c9b1cd25afeb02cf2	0	0	2	0	0	0	0	0	0	0	0	0	0	0	0	0	0	0
77b6f94428624138c5b33e7be8e36880	0	0	1	0	0	0	0	0	0	0	0	0	0	0	0	0	0	0
d43b0fdaac545f239226e48fbbe05e16	0	0	3	0	0	0	0	0	0	0	0	0	0	0	0	0	0	0
14b221b06f9e60f9e54832463bcf80db	0	0	0	0	0	0	0	0	0	3	0	0	0	1	0	0	0	0
7221e64fc1bbe06a969daba0f6e8e3d3	0	0	0	0	0	0	0	0	0	3	0	0	5	0	0	0	0	0
1e3e36b4556f2c0d66717979ff3b099a	0	0	0	0	0	0	0	0	0	0	0	4	0	0	0	0	0	0
dd204811be15b8a5c48a2c0b4fc88d28	0	0	0	0	0	0	0	0	0	0	0	0	4	5	0	0	0	0
e280ad659506578b92fe2b43532b693a	0	0	0	0	0	0	0	0	0	0	0	0	0	10	0	5	0	0
0b1c2d07edbacb4bfec908ae0d330a60	0	0	0	0	0	0	0	0	0	0	0	0	0	0	0	0	22	0
10c482f7a429889fd14c439cb9a804e0	3	0	1	0	0	0	0	0	0	0	0	0	0	0	0	0	0	0
d0350efafa1a1f131b19e69f358bb637	6	0	3	0	0	0	0	0	0	0	0	0	0	0	0	0	0	0
07d28e24186ef875563ce339b8f3ca99	23	0	0	0	0	0	0	0	0	0	0	0	0	0	0	0	0	0
6bc7400153b2be7e78fbcd8ee0c13259	22	0	0	0	0	0	0	0	0	0	0	0	0	0	0	0	0	0
c7922ff70395acf985b9f08b2eef2418	0	0	0	0	0	0	0	0	0	0	0	0	0	0	0	0	0	0
1939bf7eb3668d66f5fb6e4efc01a694	0	0	0	0	0	0	0	0	0	0	0	0	0	0	0	0	0	0
12fb264f867817750d13f7c166d160e1	0	0	1	0	0	0	0	0	0	0	0	0	0	0	0	0	0	0
e684aa4a952402f4142a02272e337e3f	0	0	0	0	0	0	0	0	0	0	0	0	0	0	0	0	0	0
aa1b71db599fa7d98d831beb9315b5d5	0	0	2	0	0	0	0	0	0	0	0	0	0	0	0	0	0	0
f2cd7a8069825cc8d70e928e1fe14ebc	0	0	1	0	0	0	0	0	0	0	0	0	0	0	0	0	0	0
31a25b88eef2e6fd318b670f42730396	0	0	1	2	0	0	0	0	0	0	0	0	0	0	0	0	0	0
f1f5748b48105831e230a74b0fb7e006	0	0	1	0	0	0	0	0	0	0	0	0	0	0	0	0	0	0
cd3d5217a30d8af7384bc04e593432ad	0	0	2	0	0	0	0	0	0	0	0	0	0	0	0	0	0	0
b48eec7d91bdf4a1cb07f4b6ed5a9735	0	0	3	0	0	0	0	0	0	0	0	0	0	0	0	0	0	0
1af963a5ad6d7cf2d88179175d3fadba	0	0	0	0	0	0	0	0	0	0	0	0	0	0	0	0	0	0
7d145eff14f6938e402c66589b4e36b4	0	0	2	0	0	0	0	0	0	0	0	0	0	0	0	0	0	0
f1fb64073ad2d916fc13873344dc6bf8	0	0	2	0	0	0	0	0	0	0	0	0	0	0	0	0	0	0
3395023d8f2f70201df141441ef40f3d	0	0	1	0	0	0	0	0	0	0	0	0	0	0	0	0	0	0
513d402a464171cac96d5acfc36ba498	0	0	0	0	0	0	0	0	0	0	0	0	0	0	0	0	0	0
668de9bdc6ee6094e3c766f7fef7fcce	0	0	1	0	0	0	0	0	0	0	0	0	0	0	0	0	0	0
578aa46abf905ede475f10e2dd8ac3a6	0	0	1	0	0	0	0	0	0	0	0	0	0	0	0	0	0	0
49b34ec2a093bb52d0c42f4e0384348e	0	0	0	18	0	0	0	0	0	0	0	0	0	0	0	0	0	0
5cac888486b3386235ff9b1bb275fb6d	0	0	0	0	0	0	0	0	0	2	0	0	2	0	0	0	0	0
2d9efbffbccc251036581aa8c4ae46e6	0	0	0	0	0	0	0	0	0	6	0	0	0	0	0	0	0	0
33f845f190585b6a4cfe55421218a4d5	0	0	0	0	0	0	0	0	0	0	0	3	3	0	0	0	0	0
314ed036633ad4662111a81e182e9930	0	0	0	0	0	0	0	0	0	0	0	5	0	0	0	0	0	0
34005b074f8d2337364e5f708a070a62	0	0	0	0	0	0	0	0	0	0	0	5	0	0	0	0	0	0
783f5430ea01c0d6b265c38c8c271388	0	0	0	0	0	0	0	0	0	0	0	7	0	0	0	0	0	0
a2ed79b2e5451bd9491dec7fa33509e6	0	0	0	0	0	0	0	0	0	0	0	4	0	0	0	0	0	0
f46ab31147c166b9f1b20f3a916f9ac8	0	0	0	0	0	0	0	0	0	0	0	0	2	0	0	0	0	0
ac492bf1c18d442af1f7198cedc897a4	0	0	0	0	0	0	0	0	0	0	0	0	5	6	0	0	0	0
b540424541c2ddda98e9957d18682c9b	0	0	0	0	0	0	0	0	0	0	0	0	12	0	0	0	0	0
5526c3873d461574f5071f85419556ff	0	0	0	0	0	0	0	0	0	0	0	0	0	0	0	11	0	0
8edb506639e6da5310471ec3cff1ba90	0	0	0	0	0	0	0	0	0	0	0	0	0	0	0	0	22	0
cb1f5181681619ed114bcd5642ae6881	0	0	0	0	0	0	0	0	0	0	0	0	0	0	0	0	0	14
ed41bef1a5b7465d1fc4cb3524b54952	0	0	0	0	0	0	0	0	0	0	0	0	0	0	0	0	0	14
ce4366ab99c2d4111346a07dc2ba0b65	8	0	0	3	0	0	0	0	0	0	0	0	3	0	0	0	0	0
1084fc73344efa923ef8a5dd523d2d29	0	0	2	0	0	0	0	0	0	0	0	0	0	0	0	0	0	0
f9cb2936ad62bde82d1601d0c45dc65e	0	13	0	0	0	0	0	0	0	0	0	0	0	0	0	0	0	0
4a60596f9959640514c66895f3ab3260	0	5	0	0	0	0	0	0	0	0	0	0	0	0	0	0	0	0
014cc41f9c78abd971975e532f21e994	0	0	1	0	0	0	0	0	0	0	0	0	0	0	0	0	0	0
7832c5fe9272153e2925f6f123403240	0	0	1	0	0	0	0	0	0	0	0	0	0	0	0	0	0	0
91f2786fa716df6596406179537d744e	0	0	3	0	0	0	0	0	0	0	0	0	0	0	0	0	0	0
5ad2e539ba20f20b82df96c5118be683	0	0	1	0	0	0	0	0	0	0	0	0	0	0	0	0	0	0
d263da9cd2bc05d18490215afb127e03	0	0	2	0	0	0	0	0	0	0	0	0	0	0	0	0	0	0
26739385244cbb574b0ac4491077c542	0	0	1	0	0	0	0	0	0	0	0	0	0	0	0	0	0	0
dbbad6103b86197536d58150c726cd31	0	0	2	0	0	0	0	0	0	2	0	0	0	0	0	0	0	0
284d2ebeaf4e03102bf2219f721846ed	0	0	0	0	0	0	0	0	0	0	0	0	0	0	0	0	0	0
313b0d7d12e1f742b7667bc166389607	0	0	0	0	0	0	0	0	2	0	0	1	0	0	0	0	0	0
fd931f2b72e2cd2e0b476985f15d624b	0	0	2	0	0	0	0	0	0	0	0	0	0	0	0	0	0	0
85af7577f9ec2f63c1268113a78849b8	0	0	0	0	0	0	0	0	0	0	0	0	0	0	0	0	0	0
4a7a5b71cb50c4ae5c70d2ba3c10a3a2	0	0	2	0	0	0	0	0	0	0	0	0	0	0	0	0	0	0
b51929f0647030b44c29e247f8f11d91	0	0	0	0	10	0	0	0	0	0	0	0	0	0	0	0	0	0
eddc964e0772e72e589be3205446a997	0	0	0	0	0	7	0	0	0	0	0	0	0	0	0	0	0	0
d8e40c5642d279fb97c1e8bf2c1341c6	0	0	0	0	0	0	12	8	0	0	0	0	0	0	0	0	0	0
b8dd698c6d0bf338e7efc72950f2b0ef	0	0	0	0	0	0	0	0	17	0	0	0	0	0	0	0	0	0
292a2a3a4f1f2d3f2e0aad65910b6f56	0	0	0	0	0	0	0	0	4	0	0	0	1	0	0	0	0	0
106a69b96176209fa085dad508313850	0	0	0	0	0	0	0	0	0	0	6	0	0	0	0	0	0	0
653ef6e9d8dcff8693e478509b2a9dcb	0	0	0	0	0	0	0	0	0	0	4	0	0	0	4	0	0	0
a5062273ced7b42e0cca7ddbbfb9439a	0	0	0	0	0	0	0	0	0	0	0	3	4	0	0	0	0	0
791575a589a1a3c51b9e62cd5228b8aa	0	0	0	0	0	0	0	0	0	0	0	1	0	0	0	0	0	0
f503a5c09d7aa38768244ff0a4109765	0	0	0	0	0	0	0	0	0	0	0	0	0	0	5	2	0	0
57369b3cc2da366362496c7e8f0ed278	21	0	0	0	0	0	0	0	0	0	0	0	0	0	0	0	0	0
9e0050c2a2302de5363d11310776be65	0	9	0	0	0	0	0	0	0	0	0	0	0	0	0	0	0	0
3521f23087543bd4690da09d64d4401c	0	3	1	0	0	0	0	0	0	0	0	0	0	0	0	0	0	0
5833ea29ff74c7a950493bd8b3cebbd5	0	0	2	0	0	0	0	0	0	0	0	0	0	0	0	0	0	0
2b120b39e1411c38438e01c990aa60d0	0	0	0	0	0	0	0	0	0	0	0	0	0	0	0	0	0	0
c3a7f5dd75b2868392960fdb832bb7b7	0	0	1	0	0	0	0	0	0	1	0	0	0	1	0	0	0	0
25cf23ed4fe41d43e2b66d58c60fcda1	0	0	0	0	0	0	0	0	0	0	0	0	0	0	0	0	0	0
a3ca6725a6521bc03ae8fd5da8808697	0	0	1	0	0	0	0	0	0	0	0	0	0	0	0	0	0	0
6cc7bbe42911490e6b3e6086bd339d9d	0	0	2	0	0	0	0	0	0	0	0	0	0	0	0	0	0	0
1241737f679a1c12cbad1b5164e4029f	0	0	1	0	0	0	0	0	0	0	0	0	0	0	0	0	0	0
2fd7a2464d44bf8fccdec966ce362f05	0	0	1	0	0	0	0	0	0	0	0	0	0	0	0	0	0	0
bd79acf66ba426f49516774ff07b62e6	0	0	2	0	0	0	0	0	0	0	0	0	0	0	0	0	0	0
a6f81fd23a6800db977da238e69dcbe2	0	0	0	0	0	0	0	0	0	0	0	0	0	0	0	0	0	0
18808acf9e47a5078ce5e3a1a84665a9	0	0	1	0	0	0	0	0	0	0	0	0	0	0	0	0	0	0
6db61fcb20c47f9734fbae32513e2c31	0	0	2	0	0	0	0	0	0	0	0	0	0	0	0	0	0	0
3da6ad1969a42b448608dbd9a7a43970	0	0	0	0	2	0	0	0	0	0	6	0	0	0	0	5	0	0
9799f5252f22c0e958bcbfe0c4ef7ee3	0	0	0	0	0	5	0	2	0	0	0	0	0	0	0	0	0	0
b43d42587838579c5a93c24762a1ee66	0	0	0	0	0	4	0	0	0	0	0	0	0	0	0	0	0	0
f4b8efab85d29e16f01b710a5e4186d2	0	0	0	0	0	0	0	0	5	2	0	0	0	0	0	0	0	0
ec99f199096850e08dde85c4157b1461	0	0	0	0	0	0	0	0	0	5	0	0	0	0	0	0	0	0
48488af223ec4b057caeb9436229ecc1	0	0	0	0	0	0	0	0	0	1	0	0	0	0	0	0	0	0
1d858c9cad68bc67b0762b51797d65f7	0	0	0	0	0	0	0	0	0	0	0	0	0	0	0	0	0	0
93643b5addd3e125bf27b523b1202499	0	0	0	0	0	0	0	0	0	0	0	5	0	0	0	0	0	0
abb2dd9bcf7d2b2397002512d4f76699	0	0	0	0	0	0	0	0	0	0	0	1	5	0	0	0	0	0
87e48ae6174ddebce22b1e934fc64238	0	0	0	0	0	0	0	0	0	0	0	0	6	0	0	0	0	0
615f8fef27b6bb2d0965c423874dee43	0	0	0	0	0	0	0	0	0	0	0	0	0	0	0	0	0	0
01bcd0baecd315e38ee049bbb8007224	0	0	0	0	0	0	0	0	0	0	0	0	0	10	0	0	0	0
8f6615cb927391d851f7f02e32f6e677	0	0	0	0	0	0	0	0	0	0	0	0	0	0	0	0	0	9
c57ce99def34bd31f174eb2370929617	0	3	0	0	0	2	0	0	0	0	0	0	0	0	0	0	0	0
548d76f326c28978ca72f142e1c1109a	0	0	1	0	0	0	0	0	0	0	0	0	0	0	0	0	0	0
7dd30f3de9e48bc578f81734c502468f	0	0	0	0	0	0	0	0	0	0	0	0	0	0	0	0	0	0
74ee34a66e1b9b3aa0277fbc6e0115ff	0	0	3	0	0	0	0	0	0	0	0	0	0	0	0	0	0	0
ddf2de68fdf6e4b0f1259a99df950a31	0	0	0	0	0	0	0	0	0	0	1	0	0	0	0	0	0	0
df9d05364a68a4e5376624e0e52f6763	0	0	1	0	0	0	0	0	0	0	0	0	0	0	0	0	0	0
f61faf1bad8156f9d6d815c11b7040d5	0	0	3	0	0	0	0	0	0	0	0	0	0	0	0	0	0	0
50938bff79b399a93e9123e970c0d79c	0	0	0	0	0	0	0	0	0	0	0	0	0	0	0	0	0	0
708ed651aabe829d85ae976491f1a7ec	0	0	2	0	0	0	0	0	0	0	0	0	0	0	0	0	0	0
43af89df73df552f4a873ef3cb7d3632	0	0	1	0	0	0	0	0	0	0	0	0	0	0	0	0	0	0
bf72a77e8739ede989b263dd92b6b5a5	0	0	2	0	0	0	0	0	0	0	0	0	0	0	0	0	0	0
ee34c18cb7ccf5c109ac40605ad82b42	0	0	1	0	0	0	0	0	0	0	0	0	0	0	0	0	0	0
1fbc5fe9d490fcdd0f8016e78bc63fc7	0	0	0	0	0	0	0	0	0	0	0	0	0	0	0	0	0	0
77d7e2042a03ac692dbc066ae92776e0	0	0	1	0	0	0	0	0	0	0	0	0	0	0	0	0	0	0
8f036923c2799aef800d6128c94ac979	0	0	1	0	0	0	0	0	0	0	0	0	0	0	0	0	0	0
4d88c49d1b8aa61c64a384a35c8ae303	0	0	0	0	0	0	0	0	3	2	0	0	0	0	0	0	0	0
95b4916bc3438f429ba39f42d2353b4a	0	0	0	0	0	0	0	0	0	1	5	0	0	0	0	0	0	0
d6ed6cfc04bff5a3def7ecf76f90b6f7	0	0	0	0	0	0	0	0	0	0	0	0	0	0	0	0	0	0
86e0b157ff2b1720b0fcef44a850b1d9	0	0	0	0	0	0	0	0	0	3	0	0	0	0	0	0	0	0
a1339d8b6d733a1a3d6dd590e89008f5	0	0	0	0	0	0	0	0	0	0	0	2	0	0	4	0	0	0
e699bd5a594ef59ac1ab00b3eb57ac17	0	0	0	0	0	0	0	0	0	0	0	0	9	0	0	0	0	0
19ebaee22c43a20f97be8ea647c980d1	0	0	0	0	0	0	0	0	0	0	0	0	0	0	0	0	0	6
3b3fc6432aa3494b0dc68ccd268c5d73	0	7	0	0	0	0	0	0	0	0	0	0	0	0	0	0	0	0
5a7510c4fc5dc2a97112714d329fd9a3	0	7	0	0	0	0	0	0	0	0	0	0	0	0	0	0	0	0
b5fc2a2eb2b5180c3599190baa7e4881	0	0	0	0	0	0	0	0	0	0	0	0	0	0	0	0	0	0
1ad155f766fa8ffa45f9590a4c03e396	0	0	2	0	0	0	0	0	0	0	0	0	0	0	0	0	0	0
1b2306a013dd1a3db47cb4aee70a27e1	0	0	0	0	0	0	0	0	0	0	0	0	0	0	0	0	0	0
12078f4489214839c663b2a0230f3087	0	0	0	0	0	0	0	0	0	0	0	0	0	0	0	0	0	0
51dd7f16065ff015ac805f9baff0b805	0	0	1	0	0	0	0	0	0	0	0	0	0	0	0	0	0	0
2b93fd77226a36939b249f7f363ce725	0	0	0	0	0	0	0	0	0	0	0	0	0	0	0	0	0	0
dac1bc09c69d19befd1ea1178e0621cb	0	0	2	0	0	0	0	0	0	0	0	0	0	0	0	0	0	0
d47e4b39a189ebca5ba7f59a1ed5cc4d	0	0	1	0	0	0	0	0	0	0	0	0	0	0	0	0	0	0
9fdf9b6faf9021a96407927dc3d494c0	0	0	3	0	0	0	0	0	0	0	0	0	0	0	0	0	0	0
90bdc70f0312ec26ff95862e16707aaf	0	0	1	0	0	0	0	0	0	0	0	0	0	0	0	0	0	0
f1fc03b9ac29e0097896b2729ebef227	0	0	0	0	0	0	0	0	0	0	0	0	0	0	0	0	0	0
8e49e144c9fa5546be17b6b9b1a8155f	0	0	0	0	0	0	0	0	0	0	0	0	0	0	0	0	0	0
6d90b6b12635ed8dd46ec37c91791420	0	0	1	0	0	0	0	0	0	0	0	0	0	0	0	0	0	0
ed835998c26ca5703cb60b38710ad22e	0	0	0	0	0	0	0	0	0	0	0	0	0	0	0	0	0	0
11a41cd6605db0981c3ae87aa9ac314b	0	0	0	0	7	0	0	0	0	0	0	0	0	0	0	0	0	0
a34218f0db54dd7c140eb823e88398d7	0	0	0	0	0	0	0	9	0	0	0	0	0	0	0	0	0	0
ee5b308cb5a7423a5a221fd14928ea72	0	0	0	0	0	0	0	0	0	2	0	0	0	2	0	0	0	0
1825d505ea154cde87f8f9b92479357b	0	0	0	0	0	0	0	0	0	1	0	1	3	0	0	0	0	3
09efd983ba1aa6d201943346196eb082	0	0	0	0	0	0	0	0	0	3	0	0	0	0	0	0	0	0
978f2b538145516be5349726d8efadf8	0	0	0	0	0	0	0	0	0	3	0	0	0	0	0	0	0	0
582a2c13a3dc9d22eeebc8a53f94afa1	0	0	0	0	0	0	0	0	0	3	0	0	0	0	0	0	0	0
b448eda500cf6e040279df9ef472d841	0	0	0	0	0	0	0	0	0	0	0	3	0	0	0	0	0	0
40b2943f7b5227ab693526c65811bc2d	0	0	0	0	0	0	0	0	0	0	0	1	1	1	0	0	0	0
1a527df2e1028a98501f5edabcbcfcfc	0	0	0	0	0	0	0	0	0	0	0	1	0	0	0	0	0	0
7a5b50db6a33384b57fc0f3c16d6f799	0	0	0	0	0	0	0	0	0	0	0	0	5	3	0	0	0	0
5a72b4dbce21f1c3e9bc868f14560255	0	0	0	0	0	0	0	0	0	0	0	0	0	4	0	0	0	0
e53f3d3420ac39d66bd8c0f5f21e10a5	0	0	0	0	0	0	0	0	0	0	0	0	0	0	0	13	0	0
a0ffda79d1f9657fb75c9eadc33cc252	17	0	0	0	0	0	0	0	0	0	0	0	0	0	0	0	0	0
9c7f4ecb2874268c0191f4ca6e270432	0	6	0	0	0	0	0	0	0	0	0	0	0	0	0	0	0	0
176441450d51d6432b6483ad64bc3f30	0	5	0	0	0	0	0	0	0	0	0	0	0	0	0	0	0	0
ab8e5635d386b26c3fde4dbfc5a0714b	0	1	0	0	0	0	0	0	0	0	0	0	0	0	0	0	0	0
ed695303e3e4c8bb6bd54e1ad6c018c9	0	0	0	0	0	0	0	0	0	0	0	0	0	0	0	0	0	0
5e27f1e5b432293515a2639f21bdecf4	0	0	1	0	0	0	0	0	0	0	0	0	0	0	0	0	0	0
54bbb0e92f7c4fb68e48fdf121ec363c	0	0	2	0	0	0	0	0	0	0	0	0	0	0	0	0	0	0
5962afcf04f3fcba13d1dd10cc785dd2	0	0	2	0	0	0	0	0	0	0	0	0	0	0	0	0	0	0
3e581580f71b9a1798318eb329a6c9d3	0	0	2	0	0	0	0	0	0	0	0	0	0	0	0	0	0	0
fc5d86e6f6dc1dc5f7f80afc82f34fa0	0	0	0	0	0	0	0	0	0	0	0	0	0	0	0	0	0	0
c04a72469574dfa55f2d0938942cb074	0	0	0	0	0	0	0	0	0	0	0	0	0	0	0	0	0	0
fa6337b00a051099bf426c97d37654c1	0	0	2	0	0	0	0	0	0	0	0	0	0	0	0	0	0	0
541252f4ed757c4b7c9368d7c9a3b726	0	0	2	0	0	0	0	0	0	0	0	0	0	0	0	0	0	0
3e8f1e4802b8c8ec03bacd46868fa84b	0	0	1	0	0	0	0	0	0	0	0	0	0	0	0	0	0	0
02faf42e9fd92c9e41bec23c56151ef6	0	0	0	0	0	0	0	0	0	0	0	0	0	0	0	0	0	0
d3a528d99de7b81849fa9b6ab7228e2a	0	0	0	0	0	0	0	0	0	0	0	0	0	0	0	0	0	0
184d339cd34fcc3327a58f56432dad5a	0	0	2	0	0	0	0	0	0	0	0	0	0	0	0	0	0	0
4df61a9fedfc80257529a4e9eba358a8	0	0	0	0	0	0	0	0	0	0	0	0	0	0	0	0	0	0
890ea6ecce07cac56d7c12904f88a341	0	0	0	0	0	0	0	0	0	0	0	0	0	0	0	0	0	0
601915bd4111928fedcc18fcea3523f7	0	0	0	0	0	0	0	0	0	0	0	0	0	0	0	0	0	0
55fd3b79ff2daa654fcb1502feb7954b	0	0	0	0	0	0	0	0	0	0	0	0	0	0	0	0	0	0
d0e6919cc00a6dac56e08347a9547ea6	0	0	0	0	0	0	0	0	0	0	0	0	0	0	0	0	0	0
f9187bc8f0dfc67a604b67efe1e38647	0	0	1	0	0	0	0	0	0	0	0	0	0	0	0	0	0	0
4b16e1f83638cdb6735761aee18ae987	0	0	0	0	0	0	0	0	0	0	0	0	0	0	0	0	0	0
3f94e0d85fb3f9edcbb5881d169bf3f5	0	0	0	0	0	0	0	0	3	2	3	0	0	0	0	0	0	0
0886d7843944761f168f2c5ead90b9d0	0	0	0	0	0	0	0	0	0	5	0	3	0	0	0	0	0	0
cb0f45799f5085ce9e4ddc21ee2af3ed	0	0	0	0	0	0	0	0	0	5	0	0	0	0	0	0	0	0
4b771ae9bbb9c7750da63721813bcf94	0	0	0	0	0	0	0	0	0	6	0	0	0	0	0	0	0	0
045de5d8285e8255ac996508b9965dd6	0	0	0	0	0	0	0	0	0	0	0	4	0	0	0	0	0	0
806fb2f000f610df1df06cf5a2258ad9	0	0	0	0	0	0	0	0	0	0	0	4	0	0	0	0	0	0
063e3d59b3ef085927ac8ff1c30b9b15	0	0	0	0	0	0	0	0	0	0	0	0	2	0	0	0	0	0
81d8a847bff293a110e744fd943b2f5a	0	0	0	0	0	0	0	0	0	0	0	0	0	6	0	0	0	0
f02c86e1a4db32c6c4e81182aa6a3718	0	0	0	0	0	0	0	0	0	0	0	0	0	6	0	0	0	0
77f87cf50e70fcc91ab0073de7c63c84	0	0	0	0	0	0	0	0	0	0	0	0	0	0	2	0	0	0
3c7f655fdc3c59f552d6d2fe6addf31b	0	0	0	0	0	0	0	0	0	0	0	0	0	0	0	15	0	0
277d61265fcb46b0cadd3f9367ccb7e1	16	0	0	0	0	0	0	0	0	0	0	0	0	0	0	0	0	0
61cb04db96ec5351ecc22db75e39f5dc	17	0	0	0	0	0	0	0	0	0	0	0	0	0	0	0	0	0
83859945833a55e999745faeca509ffe	0	5	0	0	0	0	0	0	0	0	0	0	0	0	0	0	0	0
fbd3eefe8798f0bc7a4196db92722f3a	0	0	2	0	0	0	0	0	0	0	0	0	0	0	0	0	0	0
16f3ea4bbd1ff2ef120c016fb4ba3fe4	0	2	0	0	0	0	0	0	0	0	0	0	0	0	0	0	0	0
3f99cea2f837c2e88971554d6daef2b6	0	6	0	0	0	0	0	0	0	0	0	0	0	0	0	0	0	0
22e45ed360161705127ecf2cc7ea15f0	0	0	0	0	0	0	0	0	0	0	0	0	0	0	0	0	0	0
c893957ee0cf1c9a1c53a6c562f9a5ae	0	0	0	0	0	0	0	0	0	0	0	0	0	0	0	0	0	0
1fdd1e785e53245aac0d4434bb1e747a	0	0	2	0	0	0	0	0	0	0	0	0	0	0	0	0	0	0
d4ae59e16119214beaa38fa77d59e14b	0	0	0	0	0	0	0	0	0	0	0	0	0	0	0	0	0	0
0396f1603e88fe11af84fd7e39ba5f20	0	0	3	0	0	0	0	0	0	0	0	0	0	0	0	0	0	0
8c0a59bafdb88f47810a2869a1cec68a	0	0	0	0	0	0	0	0	0	0	0	0	0	0	0	0	0	0
fa68fcfc79faade2d7f0f16584540890	0	0	2	0	0	0	0	0	0	0	0	0	0	0	0	0	0	0
ee6e5cdff2556285fb5af0115d35f3ed	0	0	5	0	0	0	0	0	0	0	0	0	0	0	0	0	0	0
4300dace1ccf2c1ec8238d9aa0ae64d4	0	0	1	0	0	0	0	0	0	0	0	0	0	0	0	0	0	0
212725af6bd26981265d5274ce446f56	0	0	0	14	0	0	0	0	0	0	0	0	0	0	0	0	0	0
df2d338e46d4a3bd860a03d9939c7092	0	0	0	0	4	0	2	0	0	0	0	0	0	0	0	0	0	0
13a866c6fdb59e0773874f9caf1243a0	0	0	0	0	0	0	0	15	0	0	0	0	0	0	0	0	0	0
4de80e4be016b1a7bac6233cb51a5ff0	0	0	0	0	0	0	0	0	9	0	0	0	0	0	0	0	0	0
ca18c99ac01248d714231ae9504b150b	0	0	0	0	0	0	0	0	4	4	0	0	0	0	0	0	0	0
4117daa46b07813c8e05d448a9e5de7e	0	0	0	0	0	0	0	0	0	4	0	0	0	0	0	0	0	0
a2c6cee4de61076d7c51d03534d56139	0	0	0	0	0	0	0	0	0	3	0	0	0	4	0	0	0	0
c6ac81b9b5bdc1c3021e212645f44304	0	0	0	0	0	0	0	0	0	0	0	0	0	0	1	0	0	3
00d39df13690b7ee10ab98e655b05120	0	0	0	0	0	0	0	0	0	0	0	0	0	0	0	6	0	5
d2e7676156ec2c2eda6940d302e0dab7	3	0	0	0	0	0	0	0	0	0	0	0	0	0	0	0	0	0
35eb30542b3a7c2c2be0bfc7144f4535	0	0	1	0	0	0	0	0	0	0	0	0	0	0	0	0	0	0
8d3d9d269a96bd6c9dea37f41969d603	0	0	1	0	0	0	0	0	0	0	0	0	0	0	0	0	0	0
c3fd5b2b2c687466a618c9c53c190ed4	0	0	0	0	0	0	0	0	0	0	0	0	0	0	0	0	0	0
57456ec3eb40a174eb308a997b4e10dd	0	0	1	0	0	0	0	0	0	0	0	0	0	0	0	0	0	0
332fa1047b1e598361800e4d9907b676	0	0	1	0	0	0	0	0	0	0	0	0	0	0	0	0	0	0
c2de51b6df127327962cb220c91646b7	0	0	1	0	0	0	0	0	0	0	0	0	0	0	0	0	0	0
6e665e8646b445187605e336268942b7	0	0	2	0	0	0	0	0	0	0	0	0	0	0	0	0	0	0
33f9b0ca81363e7f5385cc0bbbc69c7e	0	0	0	0	0	0	0	0	0	0	0	0	0	0	0	0	0	0
9288133cae5bfbeff3908e8c8b98d69a	0	0	0	0	0	0	0	0	0	0	0	0	0	0	0	0	0	0
2a21fca41dee1e17e7623ca987f7d5b4	0	0	1	0	0	0	0	0	0	0	0	0	0	0	0	0	0	0
1cf125e804d79bf9a767a68a9045d723	0	0	0	0	0	0	0	0	0	0	0	0	0	0	0	0	0	0
a25b2e1476eae8c0a4515facbd797024	0	0	3	0	0	0	0	0	0	0	0	0	0	0	0	0	0	0
c0fb43be99cfd3fa28a2f7f78f5b7414	0	0	1	0	0	0	0	0	0	0	0	0	0	0	0	0	0	0
e9a04393cecbb51f63f60e74b9e9736b	0	0	1	0	0	0	0	0	0	0	0	0	0	0	0	0	0	0
83986f745a56e291f17293cb8f949776	0	0	0	0	0	0	0	0	0	0	0	0	0	0	0	0	0	0
2b6875a4b14598af8486dc1c9700c79b	0	0	0	0	0	5	0	0	0	0	0	0	0	0	0	0	0	0
8784b9d94174b7ff5de3d591e51d3516	0	0	0	0	0	4	3	0	0	0	0	0	0	0	0	0	0	0
90d1cbedcede6387953365ef1a02a2d1	0	0	0	0	0	3	0	0	0	0	0	0	0	0	0	0	0	0
63a1d7c67355c773378f510ed5764790	0	0	0	0	0	0	0	0	14	0	0	0	0	0	0	0	0	0
8630b45152be49aec51505164b8270fe	0	0	0	0	0	0	0	0	0	2	0	0	0	0	0	0	0	0
4f89acbe891eb27200b6e557ea38a123	0	0	0	0	0	0	0	0	0	6	0	0	0	0	0	0	0	0
18dfeb43fb9d78b34dd556847aed5ed9	0	0	0	0	0	0	0	0	0	0	4	2	0	1	0	0	0	0
1107ce6e10f6793b881bbe5325c82435	0	0	0	0	0	0	0	0	0	0	0	3	1	0	0	0	0	0
e2db1f91f1a860a428beed75d1c8437d	0	0	0	0	0	0	0	0	0	0	0	5	0	0	0	0	0	0
49842c62fef759b2def04576f7d122dc	0	0	0	0	0	0	0	0	0	0	0	0	4	0	0	0	0	0
b531e5b572b5f7fe42b28632e22bbac7	0	0	0	0	0	0	0	0	0	0	0	0	6	0	0	0	0	0
1d27064138d131356e71ce17024d04fb	0	0	0	0	0	0	0	0	0	0	0	0	0	5	0	0	0	0
b2cb90e6c41113363799f8af248bbb8c	0	0	0	0	0	0	0	0	0	0	0	0	0	11	0	0	0	0
f5234c63a632cd3064454dcd666aae7f	0	0	0	0	0	0	0	0	0	0	0	0	0	0	2	0	0	0
9433055439e27caa98dc916fa16aafd4	2	0	0	0	0	0	0	0	0	0	0	0	0	0	0	0	0	0
e4fcb52d60b8d7e61ce3b59f79b25456	0	8	0	0	0	0	0	0	0	0	0	0	0	0	0	0	0	0
0bdc2488ed7b47883dd3b96daaabfc0b	0	5	0	0	0	0	0	0	0	0	0	0	0	0	0	0	0	0
78790f7aaffb340a96518ec14ffe0139	0	0	0	0	0	0	0	0	0	0	0	0	0	0	0	0	0	0
41f5e0ec09c2e27a9da114125636a798	0	0	1	0	0	0	0	0	0	0	0	0	0	0	0	0	0	0
13f4375ac691c2d96645bd6100d7b9b1	0	0	2	0	0	0	0	0	0	0	0	0	0	0	0	0	0	0
f69d335cffb3a693cc44ba1efdab3b45	0	0	0	0	0	0	0	0	0	0	0	0	0	0	0	0	0	0
3bbfb6908cfede54aa156cb405065ab0	0	0	0	0	0	0	0	0	0	0	0	0	0	0	0	0	0	0
f75cb0edef81f8a42241452a5bdd0a02	0	0	0	0	0	0	0	0	0	0	0	0	0	0	0	0	0	0
3f14b084bdc80ea8c1ba9a5e02a13321	0	0	1	0	0	0	0	0	0	0	0	0	0	0	0	0	0	0
17f4a7ace68174887acd1e9d8a2720d0	0	0	0	0	0	0	0	0	0	0	0	0	0	0	0	0	0	0
e5dc6da1ad3ca72cfc099c3b1910c339	0	0	1	0	0	0	0	0	0	0	0	0	0	0	0	0	0	0
ead8001a0f895b3d0e0e0910ee83a5ef	0	0	0	14	0	0	0	0	0	0	0	0	0	0	0	0	0	0
786cfa013e9f4cc4cac17a2d90255d4d	0	0	0	0	0	0	0	0	0	3	0	0	2	0	0	0	0	0
0fa3d2c13a5917bb67e0226e415db2f2	0	0	0	0	0	0	0	0	0	6	0	0	0	0	0	0	0	0
392aa58bd59ad3d48ec94f13a2619d89	0	0	0	0	0	0	0	0	0	0	6	0	0	0	0	0	0	0
da6596ca891dcaaa7b2d64fb8f086d41	0	0	0	0	0	0	0	0	0	0	0	2	0	0	0	0	0	0
9b60fcf09176fb67d3f15eef7a584ccd	0	0	0	0	0	0	0	0	0	0	0	5	0	0	0	0	0	0
5a827448d193679dac8c53253ffff70e	0	0	0	0	0	0	0	0	0	0	0	5	0	0	0	0	0	0
a12a9b110e641e320e590bb6ba36a4f1	0	0	0	0	0	0	0	0	0	0	0	0	0	0	0	0	0	0
4006a2620d480c25e34e9eb67ae57dd1	0	0	0	0	0	0	0	0	0	0	0	0	5	0	0	0	0	0
e87023c381065d937556678eaa04a9d7	0	0	0	0	0	0	0	0	0	0	0	0	0	5	0	0	0	0
d5e33cafb893cd151fdfc4462033e35f	0	0	0	0	0	0	0	0	0	0	0	0	0	4	0	0	0	0
0de4af1db19cf5d0320d6fbac8e6aad2	0	0	0	0	0	0	0	0	0	0	0	0	0	0	1	0	0	0
38d9ecbbc4dade1327947442dde6bf0e	0	0	0	0	0	0	0	0	0	0	0	0	0	0	2	0	0	0
03c3e6e20ffac7c15ea0f3430d7974ef	0	4	0	0	0	0	0	0	0	0	0	0	0	0	0	0	0	0
836d6077ded3e667922e74e1637d3c6c	0	7	0	0	0	0	0	0	0	0	0	0	0	0	0	0	0	0
2c89d314bbf981041c6721d40e6e7568	0	0	0	0	0	0	0	0	0	0	0	0	0	0	0	0	0	0
a31c084948c5afdf88d86c77fd8a4bd5	0	0	1	0	0	0	0	0	0	0	0	0	0	0	0	0	0	0
61f03384f74be4413638a5c74073ca3a	0	0	0	0	0	0	0	0	0	0	0	0	0	0	0	0	0	0
43d722325845655c564718540d388496	0	0	0	0	0	0	0	0	0	0	0	0	0	0	0	0	0	0
b89d1365ae442b5c4742db1f464d7fa1	0	0	0	0	0	0	0	0	0	0	0	0	0	0	0	0	0	0
8b11dcc4e8f95d696910b851943bdd12	0	0	0	0	0	0	0	0	0	0	0	0	0	0	0	0	0	0
0ef5a9736f74ebe3ef73d82dafd6a0a9	0	0	0	0	0	0	0	0	0	0	0	0	0	0	0	0	0	0
048c39a4ba75b8bef96a897fc72d71c3	0	0	1	0	0	0	0	0	0	0	0	0	0	0	0	0	0	0
e475a835b78af5707f30b82bcf0c1a56	0	0	0	0	0	0	0	0	0	0	0	0	0	0	0	0	0	0
30520c24f51966bf5cf790cac33366b6	0	0	4	0	0	0	0	0	0	0	0	0	0	0	0	0	0	0
9a13d4ecc8ce5c1919f5ec0a1c2b9341	0	0	0	0	0	0	0	0	0	0	0	0	0	0	0	0	0	0
59b47075a207de6b2df6e3e6caac4de0	0	0	0	0	0	0	0	0	0	0	0	0	0	0	0	0	0	0
04bfe7d713ee2cb6a3d03089be6ccd7c	0	0	1	0	0	0	0	0	0	0	0	0	0	0	0	0	0	0
3122f1396082887456b9407e609695e3	0	0	0	0	0	0	0	0	0	0	0	0	0	0	0	0	0	0
b094c337702770c88e000c3fbc5601e7	0	0	0	0	0	0	0	0	0	0	0	0	0	0	0	0	0	0
a89654a7f8f1515ff352ac5c0c697cb2	0	0	3	0	0	0	0	0	0	0	0	0	0	0	0	0	0	0
e46427a31161dde519e035e006fda313	0	0	1	0	0	0	0	0	0	0	0	0	0	0	0	0	0	0
6ee4bc8a1d9282a0acd309432949d6ab	0	0	0	0	0	0	0	0	0	0	0	0	0	0	0	0	0	0
fcf218d20700bce25d23de15197ca1a2	0	0	1	0	0	0	0	0	0	0	0	0	0	0	0	0	0	0
858471f14a43b47e9cf46b0a553cc006	0	0	0	12	0	0	0	0	0	0	0	0	0	0	0	0	0	0
a754b5a955a67fd87c83e73c247530e4	0	0	0	10	0	0	0	0	0	0	0	0	0	0	0	0	0	0
9a2ca4fe46be31b36c534ed02c7ec340	0	0	0	0	0	0	0	0	10	0	0	0	0	0	0	0	0	0
9d31a3951eb97cbd8d4217107a1a794e	0	0	0	0	0	0	0	0	0	1	0	3	0	0	0	0	0	0
a0e7c7dec79a9fa5fdd0e1dddac1b062	0	0	0	0	0	0	0	0	0	2	0	0	0	0	0	0	0	0
a242104f0c1675cda197f9040a7469d1	0	0	0	0	0	0	0	0	0	3	0	0	0	0	0	0	0	0
238690a18a0d81a46ca7cd08a8d006ee	0	0	0	0	0	0	0	0	0	2	0	0	0	0	0	0	0	0
798688783c3e20b1cc427c8757ed457b	0	0	0	0	0	0	0	0	0	0	5	0	0	0	0	0	0	0
15455bd8091f44d1d82d18a602f5cbfd	0	0	0	0	0	0	0	0	0	0	0	1	0	0	0	0	0	0
d22686cdfea40778a6ad1b9c463cbc9f	0	0	0	0	0	0	0	0	0	0	0	1	0	0	0	0	4	0
894938a24e53cb3e1f33263a7fcc544d	0	0	0	0	0	0	0	0	0	0	0	0	2	0	0	0	0	0
84266b5b0591b9b798db6aea3587e26e	0	0	0	0	0	0	0	0	0	0	0	0	1	0	0	0	0	0
8af88af1ae2409bb9a7dcd7cc839abb9	0	0	0	0	0	0	0	0	0	0	0	0	6	0	0	0	0	0
736264365f713a15319ddad496ee1b22	0	0	0	0	0	0	0	0	0	0	0	0	0	8	0	0	0	0
fd7822a358f8efc8e245a28ba8a45b0e	0	0	0	0	0	0	0	0	0	0	0	0	0	0	0	0	0	8
e64c797a8f5b0a1d8a6a87741254e1e9	7	4	0	0	0	0	0	0	0	0	0	0	0	0	0	0	0	0
73cdf412543e59a87ea27e4a90509ab2	0	9	0	0	0	0	0	0	0	0	0	0	0	0	0	0	0	0
19861caf5bc210617bc431278a130f59	0	5	0	0	0	0	0	0	0	0	0	0	0	0	0	0	0	0
12ab6c1fdc9aab334e4857b572288df6	0	1	0	6	0	0	0	0	0	0	0	0	0	0	0	0	0	0
246def3453bedd3186b6e0ce2fd41416	0	4	0	0	0	0	0	0	0	0	0	0	0	0	0	0	0	0
c4d72d8c08a91c39eda70d22c41addef	0	6	0	0	0	0	0	0	0	0	0	0	0	0	0	0	0	0
1241678d1f569f372e05a8b5c780936a	0	4	0	4	0	0	0	0	0	0	0	0	0	0	0	0	0	0
77d184c1f918f1d1c0ba960c0e89348d	0	0	1	0	0	0	0	0	0	0	0	0	0	0	0	0	0	0
87c1ee7f0b280d8c858f8023f4a6aa34	0	0	0	0	0	0	0	0	0	0	0	0	0	0	0	0	0	0
5a50e1266a9257dff2048cbf1e381403	0	0	0	0	0	0	0	0	0	0	0	0	0	0	0	0	0	0
23685b522cb74325423f4ff1cb54f071	0	0	1	0	0	0	0	0	0	0	0	0	0	0	0	0	0	0
e511dca151097d011fac056c818c915a	0	0	0	0	0	0	0	0	0	0	0	0	0	0	0	0	0	0
cb0a2f42048a86b6091635aba118b0d1	0	0	1	2	0	0	0	0	0	0	0	0	0	0	0	0	0	0
13f7d2b25fc50c724d621e0e1c234b9c	0	0	0	0	0	0	0	0	0	0	0	0	0	0	0	0	0	0
862b081f0c54a0b6f4ed7c43d4fcee98	0	0	1	0	0	0	0	0	0	0	0	0	0	0	0	0	0	0
42df7851845a0fa3435cefcb31a1c958	0	0	0	0	0	0	0	0	0	0	0	0	0	0	0	0	0	0
83d9278c56e819b3a2ee893c4ffc329a	0	0	0	0	0	0	0	0	0	0	0	0	0	0	0	0	0	0
aa696e8a7dc8736b8501fc7611c959d6	0	0	0	0	0	0	0	0	0	0	0	0	0	0	0	0	0	0
a7144ac660bb63818a918061a353246d	0	0	1	0	0	0	0	0	0	0	0	0	0	0	0	0	0	0
6b2eaa4e6ab49e0cdd492b3c087182b3	0	0	0	0	0	0	0	0	0	0	0	0	0	0	0	0	0	0
2e19eba903c9842828924e33a402fc5e	0	0	2	0	0	0	0	0	0	0	0	0	0	0	0	0	0	0
5b9f08eb95fb9b1b77e15be32e04a673	0	0	1	0	0	0	0	0	0	0	0	0	0	0	0	0	0	0
f7631979a623db3c311cc8b477afd6cd	0	0	0	8	0	0	0	0	0	0	0	0	0	0	0	0	0	0
2ef19bde0271628a49a52d4fb116bf7c	0	0	0	0	0	0	0	0	0	2	0	3	0	0	0	0	0	0
6a38f228a7145c5f43de6a750ed07bb6	0	0	0	0	0	0	0	0	0	0	6	0	0	0	0	0	0	0
e74cf35e0cdde0fe281f7cb960561fac	0	0	0	0	0	0	0	0	0	0	2	0	0	4	0	0	0	0
40a28bc9184b63331c5375cf824ead0d	0	0	0	0	0	0	0	0	0	0	7	0	0	0	0	0	0	0
58b9dbaeae60cef6b45c947e9cccaf27	0	0	0	0	0	0	0	0	0	0	0	3	0	0	0	0	0	0
2f7e578d4dfd5be6c074017679a25836	0	0	0	0	0	0	0	0	0	0	0	2	0	0	0	0	0	0
d8a594e0c109fd79d190ed151da3029a	0	0	0	0	0	0	0	0	0	0	0	3	0	0	0	0	0	0
219405f1f5ae6b5aeb71ef49889aa8e0	0	0	0	0	0	0	0	0	0	0	0	0	3	0	0	0	0	0
61b7cfd2667dc01064f5cd5865218037	0	0	0	0	0	0	0	0	0	0	0	0	8	0	0	0	0	0
378b14bead695a9737b1ab4d5785fe8e	0	0	0	0	0	0	0	0	0	0	0	0	4	0	0	0	0	0
d76fc05622586ca929480b27476cdc97	0	0	0	0	0	0	0	0	0	0	0	0	5	0	0	0	0	0
0411774915e5df2c7bd0479bb9a0c21c	0	0	0	0	0	0	0	0	0	0	0	0	0	0	0	0	0	0
fbf0fcbccf1549b959fa0208f0fdfe60	0	0	0	0	0	0	0	0	0	0	0	0	0	0	4	0	0	0
4a1b7436ff0e493382a2b8bc8f9179d5	12	0	0	0	0	0	0	0	0	0	0	0	0	0	0	0	0	0
82129f0eec79c493cd5aea2b2ea01df8	0	5	0	0	0	0	0	0	0	0	0	0	0	0	0	0	0	0
6a7a2bed0bfc150f55e99142c457a24f	0	5	0	0	0	0	0	0	0	0	0	0	0	0	0	0	0	0
a745513eaa9e6494f54c4a674700ae27	0	6	0	0	0	0	0	0	0	0	0	0	0	0	0	0	0	0
74e6a9f50a38f32c043f77384b567a65	0	3	0	0	0	0	0	0	0	0	0	0	0	0	0	0	0	0
6298dbb399cf9bdd0a6b890da148b076	0	4	0	0	0	0	0	0	0	0	0	0	0	0	0	0	0	0
fed76aedb776401a0bd9d8e707f6a1cb	0	0	2	0	0	0	0	0	0	0	0	0	0	0	0	0	0	0
b55e186282048bb0f10a0d7d8410126f	0	0	0	0	0	0	0	0	0	0	0	0	0	0	0	0	0	0
ae559957f57c8e011e07baa8537d4558	0	0	1	0	0	0	0	0	0	0	0	0	0	0	0	0	0	0
05908198d831b505d543aac6c3888cca	0	0	3	0	0	0	0	0	0	0	0	0	0	0	0	0	0	0
bef4392a83fe2233c360b0931f34bf8b	0	0	0	0	0	0	0	0	0	0	0	0	0	0	0	0	0	0
03438dd52ee9e4165eb8991f31154350	0	0	0	0	0	0	0	0	0	0	0	0	0	0	0	0	0	0
f62efa54dd835f328fde60aef415f325	0	0	0	0	0	0	0	0	0	0	0	0	0	0	0	0	0	0
c9e8df2e3fe12c4cf520dab781567e92	0	0	0	0	0	0	0	0	0	0	0	0	0	0	0	0	0	0
516327a340ee86cd1d2c3bce13012664	0	0	1	0	0	0	0	0	0	0	0	0	0	0	0	0	0	0
7566c332b378661558115a5c5fc637ad	0	0	1	0	0	0	0	0	0	0	0	0	0	0	0	0	0	0
0fe5740ea07104dd9ffae93128767456	0	0	0	0	0	0	0	0	0	0	0	0	0	0	0	0	0	0
ca5a8c43b87b9f86a90328fac2a71e78	0	0	0	0	0	0	0	0	0	0	0	0	0	0	0	0	0	0
84159b00ebfacd72d3b3e845f12292a7	0	0	0	0	0	0	0	0	0	0	0	0	0	0	0	0	0	0
71a6425683b44229f71e03b9e3ea5057	0	0	0	0	0	0	0	0	0	0	0	0	0	0	0	0	0	0
6e8a24fc62715410c7b32cab9b285361	0	0	0	0	0	0	0	0	0	0	0	0	0	0	0	0	0	0
3e6178f9fbb3f07813eb4ee02a4b4ec4	0	0	0	0	0	0	0	0	0	0	0	0	0	0	0	0	0	0
86a05e9d21200065b2405ce00ae2f9ae	0	0	0	0	0	0	0	0	0	0	0	0	0	0	0	0	0	0
6e2083e6d77d686f0a9cbc25f2937edb	0	0	0	0	0	0	0	0	0	0	0	0	0	0	0	0	0	0
bf613da5ab8ec075ddd97f54291de1ae	0	0	2	0	0	0	0	0	0	0	0	0	0	0	0	0	0	0
a0aa89b7ed637ad109f9b014d99eac73	0	0	0	0	0	0	0	0	0	0	0	0	0	0	0	0	0	0
24085e7b54c3bcda4936c75df7b9028b	0	0	0	0	0	0	0	0	0	0	0	0	0	0	0	0	0	0
71124778dffef172ecfa8380f216426d	0	0	0	0	0	1	0	0	0	0	0	0	0	0	0	0	0	0
7578ea48410ceb18ea728ec65ac6cded	0	0	0	0	0	0	0	12	0	0	0	0	0	0	0	0	0	0
018dd0805539d49c163ee0bb08d2e305	0	0	0	0	0	0	0	0	0	4	0	0	0	0	0	0	0	0
9b1c4e20b30d6cdb00c3385e18249730	0	0	0	0	0	0	0	0	0	2	0	0	0	0	0	0	0	0
43494f6f2c3ce40a11d9f9e4d272b4f3	0	0	0	0	0	0	0	0	0	4	0	0	0	0	0	0	0	0
a81442393a71a4f0f63b7f8427437e36	0	0	0	0	0	0	0	0	0	1	0	0	0	0	0	0	0	0
f10665a9db9af9360758ca91ebb3fc83	0	0	0	0	0	0	0	0	0	0	1	0	0	4	0	0	0	0
b495d1e4ff14ce6ee7524007145553b6	0	0	0	0	0	0	0	0	0	0	6	0	0	0	0	0	0	0
033f859653b098db6b3d20affbcf48a5	0	0	0	0	0	0	0	0	0	0	0	1	0	0	0	0	0	0
6517a1d243373d3913f6e290dc138135	0	0	0	0	0	0	0	0	0	0	0	0	4	0	0	0	0	0
ed5a86ec54a2312cf2b6c53f250514ca	0	0	0	0	0	0	0	0	0	0	0	0	5	0	0	0	0	0
d38fd196579bf690774deb71fc271457	0	0	0	0	0	0	0	0	0	0	0	0	6	0	0	0	0	0
30919f0a107de8575f487a25a0a11825	0	0	0	0	0	0	0	0	0	0	0	0	0	0	0	0	0	0
50e1d5a52139a45de52a4a784c0430a1	0	0	0	0	0	0	0	0	0	0	0	0	5	0	0	0	0	0
3668164b4a3c0fabffe17e7559df65d9	0	0	0	0	0	0	0	0	0	0	0	0	0	1	1	0	0	0
b9a502307caf5fd4643a6b45d5c9898a	0	0	0	0	0	0	0	0	0	0	0	0	0	8	0	0	0	0
e6c437c4436f0fa5ac56d5721751dcb3	0	0	0	0	0	0	0	0	0	0	0	0	0	0	3	1	0	0
69239a0268a9a2421d363609bff482c4	0	0	0	0	0	0	0	0	0	0	0	0	0	0	7	0	0	0
fe735ae727c9838a543b9e5f5f4cff1f	0	0	0	0	0	0	0	0	0	0	0	0	0	0	2	0	0	0
f842cf219428a0e79977b1016ac05b89	0	0	0	0	0	0	0	0	0	0	0	0	0	0	0	1	0	0
099de6e1ffdf706b276fdb5f1ae7261b	0	0	0	0	0	0	0	0	0	0	0	0	0	0	0	0	0	10
2b0a826ffdf5a8020b95bbb4a9627b28	10	0	0	0	0	0	0	0	0	0	0	0	0	0	0	0	0	0
684a29f83399907b87c8bbe05d92f300	0	5	0	0	0	0	0	0	0	0	0	0	0	0	0	0	0	0
948b9c8c84f46c465950bff29cc85d56	0	4	0	0	0	0	0	0	0	0	0	0	0	0	0	0	0	0
3a939216131e5401ac9facc47dfade00	0	2	0	0	0	0	0	0	0	0	0	0	0	0	0	0	0	0
03b31d149cfcf2a72ccc3514cbb2c871	0	0	0	0	0	0	0	0	0	0	0	0	0	0	0	0	0	0
39339e3f85479a15daedf6db482cb7d5	0	0	0	0	0	0	0	0	0	0	0	0	0	0	0	0	0	0
ebb3c443644336cb49f4603b5c27ddfb	0	0	1	0	0	0	0	0	0	0	0	0	0	0	0	0	0	0
5086ab7042e56e953c4ec74ba826c366	0	0	0	0	0	0	0	0	0	0	0	0	0	0	0	0	0	0
fd2b595ef6d39e80e269abc9d9abbf2d	0	0	2	0	0	0	0	0	0	0	0	0	0	0	0	0	0	0
8edcbe8901f1cf46f78ba4495cd4ebc5	0	0	0	0	0	0	0	0	0	0	0	0	0	0	0	0	0	0
00ef86c63868f3d48840c91bdb2ca75d	0	0	1	0	0	0	0	0	0	0	0	0	0	0	0	0	0	0
80658467ad6fc43100e748ca080e8ef3	0	0	0	0	0	0	0	0	0	0	0	0	0	0	0	0	0	0
62f785431c0a3c7f126b88ba428555ec	0	0	0	0	0	0	0	0	0	0	0	0	0	0	0	0	0	0
8e826b625b2938b197e8c6aaa024657f	0	0	0	0	0	0	0	0	0	0	0	0	0	0	0	0	0	0
c26b7155e620ef287e0911c60f30dd44	0	0	1	0	0	0	0	0	0	0	0	0	0	0	0	0	0	0
0bab00fa24c6d558f329a8800ac01bf6	0	0	1	0	0	0	0	0	0	0	0	0	0	0	0	0	0	0
923b00ab540dd7e3d1c66f6a07dd4699	0	0	0	0	0	0	0	0	0	0	0	0	0	0	0	0	0	0
a4d4f80f29ae87fdb7dba11ca464f749	0	0	0	0	0	0	0	0	0	0	0	0	0	0	0	0	0	0
007b5bedca1e533580e41bca06f2c50c	0	0	1	0	0	0	0	0	0	0	0	0	0	0	0	0	0	0
c7a6ff063d47eaee22bd32f2e516ad19	0	0	0	0	0	0	0	0	0	0	0	0	0	0	0	0	0	0
9b4ec7d2579f27f1a83c6e273aa6fff9	0	0	0	0	0	0	0	0	0	0	0	0	0	0	0	0	0	0
e086f8a8da83f0399e0b38d1bd30ddf9	0	0	2	0	0	0	0	0	0	0	0	0	0	0	0	0	0	0
d10415e5d9b391a4b483d4980d53c536	0	0	1	0	0	0	0	0	0	0	0	0	0	0	0	0	0	0
2bd61a6104d53c5eaaf30d014c4c8106	0	0	1	0	0	0	0	0	0	0	0	0	0	0	0	0	0	0
191a295f91ec5828858731efcd86b94c	0	0	0	10	0	0	0	0	0	0	0	0	0	0	0	0	0	0
2806103769c9dcd4050c8bafabfec913	0	0	0	0	0	0	0	0	0	0	0	0	0	0	0	0	0	0
d27b2b5be05de1a958a2e77d6375fd53	0	0	0	0	0	0	0	0	0	0	0	0	0	0	0	0	0	0
1809df4a66a421bd625e998a8f580f92	0	0	0	0	0	0	0	0	0	2	0	0	0	0	0	0	0	0
9048f1659a6293d59421af86ee1babce	0	0	0	0	0	0	0	0	0	3	0	0	0	0	0	0	0	0
a9850119a0e7098544ef1b2d77dc252b	0	0	0	0	0	0	0	0	0	0	1	0	0	0	0	4	0	0
d25e0b43bb8d14ccb602650b30854844	0	0	0	0	0	0	0	0	0	0	0	2	0	1	0	0	0	0
20a25dd6bb7301efc1e32627e1bd440d	0	0	0	0	0	0	0	0	0	0	0	1	0	0	0	0	0	0
8b2d967f4483614ff2bc22a3ae435061	0	0	0	0	0	0	0	0	0	0	0	6	0	0	0	0	0	0
5d516c9aeb32750caf7e3ffecf553967	0	0	0	0	0	0	0	0	0	0	0	0	1	0	0	0	0	0
076ec3e0c4a3bb6ad9dc3ef5ef0f9561	0	0	0	0	0	0	0	0	0	0	0	2	1	0	0	0	0	0
9fafa3c276e1af622540aaddb352076d	0	0	0	0	0	0	0	0	0	0	0	0	3	0	1	0	0	0
16a60ea9fdc1766998163d4baf094f20	0	0	0	0	0	0	0	0	0	0	0	0	1	0	0	0	0	0
fab481e2f894f47956bce18a8796df01	0	0	0	0	0	0	0	0	0	0	0	0	0	4	0	0	0	0
643a784ee3820cc7420f2a2d4273e423	0	0	0	0	0	0	0	0	0	0	0	0	0	5	0	0	0	0
b4bebbad95d29d010c6ffd3469d325c3	0	0	0	0	0	0	0	0	0	0	0	0	0	0	2	0	0	0
5ab6950a77be75f2299d3792dc3eee99	0	4	0	0	0	0	0	0	0	0	0	0	0	0	0	0	0	0
db11b270af70c743b9a49ba7af613e62	0	2	0	0	0	0	0	0	0	0	0	0	0	0	0	0	0	0
78fcbd993946543a8aaeee58d28fca05	0	0	1	0	0	0	0	0	0	0	0	0	0	0	0	0	0	0
e326bbfd398f526e4d81c7adb1e676b6	0	0	1	0	0	0	0	0	0	0	0	0	0	0	0	0	0	0
5de2af06044ff18c49f9881230bd3f44	0	0	0	0	0	0	0	0	0	0	0	0	0	0	0	0	0	0
0eec184c4bcf7114349bdc126f1667fc	0	0	2	0	0	0	0	0	0	0	0	0	0	0	0	0	0	0
5b079d7a245094a2775b29e0fe5cd7ef	0	0	0	0	0	0	0	0	0	0	0	0	0	0	0	0	0	0
5c412a83e6e0919fd3aa3e09d282fd2f	0	0	0	0	0	0	0	0	0	0	0	0	0	0	0	0	0	0
52e05a8c9112af6fabae60b318028294	0	0	2	0	0	0	0	0	0	0	0	0	0	0	0	0	0	0
0167a221c7e28f2f325ad96ae0a43699	0	0	1	0	0	0	0	0	0	0	0	0	0	0	0	0	0	0
8f5ef48cc5a074b8c2348e377593254a	0	0	0	0	0	0	0	0	0	0	0	0	0	0	0	0	0	0
a054abddd4bb267bd50bbcc59c9f06c1	0	0	0	0	0	0	0	0	0	0	0	0	0	0	0	0	0	0
70f76c0c6dd97aaabafdba4503a6fbfe	0	0	0	0	0	0	0	0	0	0	0	0	0	0	0	0	0	0
d5f6260fa1661145bd71e84cce90c264	0	0	1	0	0	0	0	0	0	0	0	0	0	0	0	0	0	0
4d60ffb27841cb651fe4a0dd8ea827cb	0	0	0	0	0	0	0	0	0	0	0	0	0	0	0	0	0	0
e54e46cd5561f52d224d28f3360eb6a7	0	0	0	0	0	0	0	0	0	0	0	0	0	0	0	0	0	0
dd26dabca094e14799e89a781cff7e92	0	0	1	0	0	0	0	0	0	0	0	0	0	0	0	0	0	0
eab5415cb2fd201f04e3b8f9f0b29874	0	0	1	0	0	0	0	0	0	0	0	0	0	0	0	0	0	0
d2808df7c35d13944d65f65b872a77cf	0	0	0	0	0	0	0	0	0	5	0	0	0	0	0	0	0	0
1b10fa2779b1338a9eb6d8ecfe75726a	0	0	0	0	0	0	0	0	0	1	0	0	0	0	0	0	0	0
15678bcbee4cd3ee9e482d2271a76d42	0	0	0	0	0	0	0	0	0	2	0	0	0	0	0	0	0	0
2d7e73301566c4584b6a8fd4eec49bef	0	0	0	0	0	0	0	0	0	0	4	0	0	0	3	0	0	0
3c117b20b71f3aab5db005a2b6e37b19	0	0	0	0	0	0	0	0	0	0	8	0	0	0	0	0	0	0
24e34f7a16d8164d5143f1e012e65b12	0	0	0	0	0	0	0	0	0	0	0	1	0	0	0	0	0	0
c0c7fcd0b567671708538dc32b11545c	0	0	0	0	0	0	0	0	0	0	0	0	2	0	0	0	0	0
e9bee6576772aa4669aa4a97eaf1e996	0	0	0	0	0	0	0	0	0	0	0	0	1	0	1	0	0	0
af7011b9ef7857f7a5a56c531d54eed0	0	0	0	0	0	0	0	0	0	0	0	0	3	2	0	0	0	0
aab65b75ff04169ecb50db49b799e79f	0	0	0	0	0	0	0	0	0	0	0	0	0	4	0	0	0	0
563e7c5c21c2bb9c1b36ab5291f19c80	0	0	0	0	0	0	0	0	0	0	0	0	0	0	2	0	0	0
830795434fb89a08a370e5121b266585	0	0	0	0	0	0	0	0	0	0	0	0	0	0	2	0	0	0
aa20ba888dfa35d79feba07dd37b7ba5	0	0	0	0	0	0	0	0	0	0	0	0	0	0	0	0	0	0
6fe8643ae806ee964724a24f22c0a078	0	0	0	0	0	0	0	0	0	0	0	0	0	0	0	8	0	0
c6633a9f55683b9c541f31780f7d2148	0	3	0	0	0	0	0	0	0	0	0	0	0	0	0	0	0	0
245beb59fbd86669ce1be816f32efd85	0	6	0	0	0	0	0	0	0	0	0	0	0	0	0	0	0	0
f1cfdd15f548d9dcc628b9a3de7a0bd8	0	4	0	0	0	0	0	0	0	0	0	0	0	0	0	0	0	0
a171904437048f782d3b1f10d588b841	0	0	2	0	0	0	0	0	0	0	0	0	0	0	0	0	0	0
77d17f5d23c0e417fef5312fd6094cb5	0	0	0	0	0	0	0	0	0	0	0	0	0	0	0	0	0	0
b737b99e82bf181370b8d8ac9d3dac86	0	0	0	0	0	0	0	0	0	0	0	0	0	0	0	0	0	0
4266115c20532e96d09b663a0a2b7634	0	0	0	0	0	0	0	0	0	0	0	0	0	0	0	0	0	0
6c9a8d1b810059000c2b005fe0913421	0	0	1	0	0	0	0	0	0	0	0	0	0	0	0	0	0	0
fd4b19d2c18a10f64848c401ab45e341	0	0	0	0	0	0	0	0	0	0	0	0	0	0	0	0	0	0
2d36340ea3b0613fecc75a706524d52a	0	0	0	0	0	0	0	0	0	0	0	0	0	0	0	0	0	0
5165857316b6241a92484b3ba3728b4d	0	0	0	0	0	0	0	0	0	0	0	0	0	0	0	0	0	0
3c1a095da4e4344570b6e017fc839374	0	0	0	0	0	0	0	0	0	0	0	0	0	0	0	0	0	0
03af1eda8cf9451611712e161d95b473	0	0	1	0	0	0	0	0	0	0	0	0	0	0	0	0	0	0
920e8fbc2da9eb2fd42dc95ac9afe309	0	0	1	0	0	0	0	0	0	0	0	0	0	0	0	0	0	0
15f0ff3b8dbf12b5cc17c3757084561c	0	0	1	0	0	0	0	0	0	0	0	0	0	0	0	0	0	0
4cf02a395025cd4c036cbc621354d04a	0	0	1	0	0	0	0	0	0	0	0	0	0	0	0	0	0	0
9563a160fc1c834bbd01f3abe087f11c	0	0	0	0	0	0	0	0	0	0	0	0	0	0	0	0	0	0
ee7119f0af3f33acab1fbf11c5bd8df9	0	0	1	0	0	0	0	0	0	0	0	0	0	0	0	0	0	0
3fce05adf808d2938be8cb32f88cbbcb	0	0	1	0	0	0	0	0	0	0	0	0	0	0	0	0	0	0
08cdec5be2e48608305a027f97463567	0	0	0	0	0	0	8	0	0	0	0	0	0	0	0	0	0	0
6327cc744573cbeda490480a6290e77a	0	0	0	0	0	0	0	4	0	0	0	0	0	0	0	0	0	0
177063cf5ef716caaace08835ccee7ca	0	0	0	0	0	0	0	0	1	1	0	0	0	0	0	0	0	0
d786551a571214ce3f8c18798d1f5786	0	0	0	0	0	0	0	0	2	2	0	0	0	0	0	0	0	0
9b34db1c14d408f6cf5d942712ae8545	0	0	0	0	0	0	0	0	0	1	0	0	1	0	0	0	0	0
b0401bc3e34d5cd6b2f5cceaed2df64b	0	0	0	0	0	0	0	0	0	4	0	0	0	0	0	0	0	0
2a475e6b62e4b7622695b6f68c769559	0	0	0	0	0	0	0	0	0	1	0	0	0	0	0	0	0	0
4fed2d567f98dea9e2810d4157452fb6	0	0	0	0	0	0	0	0	0	0	0	3	0	0	0	0	0	0
8b96e5bd2ced17212569755bb9d831c8	0	0	0	0	0	0	0	0	0	0	0	1	0	0	0	0	0	0
85900bcf8d056603486c0fc0f93f1d5a	0	0	0	0	0	0	0	0	0	0	0	1	0	0	0	0	0	0
2e8d60760885870923b3cf39e4c0d7d9	0	0	0	0	0	0	0	0	0	0	0	2	0	0	0	0	0	0
8ee53755bcb12d2ce8f775ef1dc9b1f1	0	0	0	0	0	0	0	0	0	0	0	0	1	0	0	0	0	0
ed67555600573ed8b52d4db20c492a3b	0	0	0	0	0	0	0	0	0	0	0	0	5	0	0	0	0	0
492af10f9614286fe85afff58a20b2f9	0	0	0	0	0	0	0	0	0	0	0	0	3	0	0	0	0	0
bb48b2ae5fc235177864e9771d81ab57	0	0	0	0	0	0	0	0	0	0	0	0	0	3	0	0	0	0
b3cc9597bb35745b88954dc472f0c932	0	0	0	0	0	0	0	0	0	0	0	0	0	5	0	0	0	0
72b74fd8d97c2706c7ac0b1069102690	0	0	0	0	0	0	0	0	0	0	0	0	0	2	0	0	0	0
8ad8527ef11cff414568d1702d6a0a55	0	0	0	0	0	0	0	0	0	0	0	0	0	0	4	1	0	0
9f59d20f0e2596a72f468ff5d9c6e2a5	0	0	0	0	0	0	0	0	0	0	0	0	0	0	1	0	0	0
b7c04cb8ce05de9de48f67b1f71b3dbf	0	0	0	0	0	0	0	0	0	0	0	0	0	0	3	0	0	0
a1d921d1e7af51aaf8e3bc8f1a7bb15a	0	0	0	0	0	0	0	0	0	0	0	0	0	0	2	0	0	0
829c5aed398d5fe8f87f518077832f01	0	0	0	0	0	0	0	0	0	0	0	0	0	0	2	0	0	0
a09a6a789a380d4ff2c97f1549a9f890	0	0	0	0	0	0	0	0	0	0	0	0	0	0	2	0	0	0
b5f1a33b3b17b7f5aa105fac9ffdee81	0	0	0	0	0	0	0	0	0	0	0	0	0	0	0	4	0	0
5162dce4b5c3aad07e9fd95d68f1bc6b	0	0	0	0	0	0	0	0	0	0	0	0	0	0	0	0	0	7
a9d68a5be013cacaa5e5e13bb2c03ed1	0	3	0	0	0	0	0	0	0	0	0	0	0	0	0	0	0	0
b5e8fc7dc964660780cc06288e6ad308	0	0	0	0	0	0	0	0	0	0	0	0	0	0	0	0	0	0
204414781561f00d739b19906e9d4d3a	0	0	1	0	0	0	0	0	0	0	0	0	0	0	0	0	0	0
ab41dd1a2226cde6e8f33ff8d76f292e	0	0	0	0	0	0	0	0	0	0	0	0	0	0	0	0	0	0
902ef6637f8ce91a07a6ce263c78a866	0	0	0	0	0	0	0	0	0	0	0	0	0	0	0	0	0	0
128bb851c014a6033691ac89d5d373de	0	0	1	0	0	0	0	0	0	0	0	0	0	0	0	0	0	0
5e5a331f939f702ac4daa27ed49d8d04	0	0	3	0	0	0	0	0	0	0	0	0	0	0	0	0	0	0
8cd966a12dd7aa7f60d818351b074e41	0	0	0	0	0	0	0	0	0	0	0	0	0	0	0	0	0	0
73186c81d854bff5eb7f21b28eeb0c16	0	0	0	0	0	0	0	0	0	0	0	0	0	0	0	0	0	0
50320321464430578c9870f4ec7b88d4	0	0	1	0	0	0	0	0	0	0	0	0	0	0	0	0	0	0
e6095adb434d8d30823f0f91912a8947	0	0	0	0	0	0	0	0	0	0	0	0	0	0	0	0	0	0
115fccbc53e8f11a38b1a412608ce568	0	0	0	0	0	0	0	0	0	0	0	0	0	0	0	0	0	0
fcb3ef4b12feb8b3f715208e3da61ae3	0	0	1	0	0	0	0	0	0	0	0	0	0	0	0	0	0	0
c8e299846e44cc646ebdec16a52e67c0	0	0	1	0	0	0	0	0	0	0	0	0	0	0	0	0	0	0
5269c19f3709c78dbad8fa05def473cc	0	0	0	0	0	0	0	0	0	0	0	0	0	0	0	0	0	0
af425c063dbb092def9f4812ce077c30	0	0	2	0	0	0	0	0	0	0	0	0	0	0	0	0	0	0
61ccd5593d341d9ed97b2ab835c5adb8	0	0	1	0	0	0	0	0	0	0	0	0	0	0	0	0	0	0
193c31719e312709a6fd87ca72af9ddf	0	0	1	0	0	0	0	0	0	0	0	0	0	0	0	0	0	0
687766919449317b824bfa4a44127607	0	0	0	5	0	0	0	0	0	0	0	0	0	0	0	0	0	0
07fea74c3d5b16a3cf6a5c35889569ff	0	0	0	0	4	0	0	0	0	0	0	0	0	0	0	0	0	0
caf5031a63ab45c5c9b35bee36f4ae1a	0	0	0	0	0	1	0	0	0	0	0	0	0	0	0	0	0	0
176d661a9923517c65247c2db5290f86	0	0	0	0	0	2	0	0	0	0	0	0	0	0	0	0	0	0
46af3d54a0e17fa4e6a5b0e9a89857b6	0	0	0	0	0	0	0	0	8	0	0	0	0	0	0	0	0	0
d9d02374c4a762a037b9ec3e7cda3c92	0	0	0	0	0	0	0	0	0	3	0	0	0	0	0	0	0	0
2edc8b97a3badce0d9bfb1b74ffcafa1	0	0	0	0	0	0	0	0	0	2	0	0	0	0	0	0	0	0
7792f93d9fa9d0a09ce016b293e53d8a	0	0	0	0	0	0	0	0	0	3	0	0	0	0	0	0	0	0
e095ecaa3c3e7ccc4b4224bc0648d36a	0	0	0	0	0	0	0	0	0	1	0	0	0	0	0	0	0	0
1b28c1a3c053e73a371fe84899e81904	0	0	0	0	0	0	0	0	0	0	0	0	0	0	0	0	0	0
3299f8ac8cabe7fc20d548768ce2e8a8	0	0	0	0	0	0	0	0	0	2	0	0	0	0	2	0	0	0
4927753bb3a8f6ebdf23796c3fe2f492	0	0	0	0	0	0	0	0	0	0	0	0	0	0	0	0	0	0
175f282cb23c57497db52aad7da195e1	0	0	0	0	0	0	0	0	0	1	0	0	0	0	0	0	0	0
afb6e3dccc08fd38c63e34a0b8f36b34	0	0	0	0	0	0	0	0	0	1	0	0	0	0	0	0	0	0
11493ed1eee0fddb2d8583a589f98bc7	0	0	0	0	0	0	0	0	0	1	0	0	0	0	0	0	0	0
598a44a5acd9f460c3fdf7b52fadeb61	0	0	0	0	0	0	0	0	0	1	0	0	0	0	0	0	0	0
0a2997ec2ba9f40136b213abd1186207	0	0	0	0	0	0	0	0	0	0	0	0	0	0	0	0	0	0
24a8b23a4cb8d42efc07c1d334438827	0	0	0	0	0	0	0	0	0	0	5	0	0	0	0	0	0	0
9753d3f196b9d16c7abe31eafdf6b02d	0	0	0	0	0	0	0	0	0	0	0	1	0	0	0	0	0	0
ab73832e3a7dd23a53db387722652601	0	0	0	0	0	0	0	0	0	0	0	3	0	0	0	0	0	0
cd2bc69244c2a91f370421b46e088184	0	0	0	0	0	0	0	0	0	0	0	0	0	0	0	0	0	0
41ae2204010e88d4bcb62014424c953d	0	0	0	0	0	0	0	0	0	0	0	0	2	0	0	0	0	0
d82bfe0c51e613e737df85133a637194	0	0	0	0	0	0	0	0	0	0	0	0	0	4	0	0	0	0
d74a4a28497fea0eb3d09d0fa95f1f48	0	0	0	0	0	0	0	0	0	0	0	0	0	1	0	0	0	0
9f82ae1bac9bea0b40f97e064c65baab	0	0	0	0	0	0	0	0	0	0	0	0	0	3	0	0	0	0
1a5e82b263e65a55101f88f1bab49c88	0	0	0	0	0	0	0	0	0	0	0	0	0	2	0	0	0	0
162c5a06b80dd0394e733b81930c6101	0	0	0	0	0	0	0	0	0	0	0	0	0	3	0	0	0	0
04c27241eccc113b2701e7742f7c7014	0	0	0	0	0	0	0	0	0	0	0	0	0	3	0	0	0	0
b70cc576c959a378680229612a21cb11	0	0	0	0	0	0	0	0	0	0	0	0	0	3	0	0	0	0
d1096e6af727aa0e4dccc23ae63a906e	0	0	0	0	0	0	0	0	0	0	0	0	0	0	2	0	0	0
7b1fc8b97d3c2d9dc4c2ca5211376694	0	0	0	0	0	0	0	0	0	0	0	0	0	0	2	0	0	0
c2f8abed58370ddb53255b836e5f9178	7	0	0	0	0	0	0	0	0	0	0	0	0	0	0	0	0	0
c054a09822d914655df6a938b06e1e47	0	0	0	0	0	0	0	0	0	0	0	0	0	0	0	0	0	0
61d15ac3865fcb93c031efc13792ae10	0	0	0	0	0	0	0	0	0	0	0	0	0	0	0	0	0	0
6e901555e5ce1b09a3bac37c65e77fd5	0	0	0	0	0	0	0	0	0	0	0	0	0	0	0	0	0	0
88848ca2b0225202ba8ccd20433d87f1	0	0	1	0	0	0	0	0	0	0	0	0	0	0	0	0	0	0
34bb007dfc49027fd258efd087049f99	0	0	1	0	0	0	0	0	0	0	0	0	0	0	0	0	0	0
36689c0f3168a2ebe98b93e7e6b6d704	0	0	0	0	0	0	0	0	0	0	0	0	0	0	0	0	0	0
cac0589f6cb771094746a8a42bbd647b	0	0	0	0	0	0	0	0	0	0	0	0	0	0	0	0	0	0
95a63f98bf00670fcca7020cbb50fa6a	0	0	1	0	0	0	0	0	0	0	0	0	0	0	0	0	0	0
20925b444aed3179abb2788a86e80d70	0	0	0	0	0	0	0	0	0	0	0	0	0	0	0	0	0	0
c598f7b463ce8e25d882b987b57493f6	0	0	0	0	0	0	0	0	0	0	0	0	0	0	0	0	0	0
a16213e05829176ed32420c7e31ee34f	0	0	1	0	0	0	0	0	0	0	0	0	0	0	0	0	0	0
77271da739b2a96ece640e08ff519809	0	0	1	0	0	0	0	0	0	0	0	0	0	0	0	0	0	0
65ffc452b40b86651f4f7204e32bd4d0	0	0	0	0	0	0	0	0	0	0	0	0	0	0	0	0	0	0
c6fafedb0eb9d14cb0b7fe71ecef5697	0	0	0	0	0	0	0	0	0	0	0	0	0	0	0	0	0	0
864b7fe89d0645eeaa468b384f7336cb	0	0	0	0	0	0	0	0	0	0	0	0	0	0	0	0	0	0
f5a0c4d3212d91000bf2d6c6d04d5754	0	0	1	0	0	0	0	0	0	0	0	0	0	0	0	0	0	0
0390a96c960062f72958e4fa745e7123	0	0	0	7	0	0	0	0	0	0	0	0	0	0	0	0	0	0
c8242da6e7b680637e547f5ccc38e0bd	0	0	0	5	0	0	0	0	0	0	0	0	0	0	0	0	0	0
cf44975b532cec732bbeb2ca603b8596	0	0	0	6	0	0	0	0	0	0	0	0	0	0	0	0	0	0
c975d7310c24055410e6dec84b83b7c5	0	0	0	0	4	0	0	0	0	0	0	0	0	0	0	0	0	0
fec7bd357e82a0efebafae4132eb438f	0	0	0	0	0	0	0	0	7	0	0	0	0	0	0	0	0	0
1ebaed935b8c712abbeadbe590fb19b3	0	0	0	0	0	0	0	0	5	0	0	0	0	0	0	0	0	0
253e23ad78504f3d597da3f0975708be	0	0	0	0	0	0	0	0	0	0	0	0	0	0	0	0	0	0
4af5f326f504574f234791d583593d52	0	0	0	0	0	0	0	0	0	2	0	0	0	0	0	0	0	0
4c6a80596778c4cfb9bac67c6cfc3abc	0	0	0	0	0	0	0	0	0	1	0	0	0	0	0	0	0	0
723fc8719b32286b77d06d2af6ad6e65	0	0	0	0	0	0	0	0	0	0	3	0	0	0	0	0	0	0
5009f174f0fff80820a4aad22470773e	0	0	0	0	0	0	0	0	0	0	0	2	0	0	0	0	0	0
c1e0df8f5112b78eaa4985e0c6ca2cc7	0	0	0	0	0	0	0	0	0	0	0	2	0	0	0	0	0	0
66482054e524f19ac71100bd806529fb	0	0	0	0	0	0	0	0	0	0	0	0	3	0	0	0	0	0
df3619088d4428235e22c4231b3e8884	0	0	0	0	0	0	0	0	0	0	0	0	3	0	0	0	0	0
c1cc3733b74d63f515b57dd759cd98f5	0	0	0	0	0	0	0	0	0	0	0	0	2	0	0	0	0	0
66351f721a2204a8bc7918a34eee7fa9	0	0	0	0	0	0	0	0	0	0	0	0	4	0	0	0	0	0
f784d6a4ab6ac151ddd196192ec95fc6	0	0	0	0	0	0	0	0	0	0	0	0	2	0	0	0	0	0
8c051bd4e2b2cb895343bbdaab5ff301	0	0	0	0	0	0	0	0	0	0	0	0	2	0	0	0	0	0
0ce1ccc996bc34f990e89ca975336c07	0	0	0	0	0	0	0	0	0	0	0	0	2	0	0	0	0	0
5c50447840604bb29404500da120e2ab	0	0	0	0	0	0	0	0	0	0	0	0	0	2	0	0	0	0
3a51aec7dde7111a0b4d17021b1386eb	0	0	0	0	0	0	0	0	0	0	0	0	0	5	0	0	0	0
ead9249f8625a465ed9aca4bfc44aa27	0	0	0	0	0	0	0	0	0	0	0	0	0	2	0	0	0	0
6594730472a84f06d620daf4bcd440d0	0	0	0	0	0	0	0	0	0	0	0	0	0	3	0	0	0	0
d9cdab47804233d6e08e61afeb6c794b	0	0	0	0	0	0	0	0	0	0	0	0	0	3	0	0	0	0
63aba7cdaa6c6537ebd0dfca69bcf612	0	0	0	0	0	0	0	0	0	0	0	0	0	2	0	0	0	0
badca0d1901384883869b527c5b9db0a	0	0	0	0	0	0	0	0	0	0	0	0	0	0	4	0	0	0
dd464af2cd5bd22a09bd4886757a351f	0	0	0	0	0	0	0	0	0	0	0	0	0	0	4	0	0	0
a43324938acf50535b8afa12e79e5ddf	0	0	0	0	0	0	0	0	0	0	0	0	0	0	0	0	0	2
694faa23035dec889e3c321731218587	0	0	0	0	0	0	0	0	0	0	0	0	0	0	1	0	0	0
97c94752461f226740ecac315f6b2002	0	0	0	0	0	0	0	0	0	0	0	0	0	0	0	4	0	0
93ea8ab0e26a1873a1900e6b6b280b46	0	0	0	0	0	0	0	0	0	0	0	0	0	0	0	4	0	0
6fc772fc4e8848785e598873d0c56246	0	0	0	0	0	0	0	0	0	0	0	0	0	0	0	0	0	2
81f5916bdb0d21c5e89b45ae983e1a44	6	0	0	0	0	0	0	0	0	0	0	0	0	0	0	0	0	0
c7ba660f35611785ed7a4c5d9b9a9889	6	0	0	0	0	0	0	0	0	0	0	0	0	0	0	0	0	0
14553c7f474d07b3840a175923faa437	0	2	0	0	0	0	0	0	0	0	0	0	0	0	0	0	0	0
bac92f498514d314af5845f5edcafe63	0	4	0	0	0	0	0	0	0	0	0	0	0	0	0	0	0	0
486ad99c2b843b97f0ba348a5a406fc7	0	0	0	0	0	0	0	0	0	0	0	0	0	0	0	0	0	0
95a94ab6d2f7fee2aed4e92fa9907aa0	0	0	0	0	0	0	0	0	0	0	0	0	0	0	0	0	0	0
5773fd0e53679dcdab5f8d1ed5b18de6	0	0	0	0	0	0	0	0	0	0	0	0	0	0	0	0	0	0
ce985adea86786627d66e82c5fd4823f	0	0	1	0	0	0	0	0	0	0	0	0	0	0	0	0	0	0
c3be85c2064131a86c74cc10b258253c	0	0	0	0	0	0	0	0	0	0	0	0	0	0	0	0	0	0
5634c695eecd78790d41437cde155b86	0	0	0	0	0	0	0	0	0	0	0	0	0	0	0	0	0	0
2bfa69c08647de8e81fc91d046edb506	0	0	0	0	0	0	0	0	0	0	0	0	0	0	0	0	0	0
416b2e9b54ee0dbc03ee56be8c3916e5	0	0	0	0	0	0	0	0	0	0	0	0	0	0	0	0	0	0
7680321708e8135cb65da9947bc49cd6	0	0	0	0	0	0	0	0	0	0	0	0	0	0	0	0	0	0
bc42701c4bb4ec1ed25db75a990d7974	0	0	1	0	0	0	0	0	0	0	0	0	0	0	0	0	0	0
1d888e6a47fd17d7e41ff93b09efb938	0	0	0	0	0	0	0	0	0	0	0	0	0	0	0	0	0	0
a1c1e81fc168bed1ac1047771db436b5	0	0	0	0	0	0	0	0	0	0	0	0	0	0	0	0	0	0
138d28325cfe714142c1ccd89fee9323	0	0	0	0	0	0	0	0	0	0	0	0	0	0	0	0	0	0
587eb14f215935e311bbeafba08499b6	0	0	0	0	0	0	0	0	0	0	0	0	0	0	0	0	0	0
a4af0c2ed5da4fb0aba642cca41c50a5	0	0	0	0	0	0	0	0	0	0	0	0	0	0	0	0	0	0
a62092542e043956207ddf32f135058a	0	0	0	0	0	0	0	0	0	0	0	0	0	0	0	0	0	0
25b9f3981a4b6a56b9e2a1c99487e497	0	0	1	0	0	0	0	0	0	0	0	0	0	0	0	0	0	0
ad843f5453d1e7a686fdad8372321fe5	0	0	0	0	3	0	0	0	0	0	0	0	0	0	0	0	0	0
6ea9a840eb42cf7bf1c09a51150b35ad	0	0	0	0	0	0	0	0	0	0	0	0	0	0	0	0	0	0
0d537f9646d9e3a371ce4df9aa1268ad	0	0	0	0	0	0	4	0	0	0	0	0	0	0	0	0	0	0
d1523fd216929716992cd5829e483915	0	0	0	0	0	0	0	6	0	0	0	0	0	0	0	0	0	0
186e79c927348d0602ad3f72c7ed15b6	0	0	0	0	0	0	0	0	2	0	0	0	0	0	0	0	0	0
a9a55a1fb56be688e9f595246a2f7ddd	0	0	0	0	0	0	0	0	0	2	0	0	0	0	0	0	0	0
5f81261f694a835cf9c98922f7008742	0	0	0	0	0	0	0	0	0	1	0	0	0	0	0	0	0	0
7604cd612ef3e6f08d432f6095b16bad	0	0	0	0	0	0	0	0	0	1	0	0	0	0	0	0	0	0
6af4bfd2ac546fc1be4f2ee947bf3981	0	0	0	0	0	0	0	0	0	1	0	0	0	0	0	0	0	0
73ed2f3624f469b5b809a0cadd4d0368	0	0	0	0	0	0	0	0	0	2	0	0	0	0	0	0	0	0
f524e0040d91d4be9958e039f27ea584	0	0	0	0	0	0	0	0	0	0	5	0	0	0	0	0	0	0
15fba21d87f5a2b502e5e711cc409834	0	0	0	0	0	0	0	0	0	0	3	0	0	0	0	0	0	0
c6ed62f9ca1240fa7320f4d629cb8aba	0	0	0	0	0	0	0	0	0	0	2	0	0	0	0	0	0	0
402e8f486b6a613740fac57aa973d226	0	0	0	0	0	0	0	0	0	0	0	1	0	0	0	0	0	0
49f1227f9aefdfcb6620e775931339c4	0	0	0	0	0	0	0	0	0	0	0	1	0	0	0	0	0	0
ace38d61989232478d88827f623751af	0	0	0	0	0	0	0	0	0	0	0	4	0	0	0	0	0	0
f953e44be48c005db5029fc1dcf11f4f	0	0	0	0	0	0	0	0	0	0	0	2	0	0	0	0	0	0
426fcdab763a2ea1ea2be40bdbc2f2c8	0	0	0	0	0	0	0	0	0	0	0	0	1	0	0	0	0	0
d8d3d805c6443033d2cce4ea75f94af0	0	0	0	0	0	0	0	0	0	0	0	0	0	0	0	0	0	0
221449ab8e58a8cd678b70ddc50fa89c	0	0	0	0	0	0	0	0	0	0	0	0	2	0	0	0	0	0
c4a56255d6e7500d71e9f7e20d88198b	0	0	0	0	0	0	0	0	0	0	0	0	0	6	0	0	0	0
778698c7cdb13de63e68ac3ca5e1fae9	0	0	0	0	0	0	0	0	0	0	0	0	0	0	0	0	0	1
f545c1018cb81431393a3d09181f69df	0	0	0	0	0	0	0	0	0	0	0	0	0	0	3	0	0	0
498536b3bd14d981db60a9b7c8579970	0	0	0	0	0	0	0	0	0	0	0	0	0	0	0	0	0	0
6881d72efc358b5a4b6c5370bca48748	0	0	0	0	0	0	0	0	0	0	0	0	0	0	0	3	0	0
9a628772665bc81a7dbabffaa0189596	0	0	0	0	0	0	0	0	0	0	0	0	0	0	0	0	6	0
3467688ade34b9fa368ea53e685ca57f	0	0	0	0	0	0	0	0	0	0	0	0	0	0	0	0	4	0
951ff7a679bd769f039acbd2c6f9a144	5	0	0	0	0	0	0	0	0	0	0	0	0	0	0	0	0	0
9b94c5783e6f856e1e99c811eba2edff	2	0	0	2	0	0	0	0	0	0	0	0	0	0	0	0	0	0
eaca0c6a8826a4659bdbc18090889399	0	1	0	0	0	0	0	0	0	0	0	0	0	0	0	0	0	0
11fa22f474b116edf298554c94ee7e31	0	0	0	0	0	0	0	0	0	0	0	0	0	0	0	0	0	0
eb539c742672ef19b5b2357d6b75cc46	0	2	0	0	0	0	0	0	0	0	0	0	0	0	0	0	0	0
d0e19fb988f05b206591cbe9a131e0af	0	3	0	0	0	0	0	0	0	0	0	0	0	0	0	0	0	0
2143062ec8a8f2fd7ca8ac94bd26f696	0	1	0	0	0	0	0	0	0	0	0	0	0	0	0	0	0	0
d5f014360703922c9686f8e6eea08067	0	0	0	0	0	0	0	0	0	0	0	0	0	0	0	0	0	0
59a8f30220832b6032550beb1ce3b21d	0	0	0	0	0	0	0	0	0	0	0	0	0	0	0	0	0	0
6030693ca2dd79f01fd9c62e839df891	0	0	0	0	0	0	0	0	0	0	0	0	0	0	0	0	0	0
4f3a3329484131e8fb3f45b1b6b814f5	0	0	0	0	0	0	0	0	0	0	0	0	0	0	0	0	0	0
46a60b54f24bdbafd31da46bca9f58e1	0	0	0	0	0	0	0	0	0	0	0	0	0	0	0	0	0	0
2989ff081d9fd3e7ca36321dd792cadd	0	0	0	0	0	0	0	0	0	0	0	0	0	0	0	0	0	0
0b4389e94603a107c4c82ccbda33e901	0	0	0	0	0	0	0	0	0	0	0	0	0	0	0	0	0	0
f5587e041de0bdb615988f4a0a050347	0	0	0	0	0	0	0	0	0	0	0	0	0	0	0	0	0	0
a53abfbce2cf00a3808675213cc547f4	0	0	1	0	0	0	0	0	0	0	0	0	0	0	0	0	0	0
2929f11e1acd6e648edd5ab51c741f1b	0	0	0	0	0	0	0	0	0	0	0	0	0	0	0	0	0	0
943a12a77e7827f20fdbcca6792b01d3	0	0	0	0	0	0	0	0	0	0	0	0	0	0	0	0	0	0
6b16e5ba3544cc0bab8824594e58ff4f	0	0	0	0	0	0	0	0	0	0	0	0	0	0	0	0	0	0
8a99342a25a78700977a2e6c88714feb	0	0	1	0	0	0	0	0	0	0	0	0	0	0	0	0	0	0
dcede7c596dc4619f84ec0cbef7880c4	0	0	0	0	0	0	0	0	0	0	0	0	0	0	0	0	0	0
287bd5a17028c8bac54c5cd994883aea	0	0	0	0	0	0	0	0	0	0	0	0	0	0	0	0	0	0
26b959a2c1f21a104be1b28eaca80925	0	0	0	4	0	0	0	0	0	0	0	0	0	0	0	0	0	0
543eb80e3cfcac7c5c87cb9f33f59e90	0	0	0	4	0	0	0	0	0	0	0	0	0	0	0	0	0	0
a7b8fc69bbcddd0f1942e4e5ab8a444f	0	0	0	0	0	1	0	0	0	0	0	0	0	0	0	0	0	0
0fc99fcf59e3a974174f9a61922f749e	0	0	0	0	0	2	0	0	0	0	0	0	0	0	0	0	0	0
739982cfcabeadbce36f6159f241b39d	0	0	0	0	0	0	0	0	4	0	0	0	0	0	0	0	0	0
991285cfa08c6c6c19d14fbc98699143	0	0	0	0	0	0	0	0	0	1	0	0	0	0	0	0	0	0
0f98221e56c127d86ab4136cdadbf210	0	0	0	0	0	0	0	0	0	1	0	0	0	0	0	0	0	0
c7cf72f4d92756d6b80ebfef215da18e	0	0	0	0	0	0	0	0	0	1	0	0	0	0	0	0	0	0
ec2fcbd1ca447a32bf50e514dc702c5f	0	0	0	0	0	0	0	0	0	0	0	0	0	0	0	0	0	0
d59c8251cda818d9a9d9ecc4a6cac8da	0	0	0	0	0	0	0	0	0	3	0	0	0	0	0	0	0	0
0bb9c1b828dfb15236748d88feb0908d	0	0	0	0	0	0	0	0	0	2	0	0	0	0	0	0	0	0
f04316ce3aa8346055a489fc2f7b0686	0	0	0	0	0	0	0	0	0	0	1	0	0	0	0	0	0	0
7f0ebf7c0038ba825d218ef89fe72fc2	0	0	0	0	0	0	0	0	0	0	3	0	0	0	0	0	0	0
ef5a0db374c5394329a87d18d1c06ddd	0	0	0	0	0	0	0	0	0	0	0	0	0	0	0	0	0	0
fef0d4e7a39670c622dad123f907c68a	0	0	0	0	0	0	0	0	0	0	0	1	0	0	0	0	0	0
a5e1c26a4625fad326cd54e6db33dd69	0	0	0	0	0	0	0	0	0	0	0	0	4	0	0	0	0	0
73f9dd678fb5946ccdac06cf58f61bc1	0	0	0	0	0	0	0	0	0	0	0	0	2	0	0	0	0	0
99e4aa3ccb67b542ce1828d7419f462c	0	0	0	0	0	0	0	0	0	0	0	0	1	0	0	0	0	0
3e31a1dfa65f19ce8135510ff51c62d6	0	0	0	0	0	0	0	0	0	0	0	0	0	0	0	0	0	0
06797ad8a0c4d287bff1934672679e9b	0	0	0	0	0	0	0	0	0	0	0	0	2	0	0	0	0	0
15b960e44075ffb2b1f3ae5b385658b7	0	0	0	0	0	0	0	0	0	0	0	0	0	3	0	0	0	0
2eb6910b0b650bfd4e2c9c685b866533	0	0	0	0	0	0	0	0	0	0	0	0	0	0	0	5	0	0
ac3ff154345ee4f7e4ad267ecd05577c	0	0	0	0	0	0	0	0	0	0	0	0	0	0	0	0	4	0
11dffe4958376632ae3dec25475adf8a	3	0	0	0	0	0	0	0	0	0	0	0	0	0	0	0	0	0
c350e47bc92c94596d129d699f67600a	4	0	0	0	0	0	0	0	0	0	0	0	0	0	0	0	0	0
7e0b3b515007078b82b79dd8bcae9c66	4	0	0	0	0	0	0	0	0	0	0	0	0	0	0	0	0	0
bc63cc524b5ec2e4d397c2a9e47ceeb2	4	0	0	0	0	0	0	0	0	0	0	0	0	0	0	0	0	0
bd4eb3435463890309c46dda9106526f	4	0	0	0	0	0	0	0	0	0	0	0	0	0	0	0	0	0
5b80551b97d8f24f7a6213fd1084376a	0	4	0	0	0	0	0	0	0	0	0	0	0	0	0	0	0	0
49ebbd80c26d9b2177483475a03d01a9	0	2	0	0	0	0	0	0	0	0	0	0	0	0	0	0	0	0
6efd559b2d8c0ab107f410493446b2af	0	1	0	0	0	0	0	0	0	0	0	0	0	0	0	0	0	0
2edbdd435ee0f2c7e6484a496c97a634	0	0	0	0	0	0	0	0	0	0	0	0	0	0	0	0	0	0
18a9dea54012caf2e02b7060376cac3f	0	1	0	0	0	0	0	0	0	0	0	0	0	0	0	0	0	0
5b200f119548afb79a11fe3eb84ef038	0	0	0	0	0	0	0	0	0	0	0	0	0	0	0	0	0	0
82faf0210473c4f34497021b61d65f49	0	1	0	0	0	0	0	0	0	0	0	0	0	0	0	0	0	0
cce84b1346d67832fe2822293b7b6bf0	0	2	0	0	0	0	0	0	0	0	0	0	0	0	0	0	0	0
8b2364fa793cfb4ccc1c0d9432134d0d	0	4	0	0	0	0	0	0	0	0	0	0	0	0	0	0	0	0
3ae5d795615d20c0074d89688b1ebb8c	0	2	0	0	0	0	0	0	0	0	0	0	0	0	0	0	0	0
8dac64215822623d65993e2cd6569490	0	0	0	0	0	0	0	0	0	0	0	0	0	0	0	0	0	0
37917553bc654668ee5d5d6410cfdea1	0	0	0	0	0	0	0	0	0	0	0	0	0	0	0	0	0	0
f633d7fcddaa5a3989a2cc3d0612f4ae	0	0	0	0	0	0	0	0	0	0	0	0	0	0	0	0	0	0
43b3d52c5e89caae93e5088d98b338b1	0	0	0	0	0	0	0	0	0	0	0	0	0	0	0	0	0	0
262434a258a893b1e425f20fc683f6c4	0	0	0	0	0	0	0	0	0	0	0	0	0	0	0	0	0	0
4377f5b6fdcc6910f8dd93a1f31e29e9	0	0	0	0	0	0	0	0	0	0	0	0	0	0	0	0	0	0
bba159d18e97dfb7c2f459a08e82440c	0	0	0	0	0	0	0	0	0	0	0	0	0	0	0	0	0	0
6efdf24705098f05e1acec9a5d4e720e	0	0	0	0	0	0	0	0	0	0	0	0	0	0	0	0	0	0
17ab78cbded8eac2062e506730676617	0	0	0	0	0	0	0	0	0	0	0	0	0	0	0	0	0	0
10096bd6491df3420eed8df42c9c842d	0	0	2	0	0	0	0	0	0	0	0	0	0	0	0	0	0	0
4985106ebb76a505757df8e8cdb7931d	0	0	0	0	0	0	0	0	0	0	0	0	0	0	0	0	0	0
8347c741a86b7cb699483caba7213f33	0	0	1	0	0	0	0	0	0	0	0	0	0	0	0	0	0	0
16b559ac13d0b5449b971decc93a97ad	0	0	0	0	0	0	0	0	0	0	0	0	0	0	0	0	0	0
050af947b65ef909fbab06b9af8cb72e	0	0	0	2	0	0	0	0	0	0	0	0	0	0	0	0	0	0
c72b6dc3933805c035db13ca62fec701	0	0	0	3	0	0	0	0	0	0	0	0	0	0	0	0	0	0
482e1e8336517e616fc29ba7847e3b69	0	0	0	0	0	0	0	0	4	0	0	0	0	0	0	0	0	0
8adcb135c82d975c4dc3f9fd0d418498	0	0	0	0	0	0	0	0	4	0	0	0	0	0	0	0	0	0
ddd539308ab9b248fffece6792f40246	0	0	0	0	0	0	0	0	0	0	0	0	0	0	0	0	0	0
bd2c4499b9f735f10664f64bc2e3ada9	0	0	0	0	0	0	0	0	0	1	0	0	0	0	0	0	0	0
e1b1d0920fd857a8f4229d1e8c5f1d97	0	0	0	0	0	0	0	0	0	2	0	0	0	0	0	0	0	0
559f03c7379c3b7b0872af233f98a64a	0	0	0	0	0	0	0	0	0	0	3	0	0	0	0	0	0	0
330fecfeae4062b262b1fd8e8c03f0e4	0	0	0	0	0	0	0	0	0	0	0	0	0	0	0	0	0	0
d027e9f407b184da937680a6bdcd93c7	0	0	0	0	0	0	0	0	0	0	2	0	0	0	0	0	0	0
2f40acb9a079fd8d80a44274497029a4	0	0	0	0	0	0	0	0	0	0	0	1	0	0	0	0	0	0
f5aff5e9e7b48f38337480486807d7c0	0	0	0	0	0	0	0	0	0	0	0	0	0	0	0	0	0	0
69934c3a44b7444cb5848c7295bce4f8	0	0	0	0	0	0	0	0	0	0	0	0	2	0	0	0	0	0
c456fc88fa59ed1708fb03339abb8723	0	0	0	0	0	0	0	0	0	0	0	0	1	0	0	0	0	0
2590cfd5083429d9c8c71839b80113de	0	0	0	0	0	0	0	0	0	0	0	0	1	0	0	0	0	0
9510191c5c1e594cde4582b1044635fd	0	0	0	0	0	0	0	0	0	0	0	0	1	0	0	0	0	0
36a2fd4acd8d29abe2a74aab3f7af099	0	0	0	0	0	0	0	0	0	0	0	0	2	0	0	0	0	0
dc33e976ccde4624395469d8b2b068f5	0	0	0	0	0	0	0	0	0	0	0	0	1	0	0	0	0	0
0a1ced113d7160db7cf8ae56d5091c8c	0	0	0	0	0	0	0	0	0	0	0	0	3	0	0	0	0	0
0fe41ded59da6c6f8181f7e3d42b76a2	0	0	0	0	0	0	0	0	0	0	0	0	0	0	0	0	0	0
deb220ba09710cefce45ebfc1bfb7c4f	0	0	0	0	0	0	0	0	0	0	0	0	0	2	0	0	0	0
2ad84b63fa925ffb3fb35c17060b8003	0	0	0	0	0	0	0	0	0	0	0	0	0	0	0	0	0	0
3a5f3bc86010e472dfdbcd3776c69856	0	0	0	0	0	0	0	0	0	0	0	0	0	1	0	0	0	0
875b0dd2c7b3af0269622dd051d0ff33	0	0	0	0	0	0	0	0	0	0	0	0	0	1	0	0	0	0
a14f6726f2f981a1a0b34f9a9905314c	0	0	0	0	0	0	0	0	0	0	0	0	0	2	0	0	0	0
8b857dcf8ef8a25d65ab22dab049bf61	0	0	0	0	0	0	0	0	0	0	0	0	0	0	1	0	0	0
ae0dc1ca4f4c186d3c20509617dd063b	0	0	0	0	0	0	0	0	0	0	0	0	0	0	1	0	0	0
e8f5d25d93dba75bb070e6260668bf25	0	0	0	0	0	0	0	0	0	0	0	0	0	0	0	3	0	0
fabdf72b0b4a7ce06a6de930c51ea2f7	0	0	0	0	0	0	0	0	0	0	0	0	0	0	0	0	0	3
23f1f1e137245714a65191f2d1b94bb1	0	0	0	0	0	0	0	0	0	0	0	0	0	0	0	0	0	3
648fec0fdc5b95d53ece69f18c4bccae	3	0	0	0	0	0	0	0	0	0	0	0	0	0	0	0	0	0
bdfb072a858f81ba465ee303e3a383de	3	0	0	0	0	0	0	0	0	0	0	0	0	0	0	0	0	0
7433973512134989b0eab96b3c14e9c5	3	0	0	0	0	0	0	0	0	0	0	0	0	0	0	0	0	0
0904ee1e77a4a6cfd16c8e7d180010b8	0	1	0	0	0	0	0	0	0	0	0	0	0	0	0	0	0	0
e8058b396dd638e53f1af18b92e36a40	0	1	0	0	0	0	0	0	0	0	0	0	0	0	0	0	0	0
d2808475c7675d707bb31271edef43c5	0	0	0	0	0	0	0	0	0	0	0	0	0	0	0	0	0	0
8ff92cd28e707fca8f200a2556c2879b	0	1	0	0	0	0	0	0	0	0	0	0	0	0	0	0	0	0
995cec1a62dcd40678771552841f1119	0	2	0	0	0	0	0	0	0	0	0	0	0	0	0	0	0	0
68e19702628bdc724ef6cbd841deed7e	0	0	0	0	0	0	0	0	0	0	0	0	0	0	0	0	0	0
6ae54c575813b82176943b31d65af8e3	0	0	0	0	0	0	0	0	0	0	0	0	0	0	0	0	0	0
33f51077e3d84a073c8529879ffa8b75	0	0	0	0	0	0	0	0	0	0	0	0	0	0	0	0	0	0
731ce134c13aec6eb6d3e22dd3eb432d	0	0	0	0	0	0	0	0	0	0	0	0	0	0	0	0	0	0
f30e3a318800d8fc5d8030b96d226e0f	0	0	0	0	0	0	0	0	0	0	0	0	0	0	0	0	0	0
bbc266e02cfed46bea3c8a56b4cc34f8	0	0	0	0	0	0	0	0	0	0	0	0	0	0	0	0	0	0
e98f4cddd955867d8860075e597989d9	0	0	0	0	0	0	0	0	0	0	0	0	0	0	0	0	0	0
72d6d6d179360d8e669de5aac51deaa8	0	0	0	0	0	0	0	0	0	0	0	0	0	0	0	0	0	0
f109ecef5737411a709fc0d499ede4ff	0	0	1	0	0	0	0	0	0	0	0	0	0	0	0	0	0	0
74a398edff63182d3d35adde046ce3ad	0	0	0	0	0	0	0	0	0	0	0	0	0	0	0	0	0	0
6bfebf13e01b27c71a74d768c9a765f6	0	0	0	0	0	0	0	0	0	0	0	0	0	0	0	0	0	0
e48462c1255086d3a03ac56d138a9cdf	0	0	0	0	0	0	0	0	0	0	0	0	0	0	0	0	0	0
f21bf02d5b24aa31ce2f4ad65eb08ff1	0	0	0	0	0	0	0	0	0	0	0	0	0	0	0	0	0	0
385b52ac640a48081ec4320a8bd14c5d	0	0	0	0	0	0	0	0	0	0	0	0	0	0	0	0	0	0
2d91b4c8d4eebde409989f1d097d87b4	0	0	0	2	0	0	0	0	0	0	0	0	0	0	0	0	0	0
65fc63a056ef7ee665c562810b68b2d9	0	0	0	3	0	0	0	0	0	0	0	0	0	0	0	0	0	0
0384205683f3228368f379aeae8005c7	0	0	0	0	0	1	0	0	0	0	0	0	0	0	0	0	0	0
0710514b28707e201175bedd6275d70b	0	0	0	0	0	0	0	0	0	0	0	0	0	0	0	0	0	0
2847173f17a2b9d81a7a473087aa4b83	0	0	0	0	0	0	0	0	0	1	0	0	0	0	0	0	0	0
24fa70ca48668d69ca7269a3b6248516	0	0	0	0	0	0	0	0	0	1	0	0	0	0	0	0	0	0
6b2240e1ab5bc679b3fedcfcedf0f2fb	0	0	0	0	0	0	0	0	0	0	0	0	0	0	0	0	0	0
d8a63f64b3afdf386d149b007c5aa13e	0	0	0	0	0	0	0	0	0	0	1	0	0	0	0	0	0	0
e4a43baf68bb7f485299b9e6f87becbe	0	0	0	0	0	0	0	0	0	0	2	0	0	0	0	0	0	0
2eb8ebfcaf7492d3828012dbd6393aa6	0	0	0	0	0	0	0	0	0	0	1	0	0	0	0	0	0	0
18954b7cbdbb7cc7dbec08c26ae4f699	0	0	0	0	0	0	0	0	0	0	0	0	0	0	0	0	0	0
f4c161f3acfb3f56bf9627c09dfc9641	0	0	0	0	0	0	0	0	0	0	0	0	0	0	0	0	0	0
369f37f1ac52d6c543e9e197ae5ed950	0	0	0	0	0	0	0	0	0	0	0	1	0	0	0	0	0	0
79eafdf219a68ab8ede067232459bbed	0	0	0	0	0	0	0	0	0	0	0	0	0	0	0	0	0	0
2998922c9480be90ac708d19a772f630	0	0	0	0	0	0	0	0	0	0	0	0	2	0	0	0	0	0
62a03c5b861feb09c9903aa7105a5f64	0	0	0	0	0	0	0	0	0	0	0	0	1	0	0	0	0	0
275ff975ca2bb32e7bb4d7af335e2bd6	0	0	0	0	0	0	0	0	0	0	0	0	2	0	0	0	0	0
2499c7f7afc7924819f036e8f27d4715	0	0	0	0	0	0	0	0	0	0	0	0	1	0	0	0	0	0
e11ebb54dafd915e9384bd21cff3647d	0	0	0	0	0	0	0	0	0	0	0	0	0	3	0	0	0	0
b69a6e7084f06f1e83ec3f0e3c1e7b1d	0	0	0	0	0	0	0	0	0	0	0	0	0	1	0	0	0	0
d081a6247a7098718cf6164c2a77b098	0	0	0	0	0	0	0	0	0	0	0	0	0	2	0	0	0	0
c7e6f050e96d3bf718e0625d3f715217	0	0	0	0	0	0	0	0	0	0	0	0	0	1	0	0	0	0
3b371af73c0eac9cecfa3869fc391f0a	0	0	0	0	0	0	0	0	0	0	0	0	0	1	0	0	0	0
bb1349b841dabe8a6c0501858436528a	0	0	0	0	0	0	0	0	0	0	0	0	0	3	0	0	0	0
b7f29cdfb8344ae35f710e0a95e1d848	0	0	0	0	0	0	0	0	0	0	0	0	0	1	0	0	0	0
7219d6dfadb6a9d1bca0ab04f86288ea	0	0	0	0	0	0	0	0	0	0	0	0	0	0	1	0	0	0
75ccc51b4bb0601fb7609b99a1704bd4	0	0	0	0	0	0	0	0	0	0	0	0	0	0	0	0	0	0
4cb0801cd9e0ce675757983c3e9a55bb	0	0	0	0	0	0	0	0	0	0	0	0	0	0	0	0	3	0
da58a265644c65402ae6471f8cdd9278	0	0	0	0	0	0	0	0	0	0	0	0	0	0	0	0	0	2
f2693c728c54936952e1b418c76d58e8	0	0	0	0	0	0	0	0	0	0	0	0	0	0	0	0	0	2
4b2b3110cc4dbe32f60a8f63195d9d7d	0	2	0	0	0	0	0	0	0	0	0	0	0	0	0	0	0	0
290aa52b901ab343684a6c4412a8bac1	0	0	0	0	0	0	0	0	0	0	0	0	0	0	0	0	0	0
cacea2c18c66060a6afab08cdb7a7d9a	0	0	0	0	0	0	0	0	0	0	0	0	0	0	0	0	0	0
da2a5abdfa5c759628f09b1768d4ae67	0	0	0	0	0	0	0	0	0	0	0	0	0	0	0	0	0	0
baf68c450dc610a57dd3b9a41f21acbd	0	0	0	0	0	0	0	0	0	0	0	0	0	0	0	0	0	0
dccf1bc28df8d43b6f5f2d975eede312	0	0	1	0	0	0	0	0	0	0	0	0	0	0	0	0	0	0
26e68676c267b2adeb25ef9f46282ba0	0	0	0	0	0	0	0	0	0	0	0	0	0	0	0	0	0	0
0092a16d3f213f48011c41e05b7b20cf	0	0	0	0	0	0	0	0	0	0	0	0	0	0	0	0	0	0
49bfc957461ec8602017c02065d52bc0	0	0	0	0	0	0	0	0	0	0	0	0	0	0	0	0	0	0
0e8ab54ae73a8acdfc98f8c13f6235ce	0	0	0	0	0	0	0	0	0	0	0	0	0	0	0	0	0	0
5b1d5d7d2872da0877cdcc6e34f63234	0	0	0	0	0	0	0	0	0	0	0	0	0	0	0	0	0	0
6131556ae0c12d29760498bf991c07dd	0	0	0	1	0	0	0	0	0	0	0	0	0	0	0	0	0	0
0c3605713cd51eb531275edb740acba3	0	0	0	2	0	0	0	0	0	0	0	0	0	0	0	0	0	0
e1daa92d8ff8dbdaef5dcdf4e6fa7f84	0	0	0	1	0	0	0	0	0	0	0	0	0	0	0	0	0	0
d5bab5c3529cc502d8a30d31f1656c18	0	0	0	2	0	0	0	0	0	0	0	0	0	0	0	0	0	0
6575f806d1df0122c3c4f7c9c64e5223	0	0	0	0	2	0	0	0	0	0	0	0	0	0	0	0	0	0
80eed24d4d53a2af2a300f3065e31bae	0	0	0	0	0	0	0	0	0	0	0	0	0	0	0	0	0	0
ea2459ac5077c5d4aaad389d3d6fdec1	0	0	0	0	0	0	1	0	0	0	0	0	0	0	0	0	0	0
315668fcd1453f05ef52f9dc1ef86882	0	0	0	0	0	0	0	0	2	0	0	0	0	0	0	0	0	0
d1d36aeebc2b74cfe09dac800ab53e56	0	0	0	0	0	0	0	0	0	0	0	0	0	0	0	0	0	0
61e87c3b42bed1fda2a322fb376b4d4c	0	0	0	0	0	0	0	0	0	0	0	0	0	0	0	0	0	0
e895b9049c9d4da5b6096546819ccf5f	0	0	0	0	0	0	0	0	0	0	0	0	0	0	0	0	0	0
cf639ac90b5ff9c2ce5da4647db7bded	0	0	0	0	0	0	0	0	0	1	0	0	0	0	0	0	0	0
1072b3b63d22d1bd54d34f8609588fbe	0	0	0	0	0	0	0	0	0	0	1	0	0	0	0	0	0	0
bc3002d6406bae633e1eeb06999cb8b1	0	0	0	0	0	0	0	0	0	0	2	0	0	0	0	0	0	0
ee199fa3f266b9173062f1d6c7da6c31	0	0	0	0	0	0	0	0	0	0	0	0	0	0	0	0	0	0
66f03c92e79dc3db2f4b63d683b5f15a	0	0	0	0	0	0	0	0	0	0	0	0	0	0	0	0	0	0
e4e4e6834944ca65c58fd7f920f715a3	0	0	0	0	0	0	0	0	0	0	0	0	0	0	0	0	0	0
6e9189e1f021151ee4d202847c4640a4	0	0	0	0	0	0	0	0	0	0	0	0	0	0	0	0	0	0
bc4dca89270380ed679fb6af7a96ead4	0	0	0	0	0	0	0	0	0	0	0	0	0	0	0	0	0	0
9619d1815a1aba77765ed8d939921be4	0	0	0	0	0	0	0	0	0	0	0	0	0	0	0	0	0	0
98fdcc20a396df90db066278b1c71822	0	0	0	0	0	0	0	0	0	0	0	0	1	0	0	0	0	0
2ebd04ecc1a313ede15c2a7766c129b5	0	0	0	0	0	0	0	0	0	0	0	0	0	0	0	0	0	0
0d4612a8f026aabac3c29eceac89bd38	0	0	0	0	0	0	0	0	0	0	0	0	0	1	0	0	0	0
be711e4d142fc930b478a7f5ff49dd8c	0	0	0	0	0	0	0	0	0	0	0	0	0	2	0	0	0	0
a440801d6aa738d0c7e28c5287e98cf6	0	0	0	0	0	0	0	0	0	0	0	0	0	1	0	0	0	0
e7eef01f91255d9d958f86b1c75976d9	0	0	0	0	0	0	0	0	0	0	0	0	0	1	0	0	0	0
4c377b6f7de2e613e511444db40620f8	0	0	0	0	0	0	0	0	0	0	0	0	0	1	0	0	0	0
f3b5a2a98f93101678b362f1fe6e3b5d	0	0	0	0	0	0	0	0	0	0	0	0	0	1	0	0	0	0
a5e0587b5864cfc666ed0b4c3aaccc07	0	0	0	0	0	0	0	0	0	0	0	0	0	1	0	0	0	0
cac1a8593fe9ef9e5aabd5f2b4177542	0	0	0	0	0	0	0	0	0	0	0	0	0	1	0	0	0	0
ae239074c389b7c53f0521f826bae7f1	0	0	0	0	0	0	0	0	0	0	0	0	0	0	0	0	0	0
29fb60f34fd26ef4ebcf9600dd417a89	0	0	0	0	0	0	0	0	0	0	0	0	0	0	0	0	0	0
8424ba638d1a0e7c9ca565eeb7b7d7b5	0	0	0	0	0	0	0	0	0	0	0	0	0	0	0	0	0	0
078b6d7976a84e475add5b7a5312bcbe	0	0	0	0	0	0	0	0	0	0	0	0	0	0	0	0	2	0
